{"type":"FeatureCollection","features":[{"type":"Feature","properties":{"name":"Abra","psgc":"140100000","island_group":"luzon"},"geometry":{"type":"Polygon","coordinates":[[[121.11067267300007,17.684892269000045],[120.91189962700003,17.24891692500006],[120.80474638400005,17.17126978500005],[120.49781832400004,17.625130266000042],[120.93125998500011,17.973635974000047],[121.11067267300007,17.684892269000045]]]}},{"type":"Feature","properties":{"name":"Agusan del Norte","psgc":"160200000","island_group":"mindanao"},"geometry":{"type":"Polygon","coordinates":[[[125.74861908000003,9.326040268000042],[125.74353027300003,9.317549705000033],[125.74492488300007,9.285805789000051],[125.75296437800012,9.26828224600007],[125.75605011100004,9.230010033000042],[125.76750946100003,9.163619995000033],[125.76560211200001,9.152389526000036],[125.74514418900003,9.072183168000038],[125.73561859100005,9.048310280000067],[125.69400024400011,8.978969573000029],[125.69886028500002,8.959566105000022],[125.69409436100011,8.948006512000063],[125.67726521000009,8.937432272000024],[125.66619239500005,8.939185974000054],[125.66214174100003,8.924599879000027],[125.63598734600009,8.897580467000068],[125.63428216400007,8.889505975000077],[125.638761412,8.847520701000064],[125.6488293650001,8.84734656300003],[125.64828626400003,8.821016821000057],[125.66239171400002,8.757395218000056],[125.67393507000008,8.732986266000069],[125.66666469100005,8.733072826000068],[125.66941123000004,8.701482917000021],[125.63369676800005,8.699603330000059],[125.57265178000011,8.69934068200007],[125.5638662770001,8.697590631000025],[125.51534802600008,8.698628262000057],[125.48702008400005,8.710197468000047],[125.47463132100006,8.708495674000062],[125.47370484900011,8.727406363000057],[125.45698572900005,8.726691653000046],[125.45696542300004,8.740408046000027],[125.31529888400007,8.742335534000063],[125.29130413000007,8.733330907000038],[125.28176417000009,8.740742736000072],[125.25203494700008,8.729499839000027],[125.23964481000007,8.719439959000056],[125.23621368400006,8.784649849000061],[125.24062347400002,8.820469856000045],[125.24109649800005,8.840640068000027],[125.26259864700012,8.842400689000044],[125.25342421900007,8.852864638000028],[125.25092495400008,8.873843862000058],[125.24503277200006,8.885747643000059],[125.23687278900002,8.892312037000067],[125.22140040500005,8.921750022000026],[125.23122286900002,8.944712414000037],[125.22444407900002,8.967542601000048],[125.22664734200009,8.98376136500002],[125.2381393180001,8.987511528000027],[125.23081512700003,9.015114317000041],[125.21767746800003,9.030473781000069],[125.20772470700001,9.09365308100007],[125.21806796400006,9.089728010000044],[125.22173433800003,9.06575954300007],[125.23693614400008,9.04198542000006],[125.23683806800011,9.031212351000022],[125.25541461300008,9.02049106800007],[125.25811372300006,9.012725793000072],[125.2787188530001,8.993020672000057],[125.28769761500007,8.989961494000056],[125.31183818500006,8.992450353000038],[125.33862736000003,8.989532028000042],[125.35877985000002,8.992606230000035],[125.37498892700012,8.982295481000051],[125.40451587300004,8.983337365000068],[125.4172606940001,8.97711531300007],[125.42981770400002,8.975898015000041],[125.45725121300006,8.989601744000026],[125.47932774500009,8.996892527000057],[125.5031856390001,9.010501992000059],[125.5236220060001,9.01130258400002],[125.51151923600003,9.028005551000035],[125.52028891200007,9.038829399000065],[125.5323571450001,9.061472468000034],[125.5359555340001,9.07850006700005],[125.533141064,9.091498194000053],[125.52254059400002,9.119630142000062],[125.52481371100009,9.129533220000042],[125.51970895800002,9.141765253000074],[125.51932406600008,9.161508927000057],[125.5286813570001,9.179242346000024],[125.5305590700001,9.193829265000034],[125.52307540600009,9.200470795000058],[125.52179647100002,9.218582927000057],[125.51192928000012,9.225889995000045],[125.5143913490001,9.237094804000037],[125.50511006700003,9.244153610000069],[125.50911288400005,9.270294852000063],[125.5054480340001,9.278752175000022],[125.50358496400008,9.301676764000035],[125.49731627400001,9.306151414000055],[125.49090848600008,9.335903336000058],[125.48265834100005,9.353040664000048],[125.4699401900001,9.361103569000022],[125.4663691290001,9.381440405000035],[125.46114865100003,9.384476723000034],[125.46363600900008,9.39948718900007],[125.46067176600002,9.417070761000048],[125.45034012800011,9.421482086000026],[125.45334763300002,9.439441353000063],[125.4857359130001,9.454060698000035],[125.49186344200007,9.435357004000025],[125.48970279000002,9.429754982000077],[125.49860786900001,9.414133424000056],[125.50340056800007,9.384902241000077],[125.51157105000004,9.367547696000031],[125.52212907900002,9.32939608700002],[125.53025172800005,9.326819513000032],[125.53013968500011,9.342032502000052],[125.53567153200004,9.358360498000025],[125.54589379100003,9.35889571100006],[125.54667402300004,9.36894012700003],[125.55561902000011,9.372964102000026],[125.55973122500006,9.389508291000027],[125.54577816500012,9.397850232000053],[125.5450214010001,9.405621],[125.55515364400003,9.417493533000027],[125.55752910900003,9.426048927000068],[125.55014838800003,9.436342868000054],[125.55035383500001,9.455247479000036],[125.55367266100006,9.46576910300007],[125.58885829400003,9.457925490000036],[125.60279083300009,9.453109742000038],[125.70017242400002,9.429679871000076],[125.72396087600009,9.41349029600002],[125.74294281000005,9.386569977000022],[125.74861908000003,9.326040268000042]]]}},{"type":"Feature","properties":{"name":"Agusan del Sur","psgc":"160300000","island_group":"mindanao"},"geometry":{"type":"Polygon","coordinates":[[[126.22779055100011,8.000190630000077],[126.20766344900005,7.985745608000059],[126.17839152800002,7.987314421000065],[126.16843204600002,7.981062429000076],[126.15782097100009,7.990592368000023],[126.14326147700001,7.994951053000023],[126.11269120100008,7.982457178000061],[126.09778320300006,7.971740013000044],[126.07292436000012,7.957943758000056],[126.06850436600007,7.958980761000021],[126.0579969800001,7.943641297000056],[126.04489698100008,7.932641297000032],[126.03329698000005,7.931941297000037],[126.00489698100012,7.94774129700005],[125.99499698000011,7.958441297000036],[125.9850969800001,7.977341296000077],[125.98004201100002,7.998677944000065],[125.92931985100006,7.998711933000038],[125.91149100100006,7.999984],[125.90919419600004,7.986185414000033],[125.9175223090001,7.964770265000027],[125.91157365600009,7.948114038000028],[125.9008660830001,7.930862946000047],[125.88730315500004,7.93121986500006],[125.87623866000001,7.936216733000037],[125.8634771720001,7.947843498000054],[125.85149226600004,7.967149726000059],[125.80568764200007,7.970124052000074],[125.7984302860001,7.956918044000076],[125.78558119600007,7.948708904000057],[125.77558746000011,7.951921175000052],[125.76773523800011,7.966554861000077],[125.7522891100001,7.983229664000021],[125.75254004100009,7.998480444000052],[125.66104503500003,7.998152495000056],[125.37938892500006,8.003247176000059],[125.37505743800011,8.014980926000021],[125.37895373100002,8.025505094000039],[125.37992309300012,8.042899480000074],[125.393454,8.043015],[125.3939580010001,8.056053],[125.405604,8.066601],[125.405628,8.076177],[125.43694530500011,8.08588566800006],[125.44021979400009,8.092841855000074],[125.43515705400011,8.10919805800006],[125.42703085700009,8.12066448400003],[125.41582372800008,8.123634087000028],[125.41592675600009,8.132355116000042],[125.40749535000009,8.146906683000054],[125.38380922100009,8.179686149000077],[125.36827841000002,8.18486486200004],[125.36461212000006,8.196563711000067],[125.36471556900005,8.217653674000076],[125.34678330500003,8.232364682000025],[125.34249430300008,8.253409300000044],[125.3398775820001,8.284365215000037],[125.33153926800003,8.29725187400004],[125.31900523900003,8.302095398000063],[125.308692973,8.311562027000036],[125.30057395500012,8.329203108000058],[125.28975034500002,8.335108826000067],[125.27508000000012,8.354652],[125.277643,8.369209],[125.275266955,8.390871314000037],[125.2837343330001,8.42253622800007],[125.279481,8.435162],[125.266307,8.438375],[125.257284,8.454254],[125.24756096900012,8.478069553000068],[125.25160620600002,8.512690123000027],[125.25254272100005,8.551628289000064],[125.2494712460001,8.556958372000054],[125.26060613800007,8.579006866000043],[125.24264004300005,8.581126923000056],[125.17110421600012,8.582282192000037],[125.18227003400011,8.594165664000059],[125.18775357100003,8.611918783000021],[125.1933850050001,8.61971369400004],[125.22644761300012,8.646580223000058],[125.23002668300012,8.657100167000067],[125.23816320300011,8.659969919000048],[125.24017963100005,8.668428995000056],[125.23964481000007,8.719439959000056],[125.25203494700008,8.729499839000027],[125.28176417000009,8.740742736000072],[125.29130413000007,8.733330907000038],[125.31529888400007,8.742335534000063],[125.45696542300004,8.740408046000027],[125.45698572900005,8.726691653000046],[125.47370484900011,8.727406363000057],[125.47463132100006,8.708495674000062],[125.48702008400005,8.710197468000047],[125.51534802600008,8.698628262000057],[125.5638662770001,8.697590631000025],[125.57265178000011,8.69934068200007],[125.63369676800005,8.699603330000059],[125.66941123000004,8.701482917000021],[125.66666469100005,8.733072826000068],[125.67393507000008,8.732986266000069],[125.66239171400002,8.757395218000056],[125.64828626400003,8.821016821000057],[125.6488293650001,8.84734656300003],[125.638761412,8.847520701000064],[125.63428216400007,8.889505975000077],[125.63598734600009,8.897580467000068],[125.66214174100003,8.924599879000027],[125.66619239500005,8.939185974000054],[125.67726521000009,8.937432272000024],[125.69409436100011,8.948006512000063],[125.69886028500002,8.959566105000022],[125.69400024400011,8.978969573000029],[125.73561859100005,9.048310280000067],[125.74514418900003,9.072183168000038],[125.76560211200001,9.152389526000036],[125.76750946100003,9.163619995000033],[125.75605011100004,9.230010033000042],[125.77479362200006,9.223129173000075],[125.77549790800003,9.209048868000025],[125.84052430800011,9.139607128000023],[125.86615462800012,9.093480370000066],[125.88502861000006,9.04740326700005],[125.8911233230001,8.997496070000068],[125.88880682000001,8.962539272000072],[125.89235908400008,8.913848438000059],[125.89875851600004,8.869284020000066],[125.91146134400003,8.850662670000077],[125.93209591300001,8.833129746000054],[125.9492966580001,8.81409807600005],[125.95683438500009,8.792350008000028],[125.97028863500009,8.739795165000032],[125.98869603300011,8.712595272000044],[126.03465087000006,8.633442208000076],[126.00739388800002,8.602538809000066],[126.0002461360001,8.599765467000054],[126.0001168980001,8.571312676000048],[126.02744243000006,8.56862774800004],[126.03343986000004,8.539190849000022],[126.02193997900008,8.532173914000055],[126.01574936500003,8.50860037600006],[126.01648076700008,8.499474956000029],[126.03802291400007,8.466027881000059],[126.05508987900009,8.447828533000063],[126.0739043750001,8.444657716000052],[126.06389470500005,8.429067687000042],[126.08158939600003,8.406980075000035],[126.10212870100008,8.39956789300004],[126.11381361000008,8.39063531000005],[126.129066383,8.36267047900003],[126.12482541400004,8.323033751000025],[126.19962461600005,8.288008542000057],[126.16505058500002,8.25959883400003],[126.18316727100012,8.244580477000056],[126.15496704700001,8.223461438000072],[126.16731886100001,8.203217556000027],[126.18353446900005,8.193051995000076],[126.18954859100006,8.179992869000046],[126.19806543700008,8.18030649900004],[126.21280728800002,8.169168103000061],[126.23722187400006,8.131953570000064],[126.2347214880001,8.075319591000039],[126.23662103900006,8.058979033000071],[126.2630471550001,8.059588624000071],[126.26338735500008,8.051850053000067],[126.249616,8.04034],[126.257053,8.027617],[126.23299212400002,8.011785454000062],[126.22779055100011,8.000190630000077]]]}},{"type":"Feature","properties":{"name":"Aklan","psgc":"060400000","island_group":"visayas"},"geometry":{"type":"MultiPolygon","coordinates":[[[[122.57735727300008,11.553467966000028],[122.55077428000004,11.535207513000046],[122.53594172800001,11.535662641000044],[122.5326996450001,11.518185372000062],[122.52670540000008,11.512783739000042],[122.53002525000011,11.493157942000039],[122.50488909,11.484729438000045],[122.48457481000003,11.48872118600002],[122.47260793500004,11.476178983000068],[122.45351579300007,11.479252978000034],[122.43921808000005,11.475965538000025],[122.40507282700003,11.477684428000032],[122.399397539,11.474120096000036],[122.40012524700012,11.45598420600004],[122.3708233530001,11.427646246000052],[122.35076840300007,11.442258805000051],[122.34515057400006,11.408734009000057],[122.32608554300009,11.374853227000074],[122.29807632300003,11.34834911400003],[122.27312304100008,11.329970397000068],[122.2468685560001,11.31767639900005],[122.21426972200004,11.311229724000043],[122.19990772800008,11.311955905000048],[122.18456384000001,11.332032606000041],[122.18272222200005,11.34595280800005],[122.19372804200009,11.374901635000072],[122.18810468400011,11.392383335000034],[122.16696420200003,11.402434884000058],[122.16610237100008,11.436684551000042],[122.16159341800005,11.445353982000029],[122.13804953300007,11.46445179400007],[122.1341435810001,11.473020229000042],[122.135959737,11.505061038000065],[122.15490996300002,11.531966966000027],[122.14123897200011,11.55300274900003],[122.13995703900002,11.566394845000048],[122.14911687500012,11.595908877000056],[122.14231530000006,11.618848266000043],[122.14205087300002,11.641073437000045],[122.14606124000011,11.656123131000072],[122.17065235000007,11.685672361000059],[122.17457459200011,11.696275940000021],[122.16945530700002,11.732364552000035],[122.15540608600008,11.746783459000028],[122.156475913,11.756762532000039],[122.1281677500001,11.763640585000076],[122.10901278300003,11.779049931000031],[122.0923394880001,11.776767171000074],[122.02240899100002,11.817209906000073],[121.99037648900003,11.82763385800007],[121.96754248800005,11.82384922600005],[121.93343850300005,11.821365564000075],[121.90380822800012,11.799311806000048],[121.89276889900009,11.79982526300006],[121.87776924500008,11.771529970000074],[121.84359594500006,11.764169970000069],[121.86092850200009,11.779641427000058],[121.8788387830001,11.810293],[121.88225247300011,11.833468579000055],[121.88841652500003,11.848225484000068],[121.8834896620001,11.854602827000065],[121.88197357500007,11.884735659000057],[121.88707202000012,11.899884822000047],[121.91678278300003,11.902410129000032],[121.94799894900007,11.918429135000054],[121.95115797000005,11.939131072000066],[121.95993367500012,11.936479263000024],[121.97380907600007,11.92008511900002],[122.00033174300006,11.90770238400006],[122.0184560460001,11.893225010000037],[122.03607051100005,11.866912076000062],[122.05697774600003,11.851601892000076],[122.08207700500009,11.836972984000056],[122.09948816500003,11.830272682000043],[122.13882496200006,11.825063338000064],[122.16460698600008,11.825291022000044],[122.18531555900006,11.81277714600003],[122.19964430200002,11.807878037000023],[122.22208112500005,11.813653740000063],[122.22487558000012,11.79607389000006],[122.23526191500002,11.788414241000055],[122.25842803700004,11.785607028000072],[122.27499079100005,11.768384858000047],[122.30221919300004,11.747664161000046],[122.33130037,11.735422485000072],[122.34476466000001,11.738372656000024],[122.37445671600005,11.738385246000064],[122.38536589500006,11.734491677000051],[122.39358715500009,11.71768570300003],[122.39062272600006,11.709199415000057],[122.39741526900002,11.695415923000041],[122.42577978800011,11.659076303000063],[122.452686631,11.63471985800004],[122.49225852200004,11.609933782000041],[122.48872175200006,11.595114181000042],[122.47652135200008,11.606616810000048],[122.4463064470001,11.62490008800006],[122.43347159000007,11.639783437000062],[122.43039513300005,11.651052535000076],[122.40869410500011,11.657871441000054],[122.40859741700001,11.646555625000076],[122.39745368900003,11.63546665900003],[122.42200999300007,11.611882766000065],[122.43055891100005,11.611110025000073],[122.43373764800003,11.597674361000031],[122.44586291000007,11.608806423000033],[122.46562593700003,11.593524376000062],[122.47085333400003,11.584563536000076],[122.48473157600006,11.575115965000066],[122.48305983900002,11.562633574000074],[122.46047139000007,11.580008908000025],[122.44341205300009,11.575997051000058],[122.44663690200002,11.562591335000036],[122.45774135600004,11.55053595000004],[122.48579240900006,11.559741923000047],[122.49623150200011,11.577951751000057],[122.4950665660001,11.594832677000056],[122.50787030400011,11.592123358000038],[122.57431884700009,11.563781681000023],[122.57735727300008,11.553467966000028]]],[[[121.92167722500005,11.999300319000042],[121.92720573300005,11.970059879000075],[121.93550888300001,11.955111714000054],[121.94698429200002,11.954844540000067],[121.94351172400002,11.94069990500003],[121.9335675100001,11.94007769500007],[121.92416211900002,11.961779904000025],[121.91025733100003,11.976976189000027],[121.90508849700007,11.98821381600004],[121.92167722500005,11.999300319000042]]]]}},{"type":"Feature","properties":{"name":"Albay","psgc":"050500000","island_group":"luzon"},"geometry":{"type":"MultiPolygon","coordinates":[[[[124.12996460700003,13.236063615000035],[124.1448164310001,13.22880707400003],[124.15458882400003,13.231168857000057],[124.18589094800006,13.216956469000024],[124.1942032710001,13.216271395000035],[124.20809752000002,13.207543222000027],[124.21448630900011,13.199012175000064],[124.21396605600012,13.18987201300007],[124.2194946190001,13.179584489000035],[124.20962945500003,13.169525778000036],[124.19826132900005,13.173966368000038],[124.18049767200012,13.17310691800003],[124.1646946400001,13.18140939600005],[124.15705103100004,13.180565597000054],[124.14614155900006,13.187129072000062],[124.12594292400001,13.184993563000035],[124.09900134700001,13.189683735000074],[124.07711992200007,13.203195288000074],[124.08303347800006,13.21220501700003],[124.12523771000008,13.227446823000037],[124.12996460700003,13.236063615000035]]],[[[123.97714792200009,13.291574914000023],[123.97591375600007,13.281254257000057],[123.9832006900001,13.274961564000023],[123.98297530100001,13.26138121200006],[123.99173658500001,13.261060653000072],[124.00171443300007,13.286704579000059],[124.01676857100006,13.284410512000022],[124.03673777900008,13.260322448000068],[124.04056050500003,13.27895072900003],[124.05386907800005,13.278367106000076],[124.06518839300008,13.269938498000045],[124.07451334200005,13.271555696000064],[124.0861054510001,13.26049164400007],[124.07617549800011,13.252980860000037],[124.06493934200012,13.250948632000075],[124.06384609300005,13.239853340000025],[124.05216398100004,13.227695694000033],[124.03881015900004,13.218640185000027],[124.02236600800006,13.216965371000072],[124.00136363000001,13.222010157000057],[123.98389321000002,13.236663143000044],[123.97245797800008,13.232155538000029],[123.95751028100005,13.231686705000072],[123.918304809,13.260311084000023],[123.91313382300007,13.274335149000024],[123.91516663100003,13.286194613000077],[123.92982109600007,13.286057735000043],[123.95098546800011,13.290615775000049],[123.96598692000009,13.280285960000072],[123.97463444700008,13.28331757500007],[123.97714792200009,13.291574914000023]]],[[[123.93797399700009,13.32452051000007],[123.94861347900007,13.30624227900006],[123.93264675000012,13.304887594000036],[123.9329460240001,13.320465911000042],[123.93797399700009,13.32452051000007]]],[[[123.85113006300003,13.354361781000023],[123.86516716800008,13.350715128000047],[123.87850233900008,13.340073801000074],[123.90635535900003,13.339577071000065],[123.90572473700001,13.33095030100003],[123.92153268600009,13.330383189000031],[123.92901212800007,13.321099050000043],[123.91806194800006,13.304846614000041],[123.90479968700004,13.304104433000077],[123.88840328300012,13.280218357000024],[123.88652057800005,13.27161249900007],[123.89413230000002,13.258979574000023],[123.90493093200007,13.250117771000077],[123.90091586300002,13.239953510000078],[123.8923504060001,13.230673817000024],[123.87420404300008,13.230091797000057],[123.86838695500012,13.24640222000005],[123.85721057300009,13.251050621000047],[123.85607552300007,13.262493544000051],[123.84998965300008,13.267937806000077],[123.84921496000004,13.293349068000055],[123.85149474700006,13.308725597000034],[123.86115489800011,13.317835872000046],[123.84009124600004,13.337295589000064],[123.84367772100006,13.351438892000033],[123.85113006300003,13.354361781000023]]],[[[123.76555594800004,13.407375745000024],[123.77447899100002,13.39958236700005],[123.78264617200011,13.402044838000052],[123.793346143,13.39244130000003],[123.80025171000011,13.395556055000043],[123.81760026800009,13.387786940000069],[123.82980221800005,13.36871433500005],[123.84168565300001,13.363234952000028],[123.83557730200005,13.344191875000035],[123.8109341170001,13.356016579000027],[123.79830942400008,13.36635424700006],[123.79029151700001,13.37857920700003],[123.77403737300006,13.389320779000059],[123.76555594800004,13.407375745000024]]],[[[123.60125067900003,13.522687456000028],[123.60490248100007,13.51506624600006],[123.62412979400005,13.491885283000045],[123.63940493300004,13.484268299000064],[123.66474253700005,13.478656299000022],[123.67412189000004,13.479258905000052],[123.68243194600007,13.46992229700004],[123.68653623500006,13.45813],[123.69852355600005,13.447561618000066],[123.70324286700009,13.43167341000003],[123.71345990300006,13.417797527000062],[123.71403095700009,13.409821892000025],[123.72590146000005,13.391124651000041],[123.72725499600006,13.371132964000026],[123.73535862000006,13.368178156000056],[123.74053272100002,13.349800832000028],[123.74153870000009,13.332928966000054],[123.74694698500002,13.323091477000048],[123.75639036900009,13.323684983000021],[123.7800132430001,13.311616324000056],[123.78274045,13.301935014000037],[123.80278131500006,13.297034033000045],[123.81554180300009,13.288000042000021],[123.81362881600012,13.283708149000063],[123.82142379000004,13.266515310000045],[123.8161600520001,13.261035390000075],[123.82622064500003,13.252059555000073],[123.82880871600003,13.26677877700007],[123.84481527500009,13.265052179000065],[123.85013185100001,13.247791731000063],[123.8683084480001,13.235793731000058],[123.85769196800004,13.224262921000047],[123.81794087700007,13.230503289000069],[123.8019283220001,13.237930461000076],[123.78718215000004,13.237998711000046],[123.77472171200009,13.22765174500006],[123.76190656300003,13.203602914000044],[123.75400483200008,13.17359319700006],[123.75653273700004,13.144707420000032],[123.77003674600007,13.128581102000055],[123.77850850200002,13.128295953000077],[123.7859089100001,13.118038575000071],[123.78507549500011,13.110741827000027],[123.77569628600008,13.098131894000062],[123.7526960450001,13.090351708000071],[123.7503574640001,13.084548017000031],[123.76507158600009,13.074638357000026],[123.75676978000001,13.063679161000039],[123.7741576740001,13.051709798000047],[123.79430548000005,13.046002164000072],[123.8128671180001,13.054511989000048],[123.81360943700008,13.064386235000029],[123.8300274180001,13.075609881000048],[123.83910970000011,13.089348911000059],[123.83861827800001,13.108886273000053],[123.85420815400005,13.107569650000073],[123.86022079200006,13.113080184000069],[123.8615406130001,13.13238201300004],[123.86547750200009,13.137671910000051],[123.87943236900003,13.143195179000031],[123.90849467500004,13.138472829000023],[123.91129104700008,13.122745912000028],[123.92676515300002,13.120887665000055],[123.92917038400003,13.102068074000044],[123.92101326300008,13.083766268000034],[123.91558972900009,13.05492922600007],[123.90670266300003,13.04093221100004],[123.89598666200004,13.03764349000005],[123.87528872400003,13.042301291000058],[123.85924674000012,13.040744482000036],[123.82253470700005,13.024403777000032],[123.80564823300006,13.01902807700003],[123.79577553900003,13.00827792900003],[123.78721564200009,13.004620741000053],[123.78231135300007,12.994530540000028],[123.76765605700007,12.986184890000061],[123.76215491200003,12.997107576000076],[123.74598040600006,12.996885520000035],[123.7364397980001,13.016215794000061],[123.73445022100009,13.026391080000053],[123.72238104200005,13.027039090000073],[123.72308167900007,13.034239268000022],[123.71473746600009,13.039926492000063],[123.68452626700002,13.028520850000064],[123.65000598900008,13.01932447300004],[123.62968937800008,13.010442943000044],[123.62025036900002,13.022980362000055],[123.58691683200004,13.022239605000038],[123.57486209300009,13.030070694000074],[123.56306575500003,13.023074812000061],[123.54809213600004,13.024415272000056],[123.53782893100004,13.018134173000021],[123.51782511400006,13.012754216000076],[123.49216108500002,13.000911147000068],[123.48226570000008,12.988444596000022],[123.46184795600004,13.00489742700006],[123.4583210400001,13.014859250000029],[123.44761729100003,13.02721912800007],[123.43637977000003,13.029829243000052],[123.42583445000002,13.03991796400004],[123.40788715700012,13.045912264000037],[123.39075768600003,13.036232432000077],[123.38335281000002,13.040824558000054],[123.3704314680001,13.035607094000056],[123.36989179000011,13.027586874000065],[123.33858217200009,13.01188075300007],[123.31953698200005,13.006877386000042],[123.30752579000011,13.024373040000057],[123.30149615900007,13.03926251400003],[123.30135416100006,13.049536619000037],[123.28920846200003,13.064442088000021],[123.29398133200004,13.07252150000005],[123.296287118,13.087484024000048],[123.28871334900009,13.107095036000032],[123.2918299800001,13.118410209000047],[123.29193012500002,13.134971285000063],[123.28868467900008,13.146838289000073],[123.30125726900008,13.155904717000055],[123.31089495300012,13.168622188000029],[123.3048805410001,13.177834879000045],[123.3096000170001,13.191584660000046],[123.32425640000008,13.190830445000074],[123.3273411780001,13.198223321000057],[123.31910671500009,13.209473701000036],[123.31465514000001,13.221597847000055],[123.29278121400012,13.253141184000071],[123.28127328200003,13.258541065000031],[123.28522357100007,13.26951265100007],[123.31225141000004,13.287249039000073],[123.33555191200003,13.294827203000068],[123.3526878670001,13.306672606000063],[123.36044881300006,13.299699216000022],[123.37775489500007,13.30557415900006],[123.383847693,13.321214429000065],[123.38092833200005,13.330909831000042],[123.37317003200008,13.33751864900006],[123.38393397400012,13.336091727000053],[123.39259550600002,13.341061079000042],[123.39879749300007,13.334653747000061],[123.4064550920001,13.347575831000029],[123.43280213500009,13.363097290000042],[123.4585464270001,13.367820792000032],[123.46802729700005,13.363971094000021],[123.49383574500007,13.361898781000036],[123.49379612100006,13.344597269000076],[123.512392739,13.346792858000072],[123.52370334700004,13.352766140000028],[123.55561125500003,13.354617189000066],[123.55934980300003,13.36039164400006],[123.57150571400007,13.36533662200003],[123.56798881000009,13.371857841000065],[123.57621389300004,13.378277725000032],[123.58243122100009,13.395386389000066],[123.588063368,13.42205758800003],[123.58129249100011,13.448367139000027],[123.57268960300007,13.458021292000069],[123.55664269700003,13.469524604000071],[123.54544748100011,13.48583663900007],[123.54328423800007,13.501666299000021],[123.54560845100002,13.516697864000037],[123.60125067900003,13.522687456000028]]]]}},{"type":"Feature","properties":{"name":"Antique","psgc":"060600000","island_group":"visayas"},"geometry":{"type":"MultiPolygon","coordinates":[[[[121.92588643600004,11.479078378000054],[121.91713277100007,11.463471037000033],[121.89442149800004,11.468168083000023],[121.91347741400011,11.478025111000022],[121.92588643600004,11.479078378000054]]],[[[122.19990772800008,11.311955905000048],[122.2051716090001,11.288325495000038],[122.20494237100002,11.239576831000022],[122.20102923400009,11.210432844000024],[122.21252489900007,11.166055007000068],[122.23994482700004,11.133468934000064],[122.30845735300011,11.047318527000073],[122.31961925200005,11.028805747000035],[122.32373918400003,11.015286657000047],[122.31246292500009,10.958055645000059],[122.32419683600006,10.941676718000053],[122.32363979700006,10.933363292000024],[122.3078604640001,10.923071334000042],[122.29696678800008,10.92563094600007],[122.28297473100008,10.911117010000055],[122.28086203700002,10.892336224000076],[122.26061268,10.895246205000035],[122.2648694290001,10.87685667200003],[122.2582748420001,10.860611470000038],[122.24428145000002,10.849513263000063],[122.22436151400007,10.852999279000073],[122.20100347700009,10.83468597500007],[122.19932536600004,10.816251925000074],[122.17497210800002,10.75599618900003],[122.15394495400005,10.751227345000075],[122.11537238300002,10.715170645000057],[122.09472650700002,10.699596017000033],[122.08405293300007,10.700210447000075],[122.06518785900005,10.680676879000032],[122.06031076300007,10.659141388000023],[122.05098571500002,10.647015267000029],[122.04721864900011,10.631563350000022],[122.03481262200012,10.623438966000037],[122.01906709400009,10.56521642000007],[122.02265034200002,10.559906409000064],[122.01584591100004,10.544761710000046],[122.01819370900012,10.52437349400003],[122.01216107800008,10.486723335000022],[122.01303394100012,10.476499513000022],[122.03028776500003,10.466848482000046],[122.01073719400006,10.443017514000076],[121.99854772600008,10.439987748000021],[121.98030161600002,10.42277623900003],[121.95997604600007,10.413809782000044],[121.9192196360001,10.434917631000076],[121.9127139530001,10.446406742000022],[121.92184287000009,10.48132051400006],[121.91868134200001,10.500813728000026],[121.94743134700002,10.530745481000054],[121.95812845000012,10.551179183000045],[121.9644338820001,10.572512759000062],[121.96766481100008,10.604635105000057],[121.974769852,10.632055277000063],[121.97865976700007,10.667679802000066],[121.967641146,10.711739677000025],[121.9465109030001,10.737631638000039],[121.93647738000004,10.737225214000034],[121.923126367,10.763351358000023],[121.94335582300005,10.797510167000041],[121.95633035900005,10.850805555000022],[121.96366302600006,10.864099793000037],[121.97564074800005,10.896479147000036],[121.98406786200007,10.931452068000056],[121.99889837600006,10.952548044000025],[122.01452345900009,10.966859748000047],[122.03784987300003,10.99797869200006],[122.03963948900002,11.017694980000044],[122.05398686700005,11.033467337000047],[122.04137531900005,11.071905574000027],[122.0455720440001,11.094415365000032],[122.03773811600001,11.115873329000067],[122.03961760100003,11.150278889000049],[122.03319639100005,11.190858166000055],[122.03396906600005,11.199127747000034],[122.05307044900007,11.227105541000071],[122.04808226000011,11.246478030000048],[122.05203945100004,11.261286728000073],[122.02710348000005,11.298443717000055],[122.03579501800004,11.320292493000068],[122.05387370900007,11.335744317000035],[122.05820774300003,11.345064530000059],[122.06258706300002,11.374663725000062],[122.05009160800012,11.410117701000047],[122.05899313000009,11.439255548000062],[122.05821013000002,11.468579435000038],[122.07358871800011,11.477525995000065],[122.08580505300006,11.505236615000058],[122.07827889700002,11.536621827000033],[122.08665763200008,11.561745979000023],[122.08681280600001,11.578221058000054],[122.09292413800006,11.590018857000075],[122.09666868300008,11.629919765000068],[122.10152019400005,11.652800988000024],[122.09577114900003,11.669524421000062],[122.10122186300009,11.686518564000039],[122.10065714300003,11.700553808000052],[122.08480729700011,11.725987789000044],[122.06874017900009,11.73872911500007],[122.04499944600002,11.73217760700004],[122.02033511000002,11.741952294000043],[122.0126258030001,11.736152684000047],[121.98709272500002,11.752189331000068],[121.94794516400009,11.757006834000038],[121.91819855300002,11.767649724000023],[121.89712544000008,11.757277147000025],[121.86262965800006,11.756320428000038],[121.84359594500006,11.764169970000069],[121.87776924500008,11.771529970000074],[121.89276889900009,11.79982526300006],[121.90380822800012,11.799311806000048],[121.93343850300005,11.821365564000075],[121.96754248800005,11.82384922600005],[121.99037648900003,11.82763385800007],[122.02240899100002,11.817209906000073],[122.0923394880001,11.776767171000074],[122.10901278300003,11.779049931000031],[122.1281677500001,11.763640585000076],[122.156475913,11.756762532000039],[122.15540608600008,11.746783459000028],[122.16945530700002,11.732364552000035],[122.17457459200011,11.696275940000021],[122.17065235000007,11.685672361000059],[122.14606124000011,11.656123131000072],[122.14205087300002,11.641073437000045],[122.14231530000006,11.618848266000043],[122.14911687500012,11.595908877000056],[122.13995703900002,11.566394845000048],[122.14123897200011,11.55300274900003],[122.15490996300002,11.531966966000027],[122.135959737,11.505061038000065],[122.1341435810001,11.473020229000042],[122.13804953300007,11.46445179400007],[122.16159341800005,11.445353982000029],[122.16610237100008,11.436684551000042],[122.16696420200003,11.402434884000058],[122.18810468400011,11.392383335000034],[122.19372804200009,11.374901635000072],[122.18272222200005,11.34595280800005],[122.18456384000001,11.332032606000041],[122.19990772800008,11.311955905000048]]],[[[121.45311122700002,11.869039799000063],[121.47392105400002,11.863934297000071],[121.50862023200011,11.862040948000072],[121.53073911500007,11.846506273000045],[121.51690102100008,11.826872555000023],[121.49540629500007,11.829010573000062],[121.4780317210001,11.825476597000034],[121.43435607800006,11.84056739500005],[121.41332384600003,11.84088437500003],[121.42605372700007,11.866644],[121.45311122700002,11.869039799000063]]],[[[121.55432271600012,11.95964398500007],[121.57533352500002,11.939134831000047],[121.57305218600004,11.92661053200004],[121.58189107800001,11.916914849000023],[121.58295255900009,11.905549648000033],[121.57028122500003,11.895482608000066],[121.54997085500008,11.89242407200004],[121.53994738200004,11.909741335000035],[121.54681220000009,11.937111985000058],[121.53913554600001,11.943053976000044],[121.54047500700005,11.953899259000025],[121.55432271600012,11.95964398500007]]],[[[121.38138388900006,12.125839453000026],[121.38987036700007,12.122771822000061],[121.39327987200011,12.109151681000071],[121.40596645100004,12.105450589000043],[121.39795998000011,12.07811236300006],[121.41005274000008,12.040940969000076],[121.42399204800006,12.037426775000029],[121.42725574200006,12.02941247800004],[121.41854613300006,12.010417387000075],[121.38882099200009,11.985703977000071],[121.37411922500007,12.007284026000036],[121.37286840100012,12.019505999000046],[121.3632794990001,12.034068252000054],[121.36268699800007,12.05134711900007],[121.38073897200002,12.063810732000036],[121.37928048000003,12.072470687000077],[121.36196881600006,12.074020756000039],[121.3619147930001,12.083407105000049],[121.34555243200009,12.084599999000034],[121.35543284900007,12.115648940000028],[121.38138388900006,12.125839453000026]]]]}},{"type":"Feature","properties":{"name":"Apayao","psgc":"148100000","island_group":"luzon"},"geometry":{"type":"Polygon","coordinates":[[[121.43655489200012,17.69322616000005],[121.11067267300007,17.684892269000045],[120.93125998500011,17.973635974000047],[120.95867309800008,18.463202412000044],[121.48948360700001,18.238844983000035],[121.43655489200012,17.69322616000005]]]}},{"type":"Feature","properties":{"name":"Aurora","psgc":"037700000","island_group":"luzon"},"geometry":{"type":"Polygon","coordinates":[[[121.34785653300003,14.996370968000065],[121.31965715800004,15.116397642000038],[121.31879139300008,15.164067442000032],[121.3121526440001,15.19876970100006],[121.33389083800012,15.295655260000046],[121.35379088200011,15.345691532000046],[121.33999648200006,15.38283927200007],[121.35835769500011,15.406953526000052],[121.378521524,15.485011371000041],[121.28476349300001,15.75441853700005],[121.31771017400001,15.804652432000069],[121.37376803400002,15.831617787000027],[121.47114962,15.886741050000069],[121.4745488740001,15.929847778000067],[121.5288264290001,15.969868599000051],[121.62897873000009,16.063865467000028],[121.72325119700008,16.144655707000027],[121.76492361900011,16.173819910000077],[121.78125155300006,16.19321946900004],[121.84589590900009,16.249155589000054],[121.89353425500008,16.301854026000058],[121.96723491500006,16.40023248400007],[122.02489034700011,16.465353099000026],[122.05880819100003,16.50925477800007],[122.21427288000007,16.479844291000063],[122.23038198100005,16.46399662700003],[122.19935632300007,16.433834282000078],[122.20026639000002,16.41520622400003],[122.22836002000008,16.39534024900007],[122.22509413500006,16.35704965000002],[122.19099715300001,16.33377669500004],[122.17997632000004,16.303677168000036],[122.20827416400004,16.27145518800006],[122.20333965200007,16.237566206000054],[122.14321843500011,16.192862539000032],[122.10691271300004,16.149554731000023],[122.07202991400004,16.122365236000064],[122.0700829430001,16.092578685000035],[122.03242999600002,16.050370203000057],[121.99423399900002,16.043701713000075],[122.033704295,16.111832442000036],[122.06174642300005,16.129653622000035],[122.09417613500011,16.17158541300006],[122.09509441500006,16.204547415000036],[122.11775431900003,16.214213216000076],[122.13939712900003,16.256261909000045],[122.10446615600006,16.263189625000052],[122.08482099300011,16.258823981000035],[122.06349797500002,16.223708996000028],[122.06772900800001,16.190797576000023],[122.03742231100011,16.17453355400005],[122.020868,16.18019077400004],[121.98275792800007,16.156773843000053],[121.96712696700001,16.136384588000055],[121.93698157800009,16.125986667000063],[121.9073406660001,16.128882692000047],[121.86155739700007,16.11604703300003],[121.83638791200008,16.09031968900007],[121.81304499900011,16.08648317500007],[121.7793574860001,16.062419646000023],[121.75789200800011,16.076082430000042],[121.71734526900002,16.040927647000046],[121.66501017000007,16.005500489000042],[121.65298387100006,15.972899435000045],[121.62614944600011,15.965536451000048],[121.60049794500003,15.934980471000074],[121.58006320000004,15.927955131000033],[121.55440550300011,15.897447717000034],[121.54783086000009,15.861242570000059],[121.55159618200003,15.810667333000026],[121.5645178310001,15.768322867000052],[121.58451588900004,15.753835847000062],[121.59829702500008,15.762418049000075],[121.63674170900003,15.748979476000045],[121.63716655000007,15.708217685000022],[121.61113166000007,15.707719990000044],[121.61703790600006,15.657411186000047],[121.56172750700011,15.604531198000075],[121.53059794500007,15.545712518000073],[121.51214230500011,15.542092457000024],[121.49270334000005,15.520978898000067],[121.48449988900006,15.483463863000054],[121.48844016400005,15.462515176000068],[121.47074375300008,15.416636931000028],[121.45612017100007,15.411954795000042],[121.43037480400005,15.370635547000063],[121.39587002000007,15.380151972000021],[121.37394536700003,15.337140556000065],[121.3806404720001,15.29007269400006],[121.41691950100005,15.219649396000023],[121.40232335200005,15.20370125200003],[121.40809682500003,15.18293699800006],[121.3946038150001,15.105961485000023],[121.37400455200009,15.095887405000042],[121.35137018900002,15.035906006000062],[121.35710532600001,15.011749193000071],[121.34785653300003,14.996370968000065]]]}},{"type":"Feature","properties":{"name":"Basilan","psgc":"150700000","island_group":"barmm"},"geometry":{"type":"MultiPolygon","coordinates":[[[[121.91962419400011,6.322796614000026],[121.924201003,6.327577267000038],[121.92986343500002,6.318233668000062],[121.93117187400003,6.308229761000064],[121.92372653200005,6.304883390000043],[121.91962419400011,6.322796614000026]]],[[[121.81640016300003,6.461971048000066],[121.82710866700006,6.46829525000004],[121.83346179400007,6.465940690000025],[121.83037473800005,6.449326491000022],[121.81980665000003,6.450751747000027],[121.81640016300003,6.461971048000066]]],[[[121.7898668470001,6.560858878000033],[121.79390727200007,6.566765545000067],[121.802094151,6.557716833000029],[121.80545739200011,6.549364830000059],[121.79113515200004,6.55174147300005],[121.7898668470001,6.560858878000033]]],[[[121.68968964900012,6.570454724000058],[121.6919263630001,6.586061790000031],[121.69794503300011,6.56679366000003],[121.68968964900012,6.570454724000058]]],[[[121.61960040600002,6.621819389000052],[121.62231956800008,6.612166054000056],[121.62290065000002,6.579315011000062],[121.61630293200005,6.580666376000067],[121.6149780390001,6.593879188000074],[121.61896366100007,6.599535459000037],[121.60748771900012,6.617308387000037],[121.59940129600011,6.624786198000038],[121.60124799200003,6.639448982000033],[121.58470914600002,6.66366269100007],[121.58954473500012,6.680436848000056],[121.59499496600006,6.683052267000051],[121.60784229900003,6.674207713000044],[121.613852285,6.661344291000034],[121.63204444000007,6.652973098000075],[121.63094410000008,6.646084758000029],[121.61960040600002,6.621819389000052]]],[[[121.57008069000005,6.640321376000031],[121.58733527700008,6.650446926000029],[121.59129261300006,6.632038070000021],[121.58844142100008,6.625781016000076],[121.56995662700001,6.632457298000077],[121.57008069000005,6.640321376000031]]],[[[121.70334402900005,6.686267792000024],[121.71008720100008,6.694497978000072],[121.7175584580001,6.686125425000057],[121.71250798000005,6.657850730000064],[121.70459360600012,6.661827210000069],[121.70334402900005,6.686267792000024]]],[[[121.45069903800004,6.746499129000028],[121.45869593200007,6.765970226000036],[121.47218903200007,6.748229364000053],[121.4687968290001,6.734336452000036],[121.4640492750001,6.734261892000063],[121.45069903800004,6.746499129000028]]],[[[121.42954373900011,6.764362360000064],[121.43472083400002,6.780159627000046],[121.43884152800001,6.767846105000046],[121.42954373900011,6.764362360000064]]],[[[121.53901711600008,6.834439319000069],[121.54064170000004,6.820063170000026],[121.52986577100012,6.829194852000057],[121.53419730100006,6.835152028000039],[121.53901711600008,6.834439319000069]]],[[[121.55331132700007,6.846515269000065],[121.56129644400005,6.840856791000022],[121.5559416320001,6.828408300000035],[121.54700497800002,6.839418228000056],[121.55331132700007,6.846515269000065]]],[[[121.98036095500004,6.279223509000076],[121.97948969100003,6.291873878000047],[121.9736564320001,6.29410901500006],[121.96306298400009,6.287772176000033],[121.95641365300003,6.296911795000028],[121.95878876600011,6.310361823000051],[121.96316167700002,6.312896298000055],[121.98858200100005,6.307981375000054],[121.99426453400008,6.296972320000066],[121.98996803200009,6.285706937000043],[121.98036095500004,6.279223509000076]]],[[[122.01875090500005,6.341069707000031],[122.02957766200007,6.350389227000051],[122.03563815500002,6.345222265000075],[122.03323595800009,6.328722048000031],[122.01705645700008,6.332656354000051],[122.01875090500005,6.341069707000031]]],[[[121.95079916700001,6.345518531000039],[121.95048239900007,6.350511751000056],[121.97578390600006,6.361866175000046],[121.98274451400005,6.347971050000069],[121.98233400100003,6.33909995700003],[121.96710873800009,6.333287387000041],[121.95860906000007,6.335781437000037],[121.95079916700001,6.345518531000039]]],[[[122.20325049700011,6.469050916000072],[122.20633786700012,6.479009187000031],[122.21141557200008,6.469049877000032],[122.22584935000009,6.456489095000052],[122.2196600420001,6.45386331900005],[122.2052871090001,6.461521878000042],[122.20325049700011,6.469050916000072]]],[[[122.20786859600003,6.507983086000024],[122.21964405300002,6.497533161000035],[122.21755215600001,6.493579141000055],[122.20541963500011,6.496393639000075],[122.20786859600003,6.507983086000024]]],[[[122.10985049400006,6.717399886000067],[122.11435891500003,6.722105189000047],[122.13263396200011,6.719219906000035],[122.14121555100007,6.70204016200006],[122.13709852600005,6.68981530800005],[122.13974362800002,6.676898204000054],[122.1468243810001,6.675309855000023],[122.14907208500006,6.66902815900005],[122.16104423700006,6.671054064000032],[122.1738140440001,6.66313926600003],[122.18971196100006,6.669768977000047],[122.2017084790001,6.664684367000064],[122.21526078300008,6.665503018000038],[122.22234903100002,6.66124407500007],[122.2354742330001,6.665153211000074],[122.24809408500005,6.652802896000026],[122.26609525800006,6.641381847000048],[122.27408386500008,6.645040183000049],[122.29331535900008,6.647431299000061],[122.30895603700003,6.643302340000048],[122.32168939000007,6.635486393000065],[122.3279393250001,6.624323869000023],[122.32691199500005,6.616795144000037],[122.31818057200007,6.606162572000073],[122.3160113560001,6.598940852000055],[122.30147096700011,6.590380801000038],[122.28222029300002,6.594964443000038],[122.25621387700005,6.588402466000048],[122.24824620100003,6.59610361700004],[122.23868966300006,6.595330921000027],[122.22312270600003,6.590023161000033],[122.21212456100011,6.580898362000028],[122.20644011400009,6.554831523000075],[122.19841487400004,6.526663640000038],[122.19111341100006,6.521816346000037],[122.19697292700005,6.506089063000047],[122.19950668000001,6.49289634400003],[122.19334729400009,6.476738586000067],[122.19619455000009,6.468195124000033],[122.19239309800003,6.46147047900007],[122.18274726700008,6.456337921000056],[122.16948642600005,6.453031512000052],[122.16367486400009,6.45423459400007],[122.13333178700009,6.446696307000025],[122.12084726400008,6.439107466000053],[122.10668566200002,6.439649849000034],[122.09018936900009,6.433186220000039],[122.07902548900006,6.425424967000026],[122.07077134400004,6.425055486000076],[122.06096095900011,6.41751991600006],[122.03924815700009,6.412965998000061],[122.01411053900006,6.410612412000035],[122.00448503100006,6.413265788000047],[121.98339431600004,6.409255271000063],[121.9700217410001,6.413308003000054],[121.96233428900007,6.40729277500003],[121.95543057300006,6.407615672000077],[121.95008849800001,6.416035452000074],[121.95363479500008,6.427697850000072],[121.94463521600005,6.437008708000064],[121.928311559,6.446817248000059],[121.91908180300004,6.447147104000067],[121.91630210500011,6.457093556000075],[121.9072842700001,6.464674211000045],[121.90077027900008,6.482444857000075],[121.89112039000008,6.484740865000049],[121.89463883000008,6.494110461000048],[121.88522443500005,6.493056494000029],[121.88169810300008,6.498439783000038],[121.87292402900005,6.500247977000072],[121.86475371800009,6.520263796000052],[121.867512067,6.529194752000024],[121.8748639800001,6.537191045000043],[121.86857859100007,6.541242254000053],[121.87081993700008,6.552734873000077],[121.88004098400006,6.553931186000057],[121.86750047100008,6.574842004000061],[121.85879519200012,6.578085740000063],[121.84992507700008,6.586377525000046],[121.83635915100001,6.586954062000075],[121.82434017000003,6.583890697000072],[121.79796654200004,6.598116452000056],[121.79446721000011,6.606788016000053],[121.80121624300011,6.609964886000057],[121.79839521100007,6.625100065000026],[121.79499172900012,6.630069024000022],[121.80277140800001,6.646877767000035],[121.81526328200005,6.665070295000021],[121.82455746700009,6.670108717000062],[121.8299036200001,6.677443961000051],[121.84568592300002,6.68252478900007],[121.86794334700005,6.673485680000056],[121.86883408200003,6.667763548000039],[121.88459453900009,6.656578388000071],[121.90030383900012,6.663399581000021],[121.90603322100003,6.671697788000074],[121.91717787100004,6.674741475000076],[121.91743611353877,6.6698503110428415],[121.92917345600006,6.668565706000038],[121.94122932000005,6.675835519000032],[121.94091037200008,6.688674512000034],[121.95241432000012,6.69936152300005],[121.95999135400007,6.701281101000063],[121.9797320880001,6.714409580000051],[121.98297136400004,6.722971418000043],[121.99863432600011,6.737462316000062],[122.0163753280001,6.746141904000069],[122.02769731400008,6.744444298000076],[122.03144206421565,6.736160055584829],[122.0325893050001,6.741121540000051],[122.04178530500008,6.74036992300006],[122.04715818800003,6.749015081000039],[122.06395939400011,6.750971640000046],[122.07483784500005,6.748915990000057],[122.07863851500008,6.744179812000027],[122.08209883800009,6.730834121000044],[122.0943917300001,6.714745652000033],[122.10985049400006,6.717399886000067]],[[121.94147856200004,6.619609570000023],[121.92644149600005,6.621855187000051],[121.93356721500004,6.617321563000075],[121.94147856200004,6.619609570000023]],[[121.93555574200002,6.570645760000048],[121.94102522700007,6.586892415000023],[121.93749237700001,6.583335157000022],[121.93555574200002,6.570645760000048]],[[121.94010443700006,6.566361963000077],[121.9532929500001,6.562327925000034],[121.93555574200002,6.570645760000048],[121.94010443700006,6.566361963000077]],[[122.04429230100004,6.682791300000076],[122.0515345010001,6.667949200000066],[122.0485496450001,6.681042292000029],[122.04429230100004,6.682791300000076]]],[[[121.97162801900004,6.712509083000043],[121.96565453800008,6.708936608000045],[121.94005923300006,6.723169605000066],[121.94643921500005,6.737700821000033],[121.95297660400001,6.743815668000025],[121.96429852100005,6.745528486000069],[121.98039912500008,6.755141325000068],[121.99149450100003,6.745371373000069],[121.97758795900006,6.734929765000061],[121.98105076900003,6.729571545000056],[121.97162801900004,6.712509083000043]]],[[[122.40685314500001,6.742042901000048],[122.4051931570001,6.73438830200007],[122.39198974300007,6.738497644000063],[122.39629677900007,6.750006219000056],[122.40685314500001,6.742042901000048]]],[[[122.37991643100008,6.76776157300003],[122.36687812800005,6.760198360000061],[122.36146863700003,6.767998926000075],[122.37739154500002,6.775369309000041],[122.37991643100008,6.76776157300003]]]]}},{"type":"Feature","properties":{"name":"Bataan","psgc":"030800000","island_group":"luzon"},"geometry":{"type":"Polygon","coordinates":[[[120.55426459000012,14.820737035000036],[120.55617815100004,14.799598649000075],[120.54658337400008,14.726362146000042],[120.58409880200009,14.643158220000032],[120.58742078800003,14.589587866000045],[120.60842371700005,14.533553079000058],[120.608716791,14.478447205000066],[120.57636991600009,14.431959074000076],[120.54005307500006,14.421159443000022],[120.50669454900003,14.435752036000054],[120.46535926700005,14.42128064600007],[120.44478092700001,14.446346042000073],[120.38853580900002,14.46007398300003],[120.37474302800001,14.524687197000048],[120.38998949300003,14.537892413000066],[120.38291627700005,14.568593554000074],[120.39280916300004,14.587940439000022],[120.36803668300001,14.625765517000048],[120.34858773600001,14.619553496000037],[120.32877685200003,14.636236736000058],[120.31487632400001,14.626121303000048],[120.29232886500006,14.655530363000025],[120.24818179700003,14.692287459000056],[120.2502833420001,14.726266689000056],[120.2782164140001,14.738910109000074],[120.3593488030001,14.776626151000073],[120.36109152900008,14.792929272000038],[120.34021009000003,14.817820355000038],[120.34119403900002,14.857304444000022],[120.40665743800002,14.88570509300007],[120.42280570100002,14.914471035000076],[120.46126986800004,14.921266418000073],[120.47641131900002,14.919620462000069],[120.50599482300004,14.861656435000043],[120.52996468200001,14.832459915000072],[120.55426459000012,14.820737035000036]]]}},{"type":"Feature","properties":{"name":"Batanes","psgc":"020900000","island_group":"luzon"},"geometry":{"type":"MultiPolygon","coordinates":[[[[121.84473327,20.355984787000068],[121.87061830200003,20.340815648000046],[121.88891207900008,20.31325944400004],[121.88350032300002,20.285062047000054],[121.8723958920001,20.28412039600005],[121.85741213500012,20.26101607000004],[121.8406808090001,20.287724014000048],[121.83795049900004,20.324640487000067],[121.84473327,20.355984787000068]]],[[[122.00281302700012,20.489435999000023],[122.02785446300004,20.48102953800003],[122.03567570900009,20.467950419000033],[122.01393450600006,20.448070017000077],[121.98629980400005,20.438048063000053],[121.9624234910001,20.412613908000026],[121.98071256100002,20.383291849000045],[121.95030493400009,20.348728030000075],[121.91525701300009,20.349173445000076],[121.91309415500007,20.370468653000046],[121.92732569300006,20.40928706400007],[121.94565098900011,20.41561325300006],[121.96756219300005,20.446716813000023],[121.95752457000003,20.46987454300006],[121.97558691100005,20.471562048000067],[122.00281302700012,20.489435999000023]]],[[[121.86002349600005,20.836194656000032],[121.8801976740001,20.819962348000047],[121.88034716900006,20.79403818000003],[121.86785084400003,20.781479426000033],[121.87622608200002,20.759859551000034],[121.85665217100006,20.75136337400005],[121.85371311900008,20.72366788000005],[121.83888961500008,20.708477248000065],[121.80267057300011,20.68814756300003],[121.78276832400002,20.721662759000026],[121.80095918600011,20.754521984000064],[121.81520760500007,20.760271922000072],[121.82822395500011,20.789113772000064],[121.83686854900009,20.825403919000053],[121.86002349600005,20.836194656000032]]]]}},{"type":"Feature","properties":{"name":"Batangas","psgc":"041000000","island_group":"luzon"},"geometry":{"type":"MultiPolygon","coordinates":[[[[121.08896686700007,13.569401490000075],[121.09715144800009,13.53685273700006],[121.07441782,13.52998965200004],[121.05279495800005,13.555765870000073],[121.08531609700003,13.57366520200003],[121.08896686700007,13.569401490000075]]],[[[120.83115867100003,13.687686794000058],[120.84114106900006,13.672337123000034],[120.88492621700004,13.65488741200005],[120.90771382900004,13.659066702000075],[120.93402842000012,13.655373922000024],[120.94635634000008,13.639791690000038],[120.94251647100009,13.632079410000074],[120.90341105200002,13.624439212000027],[120.87259897000001,13.634657896000022],[120.866908093,13.645563303000074],[120.84260247000009,13.652000642000075],[120.83115867100003,13.687686794000058]]],[[[120.61834722200001,14.220246020000047],[120.65039621500011,14.204818189000036],[120.66230859500001,14.186090271000069],[120.70565717500006,14.174333526000055],[120.69194031400002,14.160858906000044],[120.6987843060001,14.138474807000023],[120.71593295900004,14.126534449000076],[120.7294194100001,14.140384557000061],[120.76888523800005,14.133428447000028],[120.76768094300007,14.117736821000051],[120.7968772590001,14.103118018000032],[120.82014925800001,14.100724957000068],[120.83929156600004,14.088780735000057],[120.84485636600004,14.076839312000061],[120.86241478300008,14.07542182900005],[120.89272050800002,14.087613034000071],[120.90250537600002,14.07679061400006],[120.93759739600011,14.085943367000027],[120.96797163000008,14.098633049000057],[120.98037532500007,14.12008944300004],[121.00588658800007,14.12166148800003],[121.02632882300009,14.134585856000058],[121.03586636200009,14.151780380000048],[121.09505203000003,14.156300173000034],[121.19440848700003,14.131070861000069],[121.20556391600007,14.109612394000067],[121.21619239800009,14.02661468100007],[121.22896824700001,14.002903136000043],[121.24809656500008,13.984388119000073],[121.24647366500005,13.963490883000077],[121.23724036700003,13.934252107000077],[121.23998049000011,13.905983692000063],[121.26436672500006,13.89006069100003],[121.27160968300007,13.878059858000029],[121.30795183300006,13.867019690000063],[121.33214587900011,13.869742202000054],[121.34806799100011,13.862572201000035],[121.36747200700006,13.869398101000058],[121.37892195100005,13.850860930000067],[121.40740856500008,13.839231787000074],[121.41748513800007,13.843874380000045],[121.45665641300002,13.818242209000061],[121.45661691100008,13.810264001000064],[121.43837150500008,13.791902489000051],[121.43235808600002,13.760722162000036],[121.44003323100003,13.732804085000055],[121.4500890060001,13.720166285000062],[121.45373840900004,13.701390606000075],[121.47147609300009,13.690316573000075],[121.46760841900004,13.682257206000031],[121.43913974200007,13.664731440000025],[121.41762738600005,13.655700285000023],[121.40934611700004,13.667194375000065],[121.391532202,13.67144556200003],[121.36372918200004,13.658786066000062],[121.32558172800009,13.633740160000059],[121.29475417100002,13.601113575000056],[121.28548723900008,13.596989127000029],[121.25832997600003,13.59883151400004],[121.236309172,13.62557339700004],[121.19904274300006,13.629870384000071],[121.17974804200003,13.64500677500007],[121.1145073780001,13.63110322500006],[121.0777207640001,13.61886630400005],[121.07107900500012,13.629988397000034],[121.03563406300009,13.63562730800004],[121.04872595200004,13.653981593000026],[121.05358264800009,13.670413241000062],[121.04920710400006,13.68377077200006],[121.060514194,13.707631827000057],[121.06018979600003,13.725967155000035],[121.03828505600006,13.762713785000074],[121.01211689600007,13.778767641000059],[120.97722865600008,13.781921372000056],[120.96335771300005,13.771982123000043],[120.9447386700001,13.739210462000074],[120.93132291500001,13.728982040000062],[120.91719802600005,13.699695598000062],[120.89198011300005,13.687934859000052],[120.87245740100002,13.715929692000032],[120.90820516300005,13.754794665000077],[120.92692030800004,13.759046026000021],[120.92845353500002,13.779915285000072],[120.90244328800009,13.820358266000028],[120.91429866300007,13.827985269000067],[120.9167759710001,13.847939838000059],[120.91352892700002,13.873018180000031],[120.90612944600002,13.884446042000036],[120.87869358300009,13.901967501000058],[120.84527486400009,13.909197840000047],[120.78973798800007,13.928075128000046],[120.77762407800003,13.926258922000045],[120.74099969100007,13.936309202000075],[120.72870784100007,13.927006150000068],[120.70773336200011,13.921860339000034],[120.6990727540001,13.907826643000021],[120.69779847500001,13.890742355000043],[120.72240332600006,13.858536730000026],[120.71570147900002,13.840779309000027],[120.68675044300005,13.854447920000041],[120.66335471400009,13.859240321000073],[120.65527408900005,13.831185435000066],[120.67614737300005,13.789206088000071],[120.66391562100011,13.769718202000035],[120.65243798300003,13.772678713000062],[120.63095842700011,13.807126398000037],[120.62210515900006,13.811289915000032],[120.62347730300007,13.845572765000043],[120.6176233440001,13.866536457000052],[120.61879275400008,13.889984386000037],[120.62512483900002,13.895109801000046],[120.61612142700005,13.960633223000059],[120.63205137200009,13.984308782000028],[120.61800068000002,14.00694984200004],[120.6249769850001,14.063746114000025],[120.61703780300002,14.089199754000049],[120.6238920620001,14.107314115000065],[120.61597123900003,14.118051798000067],[120.59180190400002,14.12249612100004],[120.5804421360001,14.131404079000049],[120.59441020500003,14.154152346000046],[120.58418067000002,14.197630291000053],[120.58854213500001,14.213997734000031],[120.61049106700011,14.227454464000061],[120.61834722200001,14.220246020000047]]]]}},{"type":"Feature","properties":{"name":"Benguet","psgc":"141100000","island_group":"luzon"},"geometry":{"type":"Polygon","coordinates":[[[120.78527385300004,16.92133500700004],[120.89301445400008,16.821064410000076],[120.92950614800009,16.600053544000048],[120.76896590900003,16.198033657000053],[120.52020294500005,16.233441361000075],[120.58601613200005,16.836661373000027],[120.78527385300004,16.92133500700004]]]}},{"type":"Feature","properties":{"name":"Biliran","psgc":"087800000","island_group":"visayas"},"geometry":{"type":"MultiPolygon","coordinates":[[[[124.47984504200008,11.456487271000071],[124.47983134600008,11.456465571000024],[124.47972319400003,11.456482875000063],[124.47975095600009,11.456527307000044],[124.47984504200008,11.456487271000071]]],[[[124.48299732400005,11.456507334000037],[124.4830366650001,11.456656817000066],[124.4830136700001,11.456538779000027],[124.48300839500007,11.456516505000025],[124.48299732400005,11.456507334000037]]],[[[124.48198744700005,11.458723862000056],[124.48199478300012,11.458860806000075],[124.48201484200001,11.458844976000023],[124.48201484000003,11.458844872000043],[124.48201378500005,11.458790007000061],[124.4820127480001,11.458736101000056],[124.48198744700005,11.458723862000056]]],[[[124.48201997300009,11.459111720000067],[124.48201638400008,11.458925175000047],[124.48199842800011,11.458928839000066],[124.48197463000008,11.459143098000027],[124.48201997300009,11.459111720000067]]],[[[124.48197634000007,11.459342196000023],[124.4819821110001,11.459449926000048],[124.4819939790001,11.459445864000031],[124.48200076700005,11.459369851000076],[124.48197634000007,11.459342196000023]]],[[[124.2652766540001,11.582488364000028],[124.27030540800001,11.577700225000058],[124.2750673270001,11.563307355000063],[124.26880370800006,11.556630522000034],[124.2621094540001,11.55698727500004],[124.25576211100008,11.581629657000065],[124.2652766540001,11.582488364000028]]],[[[124.42627325100011,11.70720989800003],[124.43743209900003,11.701277403000063],[124.46532812300006,11.705896284000062],[124.47593549300007,11.697386592000043],[124.49873317100003,11.69028092800005],[124.51216112200007,11.680543967000062],[124.5202461130001,11.681638465000049],[124.53559418300006,11.676206940000043],[124.5365584760001,11.66790988300005],[124.5430228130001,11.654348051000056],[124.55474133300004,11.640929051000057],[124.56609076000007,11.61730368700006],[124.56272700700003,11.606630413000062],[124.56867915300006,11.597185590000038],[124.57735432900006,11.592667400000039],[124.583190091,11.567137127000024],[124.59322266000004,11.559611129000075],[124.60312257500004,11.555519279000066],[124.6163336840001,11.544455354000036],[124.61963472500008,11.53400446300003],[124.61603794500002,11.511685450000073],[124.60651071500001,11.494537470000068],[124.60573366800008,11.488540157000045],[124.59544097800006,11.48660532200006],[124.58579451700007,11.475941757000044],[124.57299756800012,11.472242290000054],[124.56158228600009,11.473845635000032],[124.55460660900007,11.478184426000041],[124.5461192460001,11.478088824000054],[124.53657303900002,11.473486136000076],[124.52733822800008,11.476950456000054],[124.51478618800002,11.474044456000058],[124.50162588,11.473914575000038],[124.490744231,11.469413152000072],[124.48632379700007,11.46412100200007],[124.4623263960001,11.467784506000044],[124.45959810900001,11.475614145000065],[124.4520704360001,11.477996694000069],[124.4413717870001,11.48884004000007],[124.4440783340001,11.49466375000003],[124.43218654700001,11.503448107000054],[124.42348969400007,11.515086257000064],[124.41810760500005,11.535211913000069],[124.40650710800003,11.535607562000052],[124.39665816700006,11.555962932000057],[124.39124282600005,11.56056705900005],[124.39013032500009,11.577030684000022],[124.39569057000006,11.588896095000052],[124.392735678,11.599777286000062],[124.37996550100002,11.606418760000054],[124.37680455200007,11.62797826800005],[124.36087899300003,11.639330825000059],[124.361073873,11.65710126700003],[124.35450486500008,11.664829252000061],[124.34653480800011,11.665038570000036],[124.3358550150001,11.66999301800007],[124.33472640000002,11.675927602000058],[124.3449820830001,11.680707046000066],[124.36046338800008,11.681220413000062],[124.37243188800005,11.692836205000049],[124.39289085900009,11.69630882000007],[124.41698176500006,11.706058711000026],[124.42627325100011,11.70720989800003]]],[[[124.31768282300004,11.81726167200003],[124.32258770600004,11.813631862000022],[124.3311135030001,11.81580794000007],[124.34740539200004,11.808931657000073],[124.35018677900007,11.802565569000024],[124.35018927400006,11.778976228000033],[124.34747712100011,11.772945436000043],[124.33780407100005,11.765667720000067],[124.3249952970001,11.759944248000068],[124.31189524900003,11.763843468000061],[124.29422670200006,11.783841915000039],[124.29360796600008,11.79607889700003],[124.30014321300007,11.806090402000052],[124.30652928500001,11.806640652000056],[124.31768282300004,11.81726167200003]]]]}},{"type":"Feature","properties":{"name":"Bohol","psgc":"071200000","island_group":"visayas"},"geometry":{"type":"MultiPolygon","coordinates":[[[[123.92261527300002,9.49996119900004],[123.92957034100004,9.490947160000076],[123.92136506000008,9.48558596600003],[123.91826004500001,9.490361601000075],[123.92261527300002,9.49996119900004]]],[[[123.83648725700004,9.644078256000057],[123.84692765200009,9.64070980200006],[123.86207544600006,9.626538797000023],[123.87146374200006,9.62205061700007],[123.86990194500004,9.605669496000075],[123.86567764500012,9.597908365000023],[123.85338557300008,9.58888177700004],[123.83979315700003,9.58670760800004],[123.82833476000008,9.575510001000055],[123.81283014000007,9.566011034000041],[123.80371305500012,9.555077099000073],[123.79720865200011,9.551585063000061],[123.78442959600011,9.551095278000048],[123.75831692000008,9.545066035000048],[123.752009358,9.54606265800004],[123.74325100800002,9.55316190000002],[123.74850667500004,9.55834709100003],[123.74931663600012,9.57261591100007],[123.73317138900006,9.584671557000036],[123.75170700300009,9.594855626000026],[123.77174066000009,9.617117394000047],[123.7871506670001,9.623805467000068],[123.80589912100004,9.62692467100004],[123.81922122200001,9.637297312000044],[123.82785016100001,9.637640237000028],[123.83648725700004,9.644078256000057]]],[[[123.79012127300007,9.864313846000073],[123.80064501000004,9.862154184000076],[123.81584677400008,9.854207045000067],[123.81163098200011,9.846946851000041],[123.79599381900005,9.839596320000055],[123.78556230700008,9.850824492000072],[123.79012127300007,9.864313846000073]]],[[[124.56839122800011,9.866112351000027],[124.56649818200003,9.85403057600007],[124.55954700900008,9.856040773000075],[124.56101732800005,9.86398472600007],[124.56839122800011,9.866112351000027]]],[[[123.781748719,9.892355811000073],[123.79243479700006,9.886106218000066],[123.78016193300004,9.875333512000054],[123.77211173900002,9.864096141000061],[123.76454973400007,9.861026631000072],[123.76073378300009,9.874589859000025],[123.75948874800008,9.889849370000036],[123.76593492100005,9.892244275000053],[123.77688723200004,9.889686316000052],[123.781748719,9.892355811000073]]],[[[123.82394237800008,9.911229657000035],[123.83800068200003,9.902877],[123.84852741400005,9.900715863000073],[123.83851965300005,9.89229092200003],[123.8356436580001,9.885605091000059],[123.81972922500006,9.890737189000049],[123.81880132100002,9.897824669000045],[123.80835247400012,9.907203587000026],[123.82394237800008,9.911229657000035]]],[[[124.61547633000009,10.153081935000046],[124.61869572000012,10.149020170000028],[124.61109568200004,10.140308793000031],[124.60128268900007,10.136952776000044],[124.59561823900003,10.118641798000056],[124.60631724400002,10.09839172900007],[124.60423045000005,10.08734398200005],[124.59422222700005,10.081449994000025],[124.58427159700011,10.089677428000073],[124.56107818700002,10.092409370000041],[124.54991228000006,10.080105651000054],[124.55753221900011,10.075975590000041],[124.55120502300008,10.068699555000023],[124.5529531740001,10.056120030000045],[124.53952942300009,10.051818360000027],[124.5279594110001,10.068452249000075],[124.52719756500005,10.082762671000069],[124.53251569600002,10.08438151300004],[124.53165390000004,10.097821645000067],[124.52570912400006,10.097026898000024],[124.5216977990001,10.10419124200007],[124.5239227290001,10.116704679000065],[124.5305602950001,10.119570685000042],[124.54121316300007,10.11045352900004],[124.54785648400002,10.115411951000056],[124.5532215820001,10.132077184000025],[124.5605645070001,10.130125785000075],[124.56330397900001,10.119259183000054],[124.57060152000008,10.125832471000024],[124.59064150000006,10.136788748000072],[124.59869717700008,10.146901372000059],[124.61547633000009,10.153081935000046]]],[[[124.28993463000006,10.17363597000002],[124.2986724220001,10.164934101000028],[124.31389333700008,10.165284181000061],[124.341708949,10.138076806000072],[124.34023918200012,10.126811664000058],[124.35498914000004,10.12824581700005],[124.36239796000007,10.135542269000041],[124.3670307860001,10.153393782000023],[124.37414260900005,10.150631937000071],[124.3796786050001,10.137959368000054],[124.39175966700009,10.130628708000074],[124.39323507800009,10.124357043000032],[124.38932836700008,10.10662218300007],[124.4041118450001,10.105173621000063],[124.41590327600011,10.101773840000021],[124.42082853200009,10.091372456000045],[124.44138984800009,10.084905563000063],[124.46342213000003,10.062480729000072],[124.48154309000006,10.055847803000063],[124.50070941800004,10.064053393000052],[124.49997941600009,10.071420524000075],[124.50470373600001,10.076171072000022],[124.51448876100005,10.070278443000063],[124.52244484800008,10.055967766000037],[124.53277406000007,10.042548705000058],[124.54697681300001,10.04094597300002],[124.54571895800007,10.032982832000073],[124.55458491200011,10.027850760000035],[124.55300035800008,10.013076398000067],[124.56035392700005,10.009331647000067],[124.5613157470001,10.000124897000035],[124.56891912200001,9.99670371700006],[124.57005105600001,9.976500892000047],[124.56339148000006,9.971107576000065],[124.55776335400003,9.972914943000035],[124.55899155500003,9.985749975000033],[124.54925688600008,9.98371680400004],[124.5436795380001,9.97228801600005],[124.5506418220001,9.968833509000035],[124.5489729840001,9.961855137000043],[124.55216509000002,9.95190481700007],[124.543846045,9.949223761000042],[124.54953975300009,9.939947889000052],[124.5511435620001,9.928837378000026],[124.53794564000009,9.925652566000053],[124.53922020800007,9.920076091000055],[124.56083395100006,9.920255739000027],[124.5756489480001,9.910303872000043],[124.56882671000005,9.907061846000033],[124.57011084200008,9.885656192000056],[124.56039280400012,9.873348144000033],[124.55074316700006,9.872296105000032],[124.52881812900011,9.858035237000024],[124.5167017120001,9.855686199000047],[124.5223471590001,9.844510999000022],[124.5465604100001,9.838127748000034],[124.54757774000007,9.831272482000031],[124.55755286700003,9.827655150000055],[124.55611641200005,9.820543636000025],[124.57564427300008,9.80948972400006],[124.59073793200002,9.811160848000043],[124.59354920500004,9.80123631400005],[124.59248530000002,9.790587985000059],[124.59538365600008,9.76650573300003],[124.59278702600011,9.756087292000075],[124.57716553800003,9.744875154000056],[124.57134214100006,9.732418237000047],[124.51405618600006,9.722875233000025],[124.50476995600002,9.733650010000076],[124.49685527600002,9.762549893000028],[124.48448919900011,9.760939703000076],[124.47731877500007,9.755853754000043],[124.47442024500003,9.748298263000038],[124.45591797200007,9.729471078000074],[124.44563678200007,9.720809105000058],[124.42708303100005,9.72107599800006],[124.40893390000008,9.710928386000035],[124.40111778300002,9.691819365000072],[124.40143949000003,9.657212732000062],[124.39899260800007,9.652581916000031],[124.36866293300011,9.650625782000077],[124.36081421300003,9.638917828000046],[124.35876932600002,9.62979027700004],[124.32963497600008,9.623370331000046],[124.31386431900012,9.622270453000056],[124.30745520000005,9.61604350400006],[124.2904489120001,9.610153744000058],[124.28401415400003,9.604618532000075],[124.26944758600007,9.60340988200005],[124.26014032300009,9.598795538000047],[124.23173539400011,9.598811933000036],[124.21998012600011,9.60404298700007],[124.20157613100002,9.606631848000063],[124.1910160750001,9.610044386000027],[124.17797271300003,9.606850512000051],[124.16658576500004,9.606899739000028],[124.14421379400005,9.598670904000073],[124.12908758700007,9.598965591000024],[124.10498909800003,9.590027331000044],[124.08475201100009,9.587712961000022],[124.05501290300003,9.589358706000041],[124.04380866800011,9.593679329000054],[124.0371017120001,9.59312317000007],[124.00306005700008,9.597549474000061],[123.99908814900004,9.604482376000021],[123.98239301300009,9.598004367000044],[123.97426920700002,9.605725926000048],[123.96969755700002,9.600954176000073],[123.94177466100007,9.611134659000072],[123.93807234500002,9.614278717000047],[123.9173387410001,9.621498582000072],[123.87879238200003,9.625967857000035],[123.86605340000006,9.633495432000075],[123.85464910200005,9.637559059000068],[123.84419571600006,9.662397293000026],[123.84399302400004,9.667256902000076],[123.85643646400001,9.691125070000055],[123.85606257800009,9.698905969000066],[123.86346826300007,9.715361745000052],[123.85453820900011,9.71931081100007],[123.84027107300005,9.739486140000054],[123.83229749000009,9.741804325000032],[123.82491767700003,9.738045543000055],[123.80083941900011,9.733104024000056],[123.78746461500009,9.739125933000025],[123.78282095400004,9.771551344000045],[123.78980554700001,9.805085421000058],[123.79805896800008,9.825924935000046],[123.8045102750001,9.831523815000025],[123.80637473900003,9.841798292000021],[123.81876292800007,9.847188190000054],[123.83191786400005,9.863817382000036],[123.83606817600003,9.863313546000029],[123.83984759200007,9.875780201000055],[123.84888562800006,9.880631592000043],[123.85403828900007,9.88846030600007],[123.87316362900003,9.895134622000057],[123.86844415600001,9.900710407000076],[123.86670826500006,9.910778740000069],[123.88332572000002,9.920497511000065],[123.88009563900005,9.928095554000038],[123.88962721500002,9.929375974000038],[123.88747548000003,9.919807114000037],[123.89107988800004,9.91182752900005],[123.90133574400011,9.916493158000037],[123.90328387300008,9.924124475000042],[123.91185421800003,9.932794385000022],[123.93021983900007,9.933812338000052],[123.95173855000007,9.942906483000058],[123.96075534300007,9.951262796000037],[123.98430230100007,9.964072886000054],[124.01352543100006,9.964548602000036],[124.02750532800007,9.967241103000049],[124.04412268900012,9.987890573000072],[124.04389501900005,9.993615773000045],[124.05623539500004,10.032339996000076],[124.06226921300004,10.067498070000056],[124.08228301800011,10.073497166000038],[124.08597194400011,10.06235381700003],[124.09680547700009,10.064511338000045],[124.09630899400008,10.076169500000049],[124.10808211300002,10.087049218000061],[124.11838449900006,10.09280671700003],[124.13751098600005,10.11221714800007],[124.13321092300009,10.122519191000038],[124.13794407600005,10.132923924000067],[124.14289141800009,10.135399036000024],[124.14750504300002,10.14923360900002],[124.15295755900001,10.153846829000031],[124.16301743300005,10.153030544000046],[124.17824475300006,10.145780441000056],[124.1908833870001,10.152202611000064],[124.19784309200008,10.149356032000071],[124.20785306800008,10.161005524000075],[124.23722014500004,10.162145719000023],[124.2494101210001,10.161145782000062],[124.26753928000005,10.155252602000076],[124.28104628300002,10.155168974000048],[124.28866332300004,10.163531359000046],[124.28993463000006,10.17363597000002]]],[[[124.1865098180001,10.176492609000036],[124.18574805500009,10.166616799000053],[124.17886899400003,10.154951572000073],[124.16128506400003,10.160586864000038],[124.16828350800006,10.173644763000027],[124.1865098180001,10.176492609000036]]],[[[124.38145154200004,10.18461964900007],[124.39153880200001,10.176824693000071],[124.37945990900005,10.16784033700003],[124.36857691600005,10.162797736000073],[124.36205331100007,10.167657089000045],[124.35217819800005,10.165359135000074],[124.35130293800012,10.175234931000034],[124.36587081700009,10.174819938000041],[124.3767101300001,10.183905551000066],[124.38145154200004,10.18461964900007]]],[[[124.25892127400004,10.206539847000045],[124.261947716,10.200783322000063],[124.25194356400004,10.196661592000055],[124.24596318800002,10.187251164000031],[124.23835483500011,10.18138213100002],[124.22014871800002,10.178517334000048],[124.2258458020001,10.185709987000052],[124.21974631000012,10.190742357000033],[124.20922844900008,10.187697386000025],[124.20453470400003,10.182247503000042],[124.19837817600012,10.185844432000067],[124.20255640500011,10.19445603500003],[124.21783504400003,10.19870323400005],[124.2273476040001,10.193646603000047],[124.24601233700002,10.202527823000025],[124.25892127400004,10.206539847000045]]],[[[124.16851781200012,10.211361110000041],[124.18086109400008,10.205142243000068],[124.18290860400009,10.198001206000072],[124.16501712700006,10.192040279000025],[124.14964276600006,10.191562450000049],[124.15433545300004,10.204793179000035],[124.16851781200012,10.211361110000041]]]]}},{"type":"Feature","properties":{"name":"Bukidnon","psgc":"101300000","island_group":"mindanao"},"geometry":{"type":"Polygon","coordinates":[[[125.17110421600012,8.582282192000037],[125.26060613800007,8.579006866000043],[125.25254272100005,8.551628289000064],[125.24756096900012,8.478069553000068],[125.266307,8.438375],[125.2837343330001,8.42253622800007],[125.275266955,8.390871314000037],[125.27508000000012,8.354652],[125.308692973,8.311562027000036],[125.3398775820001,8.284365215000037],[125.34678330500003,8.232364682000025],[125.36471556900005,8.217653674000076],[125.36827841000002,8.18486486200004],[125.38380922100009,8.179686149000077],[125.43515705400011,8.10919805800006],[125.43694530500011,8.08588566800006],[125.405628,8.076177],[125.37992309300012,8.042899480000074],[125.37505743800011,8.014980926000021],[125.38635865800006,7.984359599000072],[125.41511766700012,7.938313313000037],[125.42010363000009,7.909866804000046],[125.41623533800009,7.819379437000066],[125.4320952160001,7.787205359000041],[125.44083203100001,7.743106942000054],[125.42437487600012,7.684201312000027],[125.42456248600001,7.622786366000071],[125.35360549600011,7.623267940000062],[125.33536292100007,7.635943137000027],[125.30941261700002,7.62925129000007],[125.32432367400008,7.601914351000062],[125.32590265800002,7.565047432000028],[125.26559191100012,7.564791229000036],[125.26359983300006,7.506819022000059],[125.23062998900002,7.500939476000042],[125.16446866600006,7.509299815000077],[125.15531106600008,7.465819585000077],[125.12406894500009,7.453959513000029],[125.06695334500012,7.45118165100007],[125.05377243200007,7.411979559000031],[125.02973396000004,7.403611927000043],[124.97236416700002,7.40171975100003],[124.94312128100012,7.41838602200005],[124.92982309000001,7.435701461000065],[124.89494914000011,7.41477726100004],[124.8391639240001,7.456086250000055],[124.84076430300001,7.475050844000066],[124.80799310800012,7.494697471000052],[124.8009556930001,7.52153041400004],[124.8262890200001,7.541656422000074],[124.81842655500009,7.594076047000044],[124.80512258100009,7.62262835100006],[124.76354225800003,7.647100545000058],[124.74331258900008,7.698349593000046],[124.72852694100004,7.720516810000049],[124.73141648600006,7.745150887000023],[124.71147050000002,7.75422853300006],[124.70474013600005,7.780107457000042],[124.68825885600006,7.790364049000061],[124.66383902900009,7.834204876000058],[124.63177669800007,7.846372404000022],[124.61878717000002,7.887981693000029],[124.60192866200009,7.90991451900004],[124.56253066200009,7.98184142100007],[124.56478764500002,7.994089863000056],[124.5480040860001,8.029671449000034],[124.54747900500001,8.064921644000037],[124.52560673000005,8.108390977000056],[124.49892875400008,8.144089777000033],[124.55245870400006,8.144276023000032],[124.56705519500008,8.160145672000056],[124.57141243,8.214811578000024],[124.58276749100003,8.253760912000075],[124.58569814100008,8.289942023000037],[124.60475992700003,8.321158559000025],[124.60095435200003,8.341523851000034],[124.61330911000005,8.39789292100005],[124.62696749800011,8.418095680000022],[124.77101278500004,8.42198077200004],[124.80294577500001,8.464117050000027],[124.78466056600007,8.480697472000031],[124.79487842600008,8.50679776100003],[124.8326646160001,8.516467929000044],[124.8470019770001,8.53934502800007],[124.84556848500006,8.557733292000023],[124.87082259400006,8.583962324000026],[124.90954796800008,8.599141823000025],[124.9577568630001,8.598802371000033],[125.02576683100006,8.609349439000027],[125.03110151500005,8.590509733000033],[125.09197270300001,8.583274949000042],[125.17110421600012,8.582282192000037]]]}},{"type":"Feature","properties":{"name":"Bulacan","psgc":"031400000","island_group":"luzon"},"geometry":{"type":"Polygon","coordinates":[[[121.3121526440001,15.19876970100006],[121.31879139300008,15.164067442000032],[121.31965715800004,15.116397642000038],[121.34785653300003,14.996370968000065],[121.33820501900004,14.947222596000074],[121.34011224500011,14.886441354000056],[121.33035662500004,14.834802543000023],[121.25299686000005,14.829226646000052],[121.21925184400004,14.83322319000007],[121.20804184000008,14.81794121400003],[121.16528463600002,14.823417534000043],[121.10445726500006,14.770683126000051],[121.02796889500007,14.781271736000065],[121.02402399100004,14.763034879000031],[120.9901370550001,14.757063631000051],[120.97852281100006,14.734806719000062],[120.9259614660001,14.734299748000069],[120.95312750500011,14.694240067000067],[120.9431594560001,14.68961009700007],[120.91841488700004,14.712960826000028],[120.90340439300007,14.704011029000071],[120.8551997830001,14.729142895000052],[120.82010853600002,14.760218699000063],[120.80138175000002,14.754859573000033],[120.76916876900009,14.764475983000068],[120.75003958600007,14.75881515900005],[120.6872372140001,14.770876218000069],[120.69958991900012,14.81491780500005],[120.69810754800005,14.830804838000063],[120.7216121670001,14.873341453000023],[120.72575764100009,14.910641975000033],[120.74316107100003,14.930947609000043],[120.77246186800005,14.924464991000036],[120.83266964000006,14.957030230000044],[120.8562909960001,14.976220701000045],[120.87914163500011,14.982093235000036],[120.8781569030001,15.00785464300003],[120.90889529800006,15.022694277000028],[120.91405588500004,15.051393264000069],[120.89808489900008,15.072300916000074],[120.90273443900003,15.085797942000056],[120.9332823950001,15.089088583000034],[120.94784750500003,15.136836239000047],[120.92127848400003,15.155285676000062],[120.92865891600002,15.216318620000038],[120.98568132500009,15.227066111000056],[121.00487735500008,15.245915766000053],[121.07470719000003,15.268369465000035],[121.1163055830001,15.265820260000055],[121.14503048900008,15.27219688300005],[121.18592226300007,15.265765786000031],[121.20653523100009,15.22044085300007],[121.2509377880001,15.201790574000029],[121.3121526440001,15.19876970100006]]]}},{"type":"Feature","properties":{"name":"Cagayan","psgc":"021500000","island_group":"luzon"},"geometry":{"type":"MultiPolygon","coordinates":[[[[122.13345586200012,18.581714198000043],[122.15386680000006,18.576478639000072],[122.15771211900005,18.55483806500007],[122.13539532100003,18.519494859000076],[122.1127962280001,18.547344203000023],[122.11635635300001,18.56726133500007],[122.13345586200012,18.581714198000043]]],[[[122.1729689010001,17.58454244400002],[122.04625641700011,17.57031679800002],[121.89488360100006,17.530313728000067],[121.82031676800011,17.53140441100004],[121.78851574600003,17.52549255400004],[121.75512754700003,17.509929960000022],[121.70381581100003,17.50181446600004],[121.64723067800003,17.50048373000004],[121.62597293100009,17.528587955000035],[121.61420260400007,17.560316989000057],[121.59972009100011,17.548195070000077],[121.54672301300002,17.580621351000048],[121.49661416000004,17.59104271800004],[121.48512366300008,17.647321689000023],[121.46632200200008,17.672321574000023],[121.44961295600001,17.661005241000055],[121.43675604700002,17.671347725000032],[121.42825329100003,17.729608221000035],[121.41411788300002,17.76319366200005],[121.38829731500005,17.793630291000056],[121.35867264400008,17.804646966000064],[121.32155435200002,17.80423081600003],[121.32413865500007,17.84713067200005],[121.34696177600006,17.87941514000005],[121.35745211900007,17.92236854300006],[121.31511820900005,17.97078315600004],[121.3317759150001,17.991224670000065],[121.34689143800006,18.03861084700003],[121.36446941600002,18.061619119000056],[121.427838,18.035335404000023],[121.46035909700004,18.04941033700004],[121.46893181700011,18.12564935000006],[121.48189198400007,18.14438367100007],[121.48948360700001,18.238844983000035],[121.4805901090001,18.26337983800005],[121.4646269640001,18.284910661000026],[121.48022320600012,18.30637117400005],[121.46125680300008,18.314619768000057],[121.41583440000011,18.323572073000037],[121.40238274300009,18.340896047000058],[121.3186229800001,18.38715477900007],[121.28555701000005,18.388537952000036],[121.24884436800005,18.428879903000052],[121.22654139600002,18.436471329000028],[121.22208115400008,18.500580942000056],[121.16786370000011,18.521977657000036],[121.15600338500008,18.54377499800006],[121.11848091500008,18.54311065400003],[121.08906431300011,18.49539121400005],[121.0935009960001,18.541745912000067],[121.06136538900012,18.539197991000037],[121.04277930400008,18.528185766000036],[121.0388081100001,18.505030128000044],[121.0234730630001,18.498688611000034],[121.002873797,18.46610564300005],[120.95867309800008,18.463202412000044],[120.96914518300002,18.510116371000038],[120.97645367700011,18.568958937000048],[120.97272398500002,18.581773456000064],[121.0374460810001,18.615428198000075],[121.06568194700003,18.607342462000076],[121.09069812900009,18.614568537000025],[121.09748466500002,18.626217995000047],[121.14503145600008,18.626468465000073],[121.19677468800012,18.608827924000025],[121.28902353300009,18.536927648000074],[121.31367422700009,18.52118867100006],[121.45158316900006,18.460188465000044],[121.5090513240001,18.419653793000066],[121.59275498500006,18.375516292000043],[121.60640043900003,18.371869421000042],[121.62151758700008,18.35134620900004],[121.64395728900001,18.358924992000027],[121.8522636240001,18.284368354000037],[121.908426813,18.269700620000037],[121.93385582600001,18.266702418000023],[122.01116399400007,18.287890254000047],[122.02781465200007,18.307837862000042],[122.05292684000005,18.32173530700004],[122.0631508570001,18.342769002000068],[122.11787789700008,18.374524007000048],[122.131934612,18.38818135100007],[122.12468801900002,18.423745764000046],[122.14808044500012,18.482276397000078],[122.14665067700003,18.507007084000065],[122.16687579400002,18.521697646000064],[122.19050487100003,18.510682320000058],[122.21907827200005,18.522649942000044],[122.23910830200009,18.511822059000053],[122.24641128200005,18.48850872500003],[122.24047656200003,18.477016673000037],[122.24859035000009,18.45070527400003],[122.276972827,18.41631417800005],[122.29334246400003,18.411663025000053],[122.32042427600004,18.378976868000052],[122.33747537500005,18.308790129000045],[122.3203154470001,18.247146152000028],[122.30732023400003,18.240391818000035],[122.28729110900008,18.199992964000046],[122.26609010800007,18.185983114000067],[122.26353889600011,18.170332990000077],[122.21491560000004,18.150664450000022],[122.19065588600006,18.116232253000078],[122.18174746000011,18.11664994700004],[122.1647726010001,18.071423221000032],[122.17723768600001,18.054309273000058],[122.18832616800012,17.999896641000078],[122.17739595700004,17.969262805000028],[122.18115558900001,17.92167638600006],[122.18958404200009,17.91133276900007],[122.16563083300002,17.883515558000056],[122.16836572800003,17.85072698500005],[122.15268325200009,17.839762533000055],[122.15538423600003,17.813995345000023],[122.13990921300001,17.80297550000006],[122.13788191900005,17.779920099000037],[122.14839150600005,17.75418382500004],[122.14434510100011,17.73768922900007],[122.16852224100012,17.69865232500007],[122.16314383600002,17.676210140000023],[122.1633278490001,17.611406852000073],[122.1729689010001,17.58454244400002]]],[[[121.41474585900005,18.90582760700005],[121.47928180800011,18.872838815000023],[121.45296128100006,18.855661315000077],[121.37379818900001,18.850166024000032],[121.34548574200005,18.841540010000074],[121.28954569600012,18.844289756000023],[121.27516214600007,18.857851328000038],[121.28516976200001,18.884799910000027],[121.31224013400004,18.87749628800003],[121.34473650600012,18.891341555000054],[121.36120551600004,18.88815198700007],[121.37770847600007,18.89871759300007],[121.41474585900005,18.90582760700005]]],[[[121.91774692900003,19.00351504300005],[121.94489424800008,19.001805913000055],[121.96462497200002,18.97360900800004],[121.99294018800003,18.95893063400007],[121.97919965000006,18.935285200000067],[121.9605680740001,18.935473530000024],[121.955639915,18.907532332000073],[121.92859190500008,18.885870943000043],[121.89103888600005,18.868505596000034],[121.87760347300002,18.827192575000026],[121.85567418300002,18.812006757000063],[121.83839260600007,18.820398299000033],[121.82624672500003,18.86076750500007],[121.8346055610001,18.87161035400004],[121.86272099900009,18.88089362000005],[121.87138301200002,18.893874993000054],[121.85108862800007,18.927983965000067],[121.87060851000001,18.946850638000058],[121.87152736000007,18.980858483000077],[121.89999113400006,19.002360432000046],[121.91774692900003,19.00351504300005]]],[[[121.21789591400011,19.171320620000074],[121.23153837600012,19.15601165000004],[121.23644782000008,19.126303651000057],[121.24765641300007,19.103454675000023],[121.25384397300002,19.028598033000037],[121.21512476900011,19.038664951000044],[121.19914052400009,19.05983329000003],[121.19568852400005,19.096395916000063],[121.2017121450001,19.126043511000034],[121.21789591400011,19.171320620000074]]],[[[121.40700169100012,19.393310426000028],[121.48158188600007,19.371944167000038],[121.50021131200003,19.37089398300003],[121.51509894500009,19.388483621000034],[121.52933978600004,19.348736603000077],[121.522910367,19.318213812000067],[121.53945250100003,19.28776479900006],[121.53967262900005,19.268404838000038],[121.49759151400008,19.254093436000062],[121.4367493530001,19.27693669200005],[121.40934533000006,19.283002211000053],[121.39004284300006,19.300925148000033],[121.39081637600009,19.32857758600005],[121.36074723500008,19.351019670000028],[121.38829911200003,19.369702344000075],[121.39233084700004,19.388337721000028],[121.40700169100012,19.393310426000028]]],[[[121.96981482700005,19.573752417000037],[121.9909493460001,19.556471327000054],[121.99451809700008,19.531571720000045],[121.99049111600004,19.503744596000047],[121.95630041900006,19.476550376000034],[121.89968606800005,19.517885254000078],[121.89602770200008,19.549136694000026],[121.94367013100009,19.55532832800003],[121.96981482700005,19.573752417000037]]]]}},{"type":"Feature","properties":{"name":"Camarines Norte","psgc":"051600000","island_group":"luzon"},"geometry":{"type":"MultiPolygon","coordinates":[[[[123.10509961900004,14.046707566000066],[123.11359965200006,14.03470431200003],[123.10370197800012,14.033146694000038],[123.0941300500001,14.041936577000058],[123.10509961900004,14.046707566000066]]],[[[123.05207999400011,14.129602478000038],[123.0656588490001,14.128447547000064],[123.0694779690001,14.121579465000025],[123.0673145830001,14.103751846000023],[123.06096334000006,14.108080890000053],[123.05207999400011,14.129602478000038]]],[[[123.06069556800003,13.837581502000035],[122.9935150020001,13.891340081000067],[122.95698706100006,13.918252184000039],[122.94104603700009,13.922882583000046],[122.92858871300007,13.922099048000064],[122.92109169100002,13.938515966000068],[122.90082775600001,13.940135232000046],[122.90382023100005,13.948699912000052],[122.89186546700012,13.964380530000028],[122.85295762900012,13.976679415000035],[122.84465426400004,13.98558823600007],[122.79251799700012,14.013752262000025],[122.771600067,14.021161902000074],[122.71850226100003,14.042740808000076],[122.70631229800006,14.046433639000043],[122.6416175170001,14.070068482000067],[122.61303162500008,14.082416848000037],[122.538911374,14.116739880000068],[122.45199363600011,14.150213563000023],[122.44662851400005,14.135111727000037],[122.43353581000008,14.121447172000046],[122.43217796400006,14.113516736000065],[122.42299240700004,14.10809583200006],[122.40846578100002,14.090570176000028],[122.39616586800003,14.084713977000035],[122.38376856000002,14.066641330000039],[122.36204661600004,14.062866015000054],[122.34078479700008,14.064244632000054],[122.32626999400009,14.062704842000073],[122.29877357100008,14.072661698000047],[122.30187157000012,14.087203955000064],[122.3080357230001,14.100043253000024],[122.31592486500006,14.105969963000064],[122.3311714890001,14.106660614000077],[122.34055515300008,14.11678910300003],[122.34642247800002,14.113234128000045],[122.35223498300002,14.136298861000057],[122.33696313300004,14.155423720000044],[122.3352529340001,14.16779499200004],[122.33772044700004,14.184416752000061],[122.33236814800011,14.196939761000067],[122.34137673300006,14.203263801000048],[122.34913292200008,14.201012570000046],[122.34425465700008,14.190289724000024],[122.35623329500004,14.18874353800004],[122.35680971300008,14.203982943000028],[122.34830726400003,14.207497480000029],[122.34609708000005,14.217900714000052],[122.35594786500008,14.222552048000068],[122.358919796,14.214793650000047],[122.37998623300007,14.213660035000032],[122.37997275300006,14.219927467000048],[122.36870362500008,14.230777614000033],[122.36054875500008,14.245757278000042],[122.37251421000008,14.258798826000032],[122.38439486300001,14.286956624000027],[122.3937339360001,14.279170495000074],[122.41289908600004,14.28714265700006],[122.41895649700007,14.310201145000065],[122.43069877700009,14.301042566000035],[122.43511515800003,14.31638781600003],[122.45327977500006,14.318616012000064],[122.4583462600001,14.329449160000024],[122.4655129040001,14.328110982000055],[122.46904584000004,14.339656734000073],[122.4864149120001,14.328632154000047],[122.49433782800008,14.336679752000066],[122.50324496500002,14.331020443000057],[122.51271480300011,14.318313298000078],[122.52619092900011,14.322273873000029],[122.51550258800012,14.330017819000034],[122.50931740800002,14.344450388000041],[122.52222619400004,14.344271098000036],[122.5290309080001,14.335571723000044],[122.53807742200001,14.340147731000059],[122.56947210100009,14.325547820000054],[122.59759344100007,14.318786681000063],[122.59705632600003,14.30261895500007],[122.62067901400007,14.288660201000027],[122.62890312700006,14.293741587000056],[122.63870229200006,14.291568253000037],[122.64721337200001,14.302442362000022],[122.6639121280001,14.300403708000033],[122.68202071600001,14.283689823000032],[122.69385732500007,14.285379810000052],[122.67662371100005,14.311144521000074],[122.66803338800003,14.336909268000056],[122.68832319800003,14.34392517200007],[122.69314728100005,14.338422663000074],[122.71485107300009,14.338848687000052],[122.71344948900003,14.321473673000071],[122.71747010500007,14.314716721000025],[122.73630283700004,14.311512537000056],[122.75095041700001,14.328071634000025],[122.764164606,14.320258731000024],[122.77462077100006,14.319968864000032],[122.78193304000001,14.307551571000033],[122.79493724800011,14.305316998000023],[122.78524974700008,14.291551961000039],[122.79147267400003,14.282062880000069],[122.80316656800005,14.277364986000066],[122.82079885100006,14.275982185000032],[122.82692340000006,14.286220897000021],[122.84835619400008,14.28212379300004],[122.85419268400005,14.270031650000021],[122.86341388300002,14.271056222000027],[122.8822028300001,14.242484354000055],[122.90303961600011,14.224149262000026],[122.91546806400004,14.221458030000065],[122.91179302100011,14.211425441000074],[122.91377083600003,14.198238537000066],[122.93744859000003,14.190606294000077],[122.95315931100004,14.162961007000035],[122.96551145600006,14.152154890000077],[122.97858796900005,14.148256182000068],[122.98843210600012,14.129168167000046],[123.00212930400005,14.114826682000057],[123.01060276800001,14.111396160000027],[123.01181875000009,14.096905680000077],[123.02339867900002,14.111869162000062],[123.03193400200007,14.099974316000043],[123.04075821200001,14.101350163000063],[123.04823409000005,14.068418247000068],[123.03284526300001,14.067434628000058],[123.02983874600011,14.06022058800005],[123.02931115000001,14.040984282000068],[123.03169030900006,14.031097186000068],[123.04625174000012,14.012021146000052],[123.05648891100009,13.993950577000021],[123.07901614900004,13.98659549100006],[123.08752683800003,13.970407353000041],[123.08201959000007,13.959125904000075],[123.08792853000011,13.922626498000056],[123.09270104900008,13.915382390000048],[123.08961222900007,13.902657603000023],[123.09432805900008,13.887687827000036],[123.08706976600001,13.881587234000051],[123.0697007440001,13.876371493000022],[123.05854909200002,13.852731211000048],[123.06069556800003,13.837581502000035]]],[[[122.8137578520001,14.40757138500004],[122.81985464400009,14.394472239000038],[122.81342093100011,14.38838452300007],[122.80732944400006,14.399637182000049],[122.8137578520001,14.40757138500004]]],[[[122.93975364700009,14.439882897000075],[122.94285824500002,14.429807419000042],[122.95499791700001,14.419351941000059],[122.9763930040001,14.411711111000045],[122.97084500500011,14.404431804000069],[122.95498167800008,14.408583715000077],[122.94395506,14.417953448000048],[122.93710857200006,14.428359607000061],[122.93975364700009,14.439882897000075]]],[[[122.94944700100007,14.494790820000048],[122.95873828200001,14.490192171000047],[122.94877936700004,14.47876889400004],[122.95179253900005,14.466416124000034],[122.93970171,14.464753552000047],[122.94464038600006,14.45011723400006],[122.9356541200001,14.446503692000022],[122.9321670600001,14.454030096000054],[122.9226595990001,14.45477138900003],[122.91069996100009,14.445029748000024],[122.89930551300006,14.452170613000021],[122.90999072300008,14.46211309000006],[122.9314054250001,14.468080301000043],[122.93783636900002,14.474097591000032],[122.94110609900008,14.488586185000031],[122.94944700100007,14.494790820000048]]]]}},{"type":"Feature","properties":{"name":"Camarines Sur","psgc":"051700000","island_group":"luzon"},"geometry":{"type":"MultiPolygon","coordinates":[[[[123.57775347900008,13.969881650000048],[123.57816327600005,13.953091984000025],[123.56884707200004,13.944054347000076],[123.55961911600002,13.956053605000022],[123.56381699300005,13.963594363000027],[123.57775347900008,13.969881650000048]]],[[[123.81795992900004,13.978474025000025],[123.83126682900001,13.976046637000024],[123.83379934700008,13.952484860000027],[123.83792714300012,13.945400489000065],[123.83257341100011,13.937020803000053],[123.84035405500003,13.898723352000047],[123.83139722300007,13.889471456000024],[123.82468283500009,13.897481867000067],[123.82441618900009,13.910137045000056],[123.81409841800007,13.909761982000077],[123.81192843600002,13.929876818000025],[123.81669195500001,13.939566267000032],[123.8103119750001,13.944078778000062],[123.81903825600011,13.952617800000041],[123.81795992900004,13.978474025000025]]],[[[123.64427264900007,13.978375624000023],[123.6542946190001,13.97281502800007],[123.66067009900007,13.960904785000025],[123.6705776120001,13.965310405000025],[123.67788996600007,13.950839866000024],[123.67225568100002,13.937055670000063],[123.65751028700004,13.934591940000075],[123.64598059200011,13.91776873200007],[123.62993176300006,13.914135901000066],[123.62511979400006,13.906999281000026],[123.59637225400002,13.933791730000053],[123.60987063100004,13.946484841000029],[123.61826850400007,13.949765132000039],[123.62431736700012,13.958540497000058],[123.65276807000009,13.965273413000034],[123.64427264900007,13.978375624000023]]],[[[123.55795851300002,13.993874875000074],[123.57510760700006,13.98242502000005],[123.56798237100008,13.975536957000031],[123.55795851300002,13.993874875000074]]],[[[123.60125067900003,13.522687456000028],[123.54560845100002,13.516697864000037],[123.54328423800007,13.501666299000021],[123.54544748100011,13.48583663900007],[123.55664269700003,13.469524604000071],[123.57268960300007,13.458021292000069],[123.58129249100011,13.448367139000027],[123.588063368,13.42205758800003],[123.58243122100009,13.395386389000066],[123.57621389300004,13.378277725000032],[123.56798881000009,13.371857841000065],[123.57150571400007,13.36533662200003],[123.55934980300003,13.36039164400006],[123.55561125500003,13.354617189000066],[123.52370334700004,13.352766140000028],[123.512392739,13.346792858000072],[123.49379612100006,13.344597269000076],[123.49383574500007,13.361898781000036],[123.46802729700005,13.363971094000021],[123.4585464270001,13.367820792000032],[123.43280213500009,13.363097290000042],[123.4064550920001,13.347575831000029],[123.39879749300007,13.334653747000061],[123.39259550600002,13.341061079000042],[123.38393397400012,13.336091727000053],[123.37317003200008,13.33751864900006],[123.37347123000006,13.348629537000022],[123.35230857900001,13.358739036000031],[123.34140162100005,13.357780860000048],[123.33292006800002,13.347676081000031],[123.32718364800007,13.327270271000032],[123.33571568000002,13.31869599600003],[123.34625460200004,13.316078251000022],[123.3526878670001,13.306672606000063],[123.33555191200003,13.294827203000068],[123.31225141000004,13.287249039000073],[123.28522357100007,13.26951265100007],[123.28127328200003,13.258541065000031],[123.26372438600004,13.267450680000024],[123.24632322900004,13.286959527000022],[123.2385032300001,13.290611229000035],[123.23435589700011,13.313369110000053],[123.225339501,13.331745277000039],[123.21982098900003,13.334292116000029],[123.205707834,13.357319532000076],[123.20850249800003,13.370942306000074],[123.20083983400002,13.388385794000044],[123.20666102100006,13.392712311000025],[123.1992286420001,13.407779237000057],[123.20074582400002,13.418608176000077],[123.18844368300006,13.434588865000023],[123.15647910900009,13.45605342500005],[123.1431478400001,13.454232880000063],[123.13587983800005,13.464503751000052],[123.11582551100003,13.475420252000049],[123.0787792640001,13.487742469000068],[123.06784112000003,13.498199472000067],[123.04438302800008,13.508945179000023],[123.03878104400007,13.501556891000064],[123.000965672,13.522938082000053],[122.99059503600006,13.52035404000003],[122.97320068800002,13.523281412000074],[122.9611224680001,13.541133435000063],[122.94033234100004,13.552899487000047],[122.92124067100008,13.556229787000063],[122.90854491400012,13.570221324000045],[122.88821281900005,13.576154275000022],[122.8851651970001,13.587161030000061],[122.87073856900008,13.594725648000065],[122.86968381800011,13.601763830000039],[122.86012482900003,13.606871930000068],[122.83436953700004,13.629796746000068],[122.83251416000007,13.639714566000066],[122.82440749800003,13.641702555000052],[122.83402047600009,13.670616633000066],[122.84281828100006,13.682174589000056],[122.85239305100004,13.678763138000022],[122.86202012100011,13.689711272000068],[122.84954888100003,13.710606004000056],[122.83089522600005,13.736124777000043],[122.81730029300002,13.747012829000028],[122.80269053000006,13.751326642000038],[122.7795410120001,13.76420788200005],[122.76358983300008,13.778696082000067],[122.75380245600002,13.783092560000057],[122.75885358800008,13.79110713800003],[122.74886469900002,13.796005327000046],[122.74092627400012,13.80601365800004],[122.72079873200005,13.816844187000072],[122.70612011100002,13.821072937000054],[122.695124157,13.819258906000073],[122.6873048540001,13.82650731900003],[122.67894220900007,13.826469204000034],[122.67573413100001,13.810119790000044],[122.66885399900002,13.810537683000064],[122.65319974500005,13.826871685000071],[122.64303124100002,13.843485027000042],[122.65157567500012,13.851153127000032],[122.64954331400008,13.861778515000026],[122.643073963,13.863582722000046],[122.63511355100002,13.876732098000048],[122.61388522900006,13.895689229000027],[122.60470290100011,13.899374442000067],[122.59703058900004,13.895255462000023],[122.57103774200004,13.902811204000045],[122.5573413520001,13.925190435000047],[122.5648371750001,13.926952761000052],[122.56714718900002,13.937134659000037],[122.55241423200005,13.947554817000025],[122.58387379100009,13.96181139500004],[122.6201502670001,13.967995488000042],[122.62832535400003,13.972545667000077],[122.66522009700009,13.983192314000064],[122.79251799700012,14.013752262000025],[122.84465426400004,13.98558823600007],[122.85295762900012,13.976679415000035],[122.89186546700012,13.964380530000028],[122.90382023100005,13.948699912000052],[122.90082775600001,13.940135232000046],[122.92109169100002,13.938515966000068],[122.92858871300007,13.922099048000064],[122.94104603700009,13.922882583000046],[122.95698706100006,13.918252184000039],[122.9935150020001,13.891340081000067],[123.06069556800003,13.837581502000035],[123.04984451300004,13.821097523000049],[123.047567017,13.773978055000043],[123.09387588800007,13.74566863800004],[123.1164341440001,13.737608255000055],[123.11508652300006,13.72805954100005],[123.1623355270001,13.730609504000029],[123.2053409990001,13.72735375600007],[123.22932266500004,13.729124393000063],[123.2442910630001,13.736798253000075],[123.26879846200006,13.745348787000069],[123.27634157600005,13.750642450000043],[123.288058094,13.770867767000027],[123.30532974400012,13.779722119000041],[123.31767178600012,13.792166566000049],[123.32286457500004,13.80575064900006],[123.32240845900003,13.82758233800007],[123.31812023200007,13.831199180000056],[123.30776331900006,13.859262074000071],[123.29550171900007,13.871202432000075],[123.28605346600011,13.89164469800005],[123.3113195630001,13.921802582000055],[123.31727455700002,13.922435767000024],[123.32228292700006,13.935812343000066],[123.32849234500009,13.936802208000074],[123.33959874300001,13.955565174000071],[123.34085518600011,13.971744130000047],[123.3369119030001,13.974679404000028],[123.3245900170001,13.962962376000064],[123.30927783300001,13.930770393000046],[123.29628376800008,13.929553759000044],[123.28463105800006,13.932864109000036],[123.27756983600011,13.946195457000044],[123.26334455800009,13.948912325000038],[123.26015187300004,13.958511990000034],[123.252100917,13.964624524000044],[123.23199661500007,13.968191365000052],[123.23425528000007,13.975180675000047],[123.22806381700002,13.987980178000043],[123.22849265900004,14.002152021000029],[123.24632720000011,13.999786749000066],[123.26040242700003,14.003512615000034],[123.26453042800006,14.009234069000058],[123.25862185100004,14.019383165000022],[123.24009227300007,14.025443293000023],[123.24262214600003,14.031644242000027],[123.25627459000009,14.025630246000048],[123.27136344300004,14.032015133000073],[123.27914078600008,14.039693759000045],[123.27340374500011,14.056168033000063],[123.25484066900003,14.072065475000045],[123.27350204600009,14.073537784000052],[123.2984514100001,14.056926528000076],[123.30019537200008,14.049369751000029],[123.31621071100005,14.04701762700006],[123.30899285500004,14.066935026000067],[123.31548388400006,14.071937087000038],[123.32508518000009,14.06608131300004],[123.33655678800005,14.068705516000023],[123.34437536200005,14.080018800000062],[123.33171048500003,14.092732726000065],[123.346739866,14.09331385400003],[123.35937508000006,14.074123605000068],[123.35508395000011,14.054463031000068],[123.36861799300004,14.038377953000065],[123.35371059600004,14.037782408000055],[123.34669982500009,14.029024838000055],[123.34882830900006,14.010682921000068],[123.35225593300004,14.005940200000055],[123.3640286970001,14.010034564000023],[123.363525191,14.017799514000046],[123.37601889100006,14.021277974000043],[123.38786475400002,14.034825162000061],[123.39269546300011,14.027581400000031],[123.39123750200008,14.013003990000072],[123.40152112400006,14.00831168600007],[123.40265080400002,13.994008541000028],[123.41265165000004,13.985484341000074],[123.41775173200006,13.933926278000058],[123.43150722100006,13.925719080000022],[123.44853055300007,13.920205390000035],[123.44514998500006,13.949182237000059],[123.45414612400009,13.963969138000039],[123.47321627800011,13.952626210000062],[123.47922233400004,13.952505478000035],[123.48612350500002,13.941314587000022],[123.49666451900009,13.933960309000042],[123.48758644700001,13.925238213000057],[123.49379390500008,13.920938182000043],[123.51678720900009,13.930260511000029],[123.517210685,13.918810761000032],[123.54053413200006,13.917540440000039],[123.548606403,13.929629789000046],[123.55599377400006,13.921479068000053],[123.58617589700009,13.908790636000049],[123.6029075460001,13.89431524500003],[123.63083110600007,13.888875563000056],[123.64597364600002,13.883111060000033],[123.64830069300001,13.89097017000006],[123.66214279500002,13.890608228000076],[123.6679849410001,13.883133890000067],[123.68284123300009,13.879115421000051],[123.6992413260001,13.884129269000027],[123.70655017600006,13.899929518000022],[123.70255712500011,13.912671634000048],[123.71683348800002,13.920346048000056],[123.71303065500001,13.932147498000063],[123.72190593300002,13.934833673000071],[123.73239765200003,13.914549398000077],[123.73354572400001,13.899002239000026],[123.74948491600003,13.883463893000055],[123.75497428300002,13.86820506600003],[123.77098891800006,13.85835141900003],[123.7799395400001,13.858568097000045],[123.78417365100006,13.846445043000074],[123.80183178300001,13.840951049000068],[123.81344521800008,13.829011733000073],[123.84342825100009,13.815781523000055],[123.85202696200008,13.815730501000075],[123.86819890200002,13.825253592000024],[123.87744328200006,13.816291364000051],[123.88446022900007,13.803674569000066],[123.90124674200001,13.795402525000043],[123.9176739610001,13.791440430000023],[123.9414045640001,13.794929008000054],[123.94701177400009,13.786421776000054],[123.94247269300001,13.776513489000024],[123.95002136500011,13.768865022000057],[123.95099946800008,13.75516656800005],[123.96211725800003,13.752538973000071],[123.97486630600008,13.738616299000057],[123.969443608,13.72566067300005],[123.94739928400008,13.725177187000043],[123.93569274600009,13.735301922000076],[123.91951075200006,13.727282095000021],[123.9087569290001,13.730286707000062],[123.89562535800007,13.726380380000023],[123.87397042000009,13.737760631000071],[123.85968012700005,13.728984110000056],[123.85741845600012,13.718169260000025],[123.82573395600002,13.692428557000028],[123.80189008800005,13.688111903000049],[123.7799938500001,13.69418922400007],[123.77618508300009,13.698446303000026],[123.74673679200009,13.708660623000071],[123.74053810200007,13.70574270800006],[123.72688095600006,13.711226886000077],[123.71800622700005,13.708689456000059],[123.70236338400002,13.712709668000059],[123.69451428500008,13.719708301000026],[123.67319177400009,13.721081325000057],[123.65771455700008,13.707352935000074],[123.64463267000008,13.714979232000076],[123.61956546700003,13.723897221000072],[123.5869188590001,13.72973758300003],[123.58167432700009,13.726634114000035],[123.56581197700007,13.705180841000072],[123.55638421800006,13.687234364000062],[123.55364015000009,13.676811336000071],[123.53850233800006,13.638013302000047],[123.535701173,13.612622556000076],[123.54813717400009,13.595668501000034],[123.53004713500002,13.576289767000048],[123.5313160710001,13.566473659000053],[123.53836560000002,13.558276147000072],[123.55545618100007,13.55805343000003],[123.56855306700004,13.562129624000022],[123.58181129500008,13.546509452000066],[123.59826957900009,13.53707789400005],[123.60125067900003,13.522687456000028]]],[[[123.29880567000009,14.128800049000063],[123.314100918,14.123958863000041],[123.32149866300006,14.115932045000022],[123.32586966800011,14.098748714000067],[123.31398629000012,14.098533596000038],[123.30642062800007,14.111382064000054],[123.29041319600003,14.122327985000027],[123.29880567000009,14.128800049000063]]]]}},{"type":"Feature","properties":{"name":"Camiguin","psgc":"101800000","island_group":"mindanao"},"geometry":{"type":"Polygon","coordinates":[[[124.70245905400009,9.25778741800002],[124.73080277800011,9.24915360500006],[124.77888893500005,9.203107051000075],[124.80632470400008,9.122319060000052],[124.76722549400006,9.078773625000053],[124.74451065500011,9.10271907400005],[124.7186826410001,9.103684390000069],[124.67489404300011,9.12055355900003],[124.64308451900001,9.152681581000024],[124.63392342200007,9.181202865000046],[124.63530827600005,9.218181491000053],[124.66952629800005,9.250776520000045],[124.70245905400009,9.25778741800002]]]}},{"type":"Feature","properties":{"name":"Capiz","psgc":"061900000","island_group":"visayas"},"geometry":{"type":"Polygon","coordinates":[[[123.09762898100007,11.544387227000072],[123.0856191040001,11.51452260800005],[123.075251664,11.510117901000058],[123.07178157200008,11.48224771200006],[123.0584064840001,11.46568258700006],[123.05553064900005,11.455422850000048],[123.045584372,11.447568638000064],[123.0397568950001,11.427923315000044],[123.04813728400006,11.418640423000056],[123.0460306220001,11.403829250000058],[123.03508955900008,11.395186328000023],[122.99443380000002,11.389956553000047],[122.95087891900005,11.370013339000025],[122.94080518700002,11.360430154000028],[122.93493633800006,11.338812838000024],[122.9375337670001,11.322262839000075],[122.94471706200011,11.311485936000054],[122.93090437300009,11.297747973000071],[122.92136273400001,11.29878541100004],[122.90831056000002,11.291244992000031],[122.89465144100006,11.29433141800007],[122.87360262000004,11.27787395200005],[122.85512057300002,11.255937846000052],[122.86666002000004,11.252520134000065],[122.87307868500011,11.237048511000069],[122.86320664100003,11.224577564000072],[122.8602246270001,11.210301866000066],[122.85035574800008,11.195562332000065],[122.82594338400008,11.190160573000071],[122.81463650900002,11.19392378300006],[122.79181668600006,11.186459075000073],[122.78881672200009,11.199299094000025],[122.77226190300007,11.227241049000042],[122.75322355500009,11.223501396000074],[122.74378872600005,11.229183085000045],[122.726128,11.227078518000042],[122.70824223400007,11.21363333100004],[122.68208955300008,11.215811099000064],[122.65837347700005,11.209871882000073],[122.65058204600007,11.211556530000053],[122.6154183110001,11.235971931000051],[122.62880978300007,11.25438428900003],[122.63289907300009,11.266594956000063],[122.60977306100006,11.259274567000034],[122.59651263900003,11.261591893000059],[122.5833159450001,11.257892243000072],[122.57510193700011,11.246882854000035],[122.55931719700004,11.236245889000031],[122.56157174100008,11.223800277000066],[122.54033981200007,11.202374835000057],[122.5233778590001,11.191927539000062],[122.49446570100008,11.17844518000004],[122.47303762400009,11.18809168100006],[122.45216523400006,11.192964759000063],[122.4191051790001,11.195574141000066],[122.3953327160001,11.190131479000058],[122.32565518700005,11.22494626200006],[122.23994482700004,11.133468934000064],[122.21252489900007,11.166055007000068],[122.20102923400009,11.210432844000024],[122.20494237100002,11.239576831000022],[122.2051716090001,11.288325495000038],[122.19990772800008,11.311955905000048],[122.21426972200004,11.311229724000043],[122.2468685560001,11.31767639900005],[122.27312304100008,11.329970397000068],[122.29807632300003,11.34834911400003],[122.32608554300009,11.374853227000074],[122.34515057400006,11.408734009000057],[122.35076840300007,11.442258805000051],[122.3708233530001,11.427646246000052],[122.40012524700012,11.45598420600004],[122.399397539,11.474120096000036],[122.40507282700003,11.477684428000032],[122.43921808000005,11.475965538000025],[122.45351579300007,11.479252978000034],[122.47260793500004,11.476178983000068],[122.48457481000003,11.48872118600002],[122.50488909,11.484729438000045],[122.53002525000011,11.493157942000039],[122.52670540000008,11.512783739000042],[122.5326996450001,11.518185372000062],[122.53594172800001,11.535662641000044],[122.55077428000004,11.535207513000046],[122.57735727300008,11.553467966000028],[122.58952612600001,11.53291338200006],[122.59093314200004,11.51850422800004],[122.600182001,11.515024104000076],[122.6187787990001,11.51631063000002],[122.63554340900009,11.522560914000053],[122.63734617300008,11.533015191000061],[122.64844290400004,11.54548972400005],[122.63536090000002,11.549353047000068],[122.63559596800008,11.56257847300003],[122.64803316300004,11.567650121000042],[122.65045138100004,11.557388739000032],[122.66789066800004,11.548445990000062],[122.68430407800008,11.545697291000067],[122.67950753700006,11.560876589000031],[122.68221515800008,11.568835578000062],[122.71538969900007,11.581592619000048],[122.7126465660001,11.590321351000057],[122.71931665700004,11.608406337000076],[122.7507704410001,11.60643525300003],[122.80083861100002,11.606578828000067],[122.82599177700001,11.610561545000053],[122.8333448090001,11.595109059000038],[122.86441745700006,11.555959356000074],[122.86437347600008,11.540742416000057],[122.87981362800008,11.544491157000039],[122.9013001190001,11.528647009000053],[122.93118832200003,11.515825323000058],[122.92273770300005,11.506880143000046],[122.9109831500001,11.505577793000043],[122.8902813200001,11.478652305000026],[122.89184236100004,11.438077447000069],[122.898768302,11.431254973000023],[122.917624326,11.456715238000072],[122.91650643700007,11.482409626000049],[122.94399210100005,11.47927629700007],[122.98655294700006,11.482224088000066],[123.01012322300005,11.492935028000034],[123.015946761,11.500965507000046],[123.04027639200001,11.514922928000033],[123.07571130000008,11.527326474000063],[123.07961712100007,11.537085981000075],[123.09762898100007,11.544387227000072]]]}},{"type":"Feature","properties":{"name":"Catanduanes","psgc":"052000000","island_group":"luzon"},"geometry":{"type":"MultiPolygon","coordinates":[[[[124.32665398800009,13.98703411100007],[124.33414040500008,13.970891754000036],[124.34627687800003,13.964825527000073],[124.34543833000009,13.957691719000024],[124.35463149100008,13.951619231000052],[124.34249568000007,13.942154279000022],[124.32678536600008,13.941311209000048],[124.32146883400003,13.953390123000077],[124.30945620500006,13.960471262000056],[124.31343026900004,13.96836176000005],[124.32353253700012,13.975151894000021],[124.32665398800009,13.98703411100007]]],[[[124.03913243000011,14.032197497000027],[124.05083340200008,14.03111810400003],[124.04567875400005,14.017000672000052],[124.03739361100008,14.018571988000076],[124.03913243000011,14.032197497000027]]],[[[124.20640531800007,14.099928587000022],[124.21178433500006,14.094128174000048],[124.21522766500004,14.078726213000039],[124.2226103270001,14.07410113700007],[124.2491976550001,14.04921027000006],[124.25156903100003,14.039069706000078],[124.26211356400006,14.031195289000038],[124.25944608800012,14.01869841100006],[124.27068472500002,14.015108987000076],[124.27946535800004,13.998246454000025],[124.28216734400007,13.958934525000075],[124.28727080600004,13.941839185000049],[124.30037739600004,13.943327452000062],[124.30979976000003,13.931660511000075],[124.30927491600005,13.918434579000063],[124.3207355510001,13.910057338000058],[124.33496381600003,13.936987011000042],[124.35178777200008,13.937153583000054],[124.35553119100007,13.923889580000036],[124.35422380400007,13.909274554000035],[124.36406216700004,13.896804639000038],[124.384605426,13.892885675000059],[124.3865231210001,13.877331076000075],[124.39565916600009,13.883948691000057],[124.40140596600008,13.874554457000045],[124.41257577500005,13.869317030000047],[124.40053018100002,13.857726107000076],[124.41586343000006,13.858329317000027],[124.39988276600002,13.839164935000042],[124.4147846190001,13.834536498000034],[124.40768461500011,13.823502847000043],[124.41371334300004,13.811656851000066],[124.41444609200005,13.781283977000044],[124.40883129500003,13.784466219000024],[124.39329785600012,13.775752871000066],[124.40135115500004,13.769317762000071],[124.40728033500011,13.750708709000037],[124.39588135000008,13.750994322000054],[124.40055694400007,13.739349988000072],[124.39153900500003,13.731438756000045],[124.39098167300006,13.71915040500005],[124.38506534800001,13.711425806000022],[124.39675525900009,13.70393221300003],[124.38908751400004,13.691667916000029],[124.41083104000006,13.684505591000061],[124.4092056400001,13.660349758000052],[124.38986687800002,13.655477328000075],[124.37851197200007,13.64660077800005],[124.37776437100001,13.659547165000049],[124.3622512390001,13.657881859000042],[124.35624401000007,13.650098842000034],[124.34715840400008,13.648693064000042],[124.34194189400012,13.640050556000062],[124.34884962700005,13.627643166000041],[124.34429414300007,13.623047924000048],[124.34992691500008,13.594585428000073],[124.34405555500007,13.592756129000065],[124.34310525,13.572501517000035],[124.32638436500008,13.557551820000072],[124.313137761,13.575020781000035],[124.31528103200003,13.585001111000054],[124.30645995600003,13.591015059000028],[124.27404866200004,13.595806451000044],[124.24737351800002,13.590502482000034],[124.23462664500005,13.582410158000073],[124.21308117,13.562063805000037],[124.20590536300006,13.542956269000058],[124.21465130400009,13.523537751000049],[124.21011749100012,13.518389021000075],[124.18506637400003,13.522798058000035],[124.16471201400009,13.538963400000057],[124.14762075700003,13.55584983500006],[124.14380605100007,13.567936287000066],[124.13731985400011,13.574512147000064],[124.1240590540001,13.578168798000036],[124.10582369200006,13.593534844000033],[124.09594956400008,13.598276601000066],[124.06893563900007,13.604173914000057],[124.05732953100005,13.596064353000031],[124.05667592800012,13.61981469500006],[124.04095315300003,13.635123450000037],[124.02443688000005,13.664490482000076],[124.04536680800004,13.671422044000053],[124.04698826000003,13.677533347000065],[124.05765363900002,13.684057274000054],[124.06390166200003,13.693366711000067],[124.0905913260001,13.700330676000021],[124.0997163510001,13.712262449000036],[124.10530052500008,13.725276284000074],[124.10450403000004,13.739338787000065],[124.1217554640001,13.752154167000072],[124.12827172400011,13.768696247000037],[124.1273495590001,13.778457278000076],[124.13610895600004,13.797710867000035],[124.1328769700001,13.82049255000004],[124.13338025900009,13.836725525000077],[124.13757621100001,13.854722379000066],[124.13677278700004,13.870854916000042],[124.13106053500007,13.88360448800006],[124.14439393200007,13.89988535200007],[124.14717092900003,13.911068650000061],[124.14751817000001,13.936184676000039],[124.14242202300011,13.943047077000074],[124.13482851700007,13.963179944000046],[124.12917884100011,13.970854294000048],[124.130720601,13.995912050000072],[124.1275881470001,14.00288639300004],[124.13971512400008,14.01327862200003],[124.1297222930001,14.029409969000028],[124.12709720500004,14.048880841000027],[124.1291612440001,14.059511283000063],[124.1408777790001,14.063700932000074],[124.15762043200004,14.049873715000047],[124.17037226800005,14.050681378000036],[124.17725178800004,14.06031555100003],[124.18965606100005,14.067947529000037],[124.18818728000008,14.075981977000026],[124.19255616600003,14.088147639000056],[124.20640531800007,14.099928587000022]]]]}},{"type":"Feature","properties":{"name":"Cavite","psgc":"042100000","island_group":"luzon"},"geometry":{"type":"Polygon","coordinates":[[[121.01623891600002,14.351821071000074],[121.00898090600003,14.341994256000078],[121.00727737200009,14.320966914000053],[121.03202391200011,14.334445145000075],[121.06102153600011,14.32266921300004],[121.05865658500011,14.299756230000071],[121.0391374720001,14.271101015000056],[121.05084043600004,14.233602444000041],[121.05282869100006,14.21626380400005],[121.031764898,14.202937527000074],[121.01369984200005,14.163004601000068],[121.03586636200009,14.151780380000048],[121.02632882300009,14.134585856000058],[121.00588658800007,14.12166148800003],[120.98037532500007,14.12008944300004],[120.96797163000008,14.098633049000057],[120.93759739600011,14.085943367000027],[120.90250537600002,14.07679061400006],[120.89272050800002,14.087613034000071],[120.86241478300008,14.07542182900005],[120.84485636600004,14.076839312000061],[120.83929156600004,14.088780735000057],[120.82014925800001,14.100724957000068],[120.7968772590001,14.103118018000032],[120.76768094300007,14.117736821000051],[120.76888523800005,14.133428447000028],[120.7294194100001,14.140384557000061],[120.71593295900004,14.126534449000076],[120.6987843060001,14.138474807000023],[120.69194031400002,14.160858906000044],[120.70565717500006,14.174333526000055],[120.66230859500001,14.186090271000069],[120.65039621500011,14.204818189000036],[120.61834722200001,14.220246020000047],[120.62571672600006,14.225876094000057],[120.62119393300009,14.252668307000022],[120.62428909400012,14.266122653000025],[120.65639277200012,14.278288906000057],[120.70387674000006,14.284829968000054],[120.71583678400009,14.293486407000046],[120.7322256120001,14.316266161000044],[120.7462788040001,14.317798697000057],[120.76863065900011,14.331655502000046],[120.78434560800008,14.353496497000037],[120.81626592400005,14.377350162000027],[120.83941807500003,14.399228124000047],[120.8486171400001,14.419447104000028],[120.87049060100003,14.430223676000026],[120.87992130600003,14.46169437900005],[120.89358522400005,14.491676189000032],[120.90353669900003,14.486818243000073],[120.8861442330001,14.461363476000031],[120.89018940900007,14.453783680000072],[120.9181292620001,14.456246315000044],[120.95171060400003,14.467584679000026],[120.9660033990001,14.465722366000023],[120.97409510600005,14.439106137000067],[120.98377063800001,14.433689059000073],[120.99448670900006,14.407610540000064],[121.01161117000004,14.380260945000032],[121.00759085400011,14.355170370000053],[121.01623891600002,14.351821071000074]]]}},{"type":"Feature","properties":{"name":"Cebu","psgc":"072200000","island_group":"visayas"},"geometry":{"type":"MultiPolygon","coordinates":[[[[123.38024408100011,9.893167750000032],[123.38387084200008,9.884946914000068],[123.38189603900003,9.874638104000041],[123.37300717300002,9.87684710700006],[123.3729734210001,9.882921125000053],[123.38024408100011,9.893167750000032]]],[[[124.06993184500004,10.288777482000057],[124.07391722400007,10.281549263000045],[124.05784486300001,10.242714167000031],[124.05178305400011,10.236486145000072],[124.04784150600005,10.245210929000052],[124.03643791000002,10.241703286000075],[124.02780969000003,10.242260384000076],[124.02324447400008,10.247162120000041],[124.03043685700004,10.25918445000002],[124.0413000320001,10.26297246300004],[124.05612667700007,10.271676654000032],[124.05144803700011,10.280583161000038],[124.06993184500004,10.288777482000057]]],[[[124.0439318440001,10.334258298000066],[124.04483344300002,10.330909775000066],[124.03320822500007,10.316441502000032],[124.02545184300004,10.313112060000037],[124.0152584440001,10.295975265000038],[124.00676704600005,10.287558097000044],[123.99885056100004,10.285488412000063],[123.99248938500011,10.271521764000056],[123.9831109050001,10.258500754000067],[123.97611835200007,10.25410283900004],[123.96703390200003,10.257895481000048],[123.959319348,10.254293431000065],[123.94650731900003,10.242256660000066],[123.9319426190001,10.251210351000054],[123.93838048200007,10.264006874000074],[123.92512645600004,10.265452700000026],[123.92414497300001,10.28008703200004],[123.93402656,10.291152415000056],[123.93783056300003,10.306265630000041],[123.9547542140001,10.317794311000057],[123.95894965000002,10.317637958000034],[123.98052043000007,10.332031045000065],[123.99016312600008,10.33326149800007],[123.99332945600008,10.322162374000072],[124.0086180620001,10.311977332000026],[124.02563556100006,10.318152807000047],[124.0439318440001,10.334258298000066]]],[[[124.43627293300005,10.717939886000067],[124.45209569300005,10.714705500000036],[124.46155783100005,10.708589227000061],[124.48616683900002,10.698255135000068],[124.49672338000005,10.684741863000056],[124.5129143910001,10.675606018000053],[124.51648438100005,10.66031494400005],[124.5117689120001,10.652985745000024],[124.50102825300007,10.644452425000054],[124.48680483600003,10.63752893800006],[124.46401409300006,10.634464925000032],[124.45523899900002,10.62868627000006],[124.42375785600007,10.626718046000065],[124.41389466700002,10.629319421000048],[124.40112598200005,10.62856290600007],[124.39275261800003,10.637413946000038],[124.38403301300002,10.637858744000027],[124.38065759500012,10.623240108000061],[124.3724074060001,10.62138872600002],[124.3642046330001,10.614098712000043],[124.35501828500003,10.61776642500007],[124.34394360500005,10.608539864000022],[124.33540308200008,10.608743221000054],[124.32481295900004,10.601426490000051],[124.31245018700008,10.58665325000004],[124.30433819200005,10.589522182000053],[124.29645914800005,10.58600866200004],[124.28199930200003,10.587314316000061],[124.27340139400008,10.59553474300003],[124.27799090000008,10.612400648000062],[124.28650769500007,10.619896360000041],[124.29872121900007,10.634792620000042],[124.30465664400003,10.645206966000046],[124.30471968900008,10.653178246000039],[124.31105895400003,10.666213618000029],[124.30949153400002,10.685641477000047],[124.31761801000005,10.709848015000034],[124.33658372800005,10.70724533200007],[124.344267349,10.70862137100005],[124.36074518500004,10.696034775000044],[124.37407784400011,10.69028873700006],[124.377605807,10.68193246100003],[124.37735295400012,10.666777031000038],[124.38187912600006,10.648943616000054],[124.39040273400008,10.650794641000061],[124.3954296500001,10.663968288000035],[124.39984010700005,10.685176427000044],[124.4097573890001,10.69821022900004],[124.41275599300002,10.70562730000006],[124.42388972200001,10.714038211000059],[124.43627293300005,10.717939886000067]]],[[[124.56423810400008,10.814038140000036],[124.56882790200007,10.809389993000025],[124.56421061800006,10.794868601000076],[124.55690168700005,10.791809656000055],[124.55374350900001,10.778183892000072],[124.55645983400007,10.773772579000024],[124.53519920000008,10.745969640000055],[124.51584870700003,10.733632381000064],[124.50139219300002,10.729013761000033],[124.49381793400005,10.743714969000052],[124.4959342730001,10.752370047000056],[124.51422212300008,10.774605833000066],[124.52416488800009,10.790383342000041],[124.54029073600009,10.804714875000059],[124.56423810400008,10.814038140000036]]],[[[123.64752543700001,11.093111179000061],[123.65208984000003,11.089751035000063],[123.65349200100002,11.07830657900007],[123.63629927900001,11.066230086000076],[123.6321778680001,11.07388147100005],[123.64595539400011,11.086368500000049],[123.64752543700001,11.093111179000061]]],[[[123.7021979000001,11.128280348000033],[123.70895110200001,11.125614218000067],[123.70734581300007,11.118000026000061],[123.70094347800011,11.117393364000066],[123.7021979000001,11.128280348000033]]],[[[123.92290425100009,11.195330648000038],[123.92596384,11.191211396000028],[123.92437794900002,11.17220906800003],[123.92074133800008,11.172740550000071],[123.91505247600003,11.190290693000065],[123.92290425100009,11.195330648000038]]],[[[123.82042083600004,11.215107277000072],[123.82800304300008,11.211649340000065],[123.82927428000005,11.20479810200004],[123.82441937500005,11.192406610000035],[123.81155536100005,11.194050014000027],[123.81289994300005,11.212183552000056],[123.82042083600004,11.215107277000072]]],[[[124.06353364600011,11.285703472000023],[124.0625916350001,11.27368586800003],[124.0569980360001,11.26270842300005],[124.05986146000009,11.257933746000049],[124.06966480000006,11.254114134000076],[124.0621364220001,11.241297341000063],[124.04883978700002,11.230318328000067],[124.03737066400004,11.205877281000028],[124.03878777700004,11.188179278000064],[124.03508512200005,11.169182464000073],[124.035405,11.148729286000048],[124.02787468500003,11.141923107000025],[124.02302730500003,11.12676497700005],[124.01363114100002,11.123094641000023],[124.00022676900005,11.09781798900002],[123.99360847600008,11.094446266000034],[123.98857317300008,11.076435565000054],[123.99712387300008,11.070474997000076],[123.99335324300012,11.059747208000033],[123.99846454800002,11.051997139000036],[124.00817003500003,11.05396452900004],[124.01130149000005,11.058704],[124.03221119800003,11.057422245000055],[124.04230012000005,11.054581315000064],[124.03730941800006,11.039767414000039],[124.03961697500006,11.031317040000033],[124.03996260000008,11.015501327000038],[124.04467509300002,10.99024097900002],[124.04428551700005,10.97681129600005],[124.03837566600009,10.953142504000027],[124.03125606100002,10.944918536000046],[124.03314530500006,10.933396880000032],[124.03050255500011,10.927844930000049],[124.03518792600005,10.91262806800006],[124.04515992400002,10.910601381000049],[124.05181975000005,10.893074481000042],[124.05372559200009,10.879699927000047],[124.0480996760001,10.878599516000065],[124.04686738700002,10.868559559000062],[124.04038835300003,10.861243150000064],[124.0415523690001,10.849910070000021],[124.03707661200008,10.840318050000064],[124.0324139170001,10.841214800000046],[124.02949152100007,10.826189128000067],[124.03433374600002,10.81214916500005],[124.03388542200003,10.795899658000053],[124.02717158100006,10.779119459000071],[124.01025891100005,10.768489441000042],[124.0057290100001,10.762047336000023],[124.0048237850001,10.748123522000071],[124.0165356010001,10.730300875000069],[124.01616492100004,10.714742730000069],[124.0121318250001,10.703279854000073],[124.01770970400003,10.675710973000037],[124.02149397500011,10.668721318000053],[124.02099117300008,10.659593508000057],[124.02869241100007,10.63386493300004],[124.02595516600002,10.604949556000065],[124.03267942600007,10.595298483000022],[124.01848720200007,10.585123875000022],[124.02722402500001,10.578662282000039],[124.02290697,10.563882837000051],[124.02904913300006,10.550923810000029],[124.03555032200006,10.552118240000027],[124.02936038700011,10.535065493000047],[124.03286067600004,10.52864328000004],[124.02786955800002,10.510359520000065],[124.0333599280001,10.502788],[124.03221285300003,10.496692966000069],[124.0211196790001,10.477969160000043],[124.02089153000009,10.469161494000048],[124.01494822200004,10.459161786000038],[124.01003105400002,10.444397684000023],[124.01059586000008,10.43578661500004],[124.00440205400002,10.420843379000075],[123.99866890300007,10.415602120000074],[124.00248794000004,10.39719909200005],[124.012404736,10.387252993000061],[124.0212727070001,10.383349691000035],[124.01002777500003,10.374663690000034],[124.000821072,10.359147601000075],[123.984465698,10.353869430000032],[123.97359558300002,10.346448836000036],[123.97587714000008,10.34009605500006],[123.96781218700005,10.329844703000049],[123.9496039390001,10.319076795000058],[123.94028595900011,10.321196867000026],[123.91168059400002,10.299607914000035],[123.90704437700003,10.291221716000052],[123.89119123300009,10.289383814000075],[123.88168956600009,10.27911092200003],[123.8816622810001,10.26942372700006],[123.86749518800002,10.255586502000028],[123.86314373500011,10.248475431000031],[123.85425415300006,10.247003519000032],[123.84800183400012,10.240667304000056],[123.83417581200001,10.234177485000032],[123.82186847500009,10.238184254000032],[123.79920601600008,10.237957548000054],[123.7854891930001,10.230670797000073],[123.76788226800011,10.227345249000052],[123.75992874300005,10.21370229200005],[123.76116931100012,10.207286730000021],[123.75643192300004,10.196523911000043],[123.74860364500012,10.193840156000022],[123.74452715200005,10.186719367000023],[123.73557312000003,10.179813984000077],[123.7238874730001,10.174967723000066],[123.72056892400008,10.169171681000023],[123.70143144500003,10.151742589000037],[123.69418134200009,10.141326669000023],[123.6836493730001,10.114119132000042],[123.68176692600002,10.087561695000034],[123.67846897000004,10.08368203200007],[123.66315424000004,10.08726449300002],[123.65636779800002,10.091582095000035],[123.64934148500004,10.086090331000037],[123.64122153300002,10.08469884300007],[123.64004584600002,10.070314845000041],[123.6339047570001,10.057155909000073],[123.6285991950001,10.057591358000025],[123.6245258890001,10.03511826600004],[123.62120756400009,10.030723932000058],[123.62181224200003,10.017643014000043],[123.61975905700001,10.00350757900003],[123.61479808400009,9.993736323000064],[123.62488254100003,9.978781856000069],[123.62003733400002,9.958642399000041],[123.62483844500002,9.949173019000057],[123.62005100100009,9.928900001000045],[123.6102350000001,9.909007001000077],[123.60590841900012,9.89497749900005],[123.610388,9.887577001000068],[123.60821,9.874482],[123.592166,9.871510001000047],[123.58356764500002,9.866649047000067],[123.56904376600005,9.851524219000055],[123.56630070100005,9.839084545000048],[123.56118538400005,9.832627994000063],[123.5594631780001,9.816118790000075],[123.546732,9.811489],[123.53707353200002,9.805354066000064],[123.53459400100007,9.795338001000061],[123.537395,9.787883001000068],[123.531004,9.774225],[123.53643768400002,9.765325147000055],[123.536153,9.756284],[123.52229050400001,9.750558001000059],[123.51388481300012,9.741264294000075],[123.51061626400008,9.726079877000075],[123.51068600100007,9.697929],[123.50245200100005,9.680654],[123.50173003700002,9.665891877000035],[123.49537673500004,9.661626179000052],[123.47535564700001,9.613707451000039],[123.473065,9.605019001000073],[123.478175,9.60057400100004],[123.472557,9.59343],[123.46932500100002,9.578842],[123.462799,9.565551],[123.45342755000001,9.555124747000036],[123.43863831300007,9.530012662000047],[123.435903488,9.521001330000047],[123.42720510400011,9.51663983800006],[123.41476507300001,9.505640322000033],[123.39794820300006,9.493916824000053],[123.38490841900011,9.47376117300007],[123.37650317100008,9.454027333000056],[123.35391478400004,9.425333773000034],[123.34295552900005,9.417536389000077],[123.33249205800007,9.413466543000027],[123.32270808100009,9.413277901000072],[123.30027444900009,9.418495793000034],[123.30279907500005,9.443814115000066],[123.30165074700005,9.458193665000067],[123.2963956430001,9.479893391000076],[123.30095785100002,9.517665373000057],[123.30534412800012,9.531870064000032],[123.30485032900003,9.54131269000004],[123.30910935400004,9.556473310000058],[123.311643279,9.573677986000064],[123.31557625200003,9.585172980000038],[123.32604953400005,9.637685184000077],[123.32248029700008,9.647896901000024],[123.3244379140001,9.666278029000068],[123.32870358500008,9.687027493000073],[123.33562089700001,9.702131571000052],[123.33859385300002,9.713417391000064],[123.33960902600006,9.743792754000026],[123.3462255290001,9.76909229100005],[123.34388823800009,9.779947565000043],[123.34618084800002,9.79134857200006],[123.36568463800006,9.807576278000056],[123.3724327750001,9.820930578000059],[123.37324917600006,9.842170725000074],[123.367732154,9.856818796000027],[123.37086372100009,9.869456878000051],[123.38639262200002,9.86484764200003],[123.39142443700007,9.873191130000066],[123.3975700200001,9.876257043000066],[123.40185123100002,9.904653151000048],[123.39770027500003,9.927999875000069],[123.38817969800004,9.937514553000028],[123.37491797000007,9.934379941000032],[123.36624215000006,9.946393581000052],[123.3717230520001,9.974626899000043],[123.3682887970001,9.984285541000077],[123.37121389000004,9.993496970000024],[123.38229846100012,9.997439641000028],[123.38469633200009,9.986717893000048],[123.39136821500006,9.970868773000063],[123.40347839300011,9.97774654400007],[123.399152307,9.982361360000027],[123.40141736900011,9.990148077000072],[123.40999446600006,10.003744663000077],[123.40584940200006,10.02200483200005],[123.41121746600004,10.036010440000041],[123.41460421400006,10.05174846500006],[123.4252964530001,10.059722531000034],[123.43890779000003,10.058972605000065],[123.4461070970001,10.064976973000057],[123.44479118600009,10.074218773000041],[123.45382241100003,10.084797976000061],[123.46830410000007,10.09590115800006],[123.48314942900004,10.118558611000026],[123.49185833900003,10.116782466000075],[123.49608639500002,10.128889898000068],[123.51145958100005,10.14436831300003],[123.51717199400002,10.152701905000072],[123.51612017700006,10.165203121000047],[123.52585131,10.19083155100003],[123.53954395700009,10.207895991000044],[123.55182212700004,10.231515436000052],[123.56999863600004,10.247680654000021],[123.58241326900009,10.26360457900006],[123.58191867100004,10.285864523000043],[123.57858632600005,10.293662778000055],[123.58538599400003,10.30699015700003],[123.57961738100005,10.322255433000066],[123.58123257200009,10.328960477000066],[123.59198590800008,10.347928760000059],[123.61311719200012,10.358016786000064],[123.61480642400011,10.364788834000024],[123.63760105100005,10.378617636000058],[123.63735229000008,10.386051321000025],[123.64321246700001,10.402691111000024],[123.65209801200001,10.408292306000021],[123.66648926800008,10.412797987000033],[123.66860933300006,10.43314554400007],[123.6766858850001,10.441366736000077],[123.67575248500009,10.455712520000077],[123.68966448900005,10.463683974000048],[123.68742656300003,10.48164934700003],[123.70167738200007,10.484629992000066],[123.70776782400003,10.494292532000031],[123.71416929100008,10.497584239000048],[123.71048338100002,10.50858659000005],[123.70486370000003,10.511156757000037],[123.7028905090001,10.521705413000063],[123.70632720000003,10.535032952000051],[123.70384092000006,10.543867852000062],[123.71211129700009,10.552009975000033],[123.71184978600002,10.567434328000047],[123.72622574200011,10.57153794800007],[123.72992862900003,10.575656055000024],[123.73494456800006,10.593143199000053],[123.74685536700008,10.614184518000059],[123.74317855600009,10.634195426000076],[123.75538797800004,10.64480201300006],[123.76074567500007,10.655682038000066],[123.76989735900008,10.667616801000065],[123.77428743700011,10.669033183000067],[123.79413431500006,10.699386047000075],[123.7915962190001,10.706873336000058],[123.79942117300004,10.714601394000056],[123.80197444700002,10.72295195700002],[123.81983421600012,10.728022167000063],[123.83114496000007,10.733348657000022],[123.83432548700011,10.742985807000025],[123.83111501700012,10.75502270000004],[123.83896016300002,10.762301957000034],[123.84014038500004,10.77521137900004],[123.85374928500005,10.799725865000028],[123.86320725600001,10.80740994000007],[123.86899059300004,10.837254084000051],[123.8890123870001,10.892538040000034],[123.89281241100002,10.90750134600006],[123.8980858000001,10.917602059000046],[123.90435460900005,10.93589221700006],[123.9132300010001,10.93737211000007],[123.91315053500011,10.944356284000037],[123.92147217000002,10.949761587000069],[123.91874089500004,10.959789913000066],[123.9285429580001,10.979366349000031],[123.92961742800003,11.002916851000066],[123.92232873500006,11.00207849800006],[123.91477958500002,11.009559683000077],[123.9013462370001,11.029342756000062],[123.902138508,11.035451900000055],[123.93154028200001,11.062530085000049],[123.93623881400003,11.076648466000051],[123.93237105300011,11.091188158000023],[123.933319331,11.105685634000054],[123.95106579100002,11.087794341000063],[123.9605068510001,11.090581898000039],[123.9555769860001,11.101708145000032],[123.95626714800005,11.113985616000036],[123.96423770500007,11.123042780000048],[123.95927292800002,11.125994856000034],[123.95056502300008,11.138941111000065],[123.94211382500009,11.159924185000023],[123.94487905800008,11.179004303000056],[123.94406976300002,11.185429],[123.95812339600002,11.20300863500006],[123.98698871900001,11.224502642000061],[123.99448646100006,11.236087929000064],[123.99806088100001,11.250106585000026],[123.99536585600003,11.265257096000028],[123.9984466950001,11.271178860000077],[124.01857049900002,11.269740016000071],[124.02560945100004,11.279643147000058],[124.03748564800003,11.278140951000069],[124.05524224500004,11.281062611000038],[124.06353364600011,11.285703472000023]]],[[[123.73299986200004,11.299457373000052],[123.74093326500008,11.295231260000037],[123.7484774400001,11.28666043000004],[123.75662953200003,11.267717442000048],[123.7616189800001,11.236797860000024],[123.76618725800006,11.224937914000066],[123.76808617600011,11.210299982000038],[123.77545241200005,11.201511762000052],[123.774584892,11.19661979500006],[123.79233854600011,11.178051345000029],[123.80112965500007,11.174216630000046],[123.80704853100008,11.165390523000042],[123.80966786500005,11.153189307000048],[123.783780266,11.146223594000048],[123.7731030440001,11.149913366000021],[123.75225061200001,11.151106560000073],[123.73286776100008,11.138630978000037],[123.72080306700002,11.13720525900004],[123.71756641900004,11.148341964000053],[123.72816366400002,11.157853627000065],[123.72270300500008,11.166780312000071],[123.71719809000001,11.16672817600005],[123.71306156800006,11.180826754000066],[123.70343324200007,11.196674707000057],[123.69907653700011,11.213151464000077],[123.69016849600007,11.218114059000072],[123.68798610100009,11.225499525000032],[123.69924256400009,11.244648604000076],[123.70884080500002,11.252487905000066],[123.71485263700004,11.26633679400004],[123.71986336300006,11.283707522000043],[123.72966574400004,11.301210794000042],[123.73299986200004,11.299457373000052]]],[[[124.11682829900008,11.347983767000073],[124.1188678630001,11.32663258100007],[124.1132175890001,11.326869352000074],[124.11376890600002,11.337494615000026],[124.11035738100009,11.343829913000036],[124.11682829900008,11.347983767000073]]],[[[123.89718544400012,11.352787874000057],[123.90139668600011,11.346019928000032],[123.90202334500009,11.326838113000065],[123.89882768200005,11.321984235000059],[123.89873264500011,11.30443180900005],[123.89091201200006,11.296175705000053],[123.88390629800006,11.301417178000065],[123.88643845100012,11.32676288500005],[123.88466182200011,11.333116434000033],[123.8907396300001,11.347525306000023],[123.89718544400012,11.352787874000057]]],[[[124.09385581600009,11.52330964400005],[124.10505277000004,11.51331927700005],[124.09872935900012,11.505518241000061],[124.09219157600012,11.513902693000034],[124.09385581600009,11.52330964400005]]]]}},{"type":"Feature","properties":{"name":"Cotabato","psgc":"124700000","island_group":"mindanao"},"geometry":{"type":"Polygon","coordinates":[[[125.05218985700003,6.771758358000056],[125.00774339400004,6.734105528000043],[124.95268549600007,6.78459732500005],[124.82249612600003,6.794133661000046],[124.80548632700004,6.841646872000069],[124.8238326390001,6.949087778000035],[124.82521197800008,7.062747508000029],[124.77198863300009,7.075949368000067],[124.79746643200008,7.133542762000047],[124.72002871900008,7.182099053000059],[124.72579267100002,7.102190965000034],[124.68813474700005,7.058526855000025],[124.71764040500011,7.018024451000031],[124.67877487900012,6.94660172500005],[124.58488102700005,6.970634080000025],[124.53100334500004,7.031767729000023],[124.4594889980001,7.056220719000066],[124.43825069700006,7.10044085800007],[124.46492467300004,7.171735246000026],[124.45056625100005,7.230499030000033],[124.36640912000007,7.236012042000027],[124.39602007500002,7.355388001000051],[124.46325442800003,7.437708507000025],[124.52804919800008,7.638289206000024],[124.59036584500006,7.609324928000035],[124.74029219300007,7.591068371000063],[124.79089464000003,7.542728348000026],[124.8391639240001,7.456086250000055],[124.89494914000011,7.41477726100004],[124.97236416700002,7.40171975100003],[125.05377243200007,7.411979559000031],[125.06695334500012,7.45118165100007],[125.22941389100004,7.491877260000024],[125.23120292600004,7.356423014000029],[125.25521114100002,7.259347723000076],[125.22876936500006,7.175858360000063],[125.29163036900002,7.10567326000006],[125.19937439800003,6.904489128000023],[125.09093457800009,6.837164446000031],[125.05218985700003,6.771758358000056]]]}},{"type":"Feature","properties":{"name":"Davao Occidental","psgc":"118600000","island_group":"mindanao"},"geometry":{"type":"MultiPolygon","coordinates":[[[[125.39719472100012,5.437910860000045],[125.42954045500005,5.419596745000035],[125.421079415,5.403002686000036],[125.42610150700011,5.37433664200006],[125.40274504500007,5.374645878000024],[125.37378352700011,5.366800480000052],[125.35414087100003,5.378817217000062],[125.34877672000005,5.404526806000035],[125.36954804100003,5.429019107000045],[125.39719472100012,5.437910860000045]]],[[[125.47759251900004,5.495800466000048],[125.49225120100004,5.487309968000034],[125.4993438790001,5.468342243000052],[125.49305703900006,5.423187871000039],[125.47860548200003,5.393207528000062],[125.4556527090001,5.430212112000049],[125.4556433570001,5.463905495000063],[125.47759251900004,5.495800466000048]]],[[[125.4058136650001,6.480592692000073],[125.43466334700008,6.511950780000063],[125.41969444500012,6.518777777000025],[125.42193481000004,6.536709744000063],[125.45336111100005,6.548694444000034],[125.44089168800008,6.578166558000021],[125.44915906400001,6.593265336000059],[125.47097110000004,6.592117026000039],[125.48139491200004,6.572665507000067],[125.51030212700005,6.555137063000075],[125.52132541800006,6.520707870000024],[125.55333604700002,6.533526847000076],[125.56718560200011,6.530091382000023],[125.56517487800011,6.502603265000062],[125.5892808320001,6.488884520000056],[125.58277645200008,6.438834792000023],[125.5984869880001,6.431701910000072],[125.62010442100006,6.404829689000053],[125.61925731300005,6.388425570000038],[125.63942391500007,6.360645023000075],[125.65327189700008,6.323578428000076],[125.65558511900008,6.297396827000057],[125.68491216600012,6.25237142900005],[125.6983104740001,6.220228052000039],[125.71137163100002,6.159463659000039],[125.70439270200006,6.119370658000037],[125.71411182700001,6.098545865000062],[125.70050470300009,6.067985257000032],[125.7016896560001,6.024004225000056],[125.68553295100003,5.971813184000041],[125.66555998000001,5.949469932000056],[125.66078136500005,5.92050036400002],[125.63467076300003,5.897902617000057],[125.62337301200012,5.871269813000026],[125.6023636970001,5.860074638000071],[125.59849818200007,5.845991628000036],[125.5693369170001,5.817814376000058],[125.52135121300012,5.752588500000059],[125.51289608600007,5.748675381000055],[125.49875272100007,5.716142570000045],[125.48402184600002,5.695694415000048],[125.47415259800005,5.667702096000028],[125.43100149000009,5.610886056000027],[125.4108533430001,5.572679852000022],[125.37572897700011,5.558642001000067],[125.35219830200003,5.567698441000061],[125.33281458800002,5.555971245000023],[125.32272246700006,5.57162657300006],[125.33177563600009,5.606713653000043],[125.3561044920001,5.61690528500003],[125.39418835800006,5.649428832000069],[125.39701450700011,5.67960411200005],[125.42715560500005,5.726884627000061],[125.45862436200002,5.784236301000021],[125.46687154500012,5.81612597000003],[125.48315330700007,5.837673675000076],[125.48709508400009,5.87843117500006],[125.48104653400003,5.908264889000066],[125.49463532700008,5.938296137000066],[125.50364158400009,5.995895405000056],[125.5385663830001,6.070512973000064],[125.53308971000001,6.107229305000033],[125.52167634600005,6.117176565000022],[125.50715002400011,6.149780336000049],[125.50283964800008,6.208429661000025],[125.50458349500002,6.229850343000066],[125.47883417800006,6.275251228000059],[125.47366583400003,6.295944447000068],[125.44981394700005,6.321552420000046],[125.42545114400002,6.324122651000039],[125.42445568800008,6.370407413000066],[125.40350141300007,6.418259113000033],[125.40146279600003,6.476566932000026],[125.4058136650001,6.480592692000073]]]]}},{"type":"Feature","properties":{"name":"Davao Oriental","psgc":"112500000","island_group":"mindanao"},"geometry":{"type":"Polygon","coordinates":[[[125.94416025200007,7.074209494000058],[125.960878266,7.097574623000071],[126.059493,7.148784],[126.0940700000001,7.164266],[126.2065500000001,7.22558],[126.27961001200003,7.216951832000063],[126.2978371910001,7.192100851000021],[126.29757143800009,7.272718882000049],[126.29403068900001,7.35149606400006],[126.29220999300003,7.447326987000054],[126.28090119500007,7.502053981000074],[126.28056005700012,7.521076920000041],[126.25783860800004,7.612799884000026],[126.30535911400011,7.605415887000049],[126.23069500500003,7.754527685000028],[126.20645035000007,7.799788283000055],[126.1828646560001,7.873750924000035],[126.14760207400002,7.971480866000036],[126.15782097100009,7.990592368000023],[126.20766344900005,7.985745608000059],[126.22779055100011,8.000190630000077],[126.35158064300003,8.002065937000054],[126.35124641100003,7.933008011000027],[126.36029146400006,7.909931760000063],[126.35931863400003,7.886346029000038],[126.38179149600012,7.868069730000059],[126.37434040700009,7.854289967000057],[126.38423824900008,7.828845454000032],[126.414445236,7.827408155000057],[126.42584941200005,7.809918707000065],[126.44667438500005,7.809288704000039],[126.48852379000004,7.749952541000027],[126.50717745700001,7.735846406000064],[126.53232204500011,7.74035260200003],[126.54931356500003,7.729817947000072],[126.55676678500004,7.708865693000064],[126.55117896500008,7.69375517800006],[126.55307112600008,7.638233220000075],[126.56537393700012,7.617633230000024],[126.55955280500007,7.577617847000056],[126.58413824000002,7.550743822000072],[126.59849813400001,7.507820792000075],[126.59472396700005,7.448869468000055],[126.55763854700001,7.44658670900003],[126.54814016900002,7.423811857000032],[126.55649618300004,7.399984193000023],[126.55435183100008,7.348944388000064],[126.56897137800001,7.326725988000021],[126.55143929200005,7.314989901000047],[126.56661609800005,7.287531385000023],[126.5958162610001,7.295391891000065],[126.59877445500001,7.270336419000046],[126.58068932600008,7.245519928000022],[126.56443365300004,7.23382104500007],[126.56274366100001,7.211265379000054],[126.53386538400002,7.206263027000034],[126.51665641700004,7.125736692000032],[126.48416399200005,7.114489955000067],[126.47786344200006,7.092220057000077],[126.46668698000008,7.085889775000055],[126.46793349400002,7.060384676000069],[126.45517778700003,7.060106697000037],[126.4461697160001,7.01532088600004],[126.39571201100011,6.991226700000027],[126.36577311600001,6.992454022000061],[126.33660481700008,7.004884472000072],[126.3139037310001,6.973046403000069],[126.30737103700005,6.939542729000038],[126.28281170600007,6.929769794000038],[126.2901727090001,6.904024326000069],[126.32353677900005,6.880647128000021],[126.34657269500008,6.85412930800004],[126.33845791400006,6.798632217000034],[126.30138753100005,6.806892362000042],[126.2880989790001,6.822156808000045],[126.3010043490001,6.862788090000038],[126.27784770500011,6.883718679000026],[126.2643351700001,6.924639998000032],[126.22612159500011,6.941775402000076],[126.21045153600005,6.953778710000051],[126.18660308200003,6.938958797000055],[126.18602943500002,6.913437614000031],[126.16771237900002,6.886854116000052],[126.18574903100011,6.848331759000075],[126.21159198700002,6.813486022000063],[126.25927703600007,6.756330677000051],[126.2469066430001,6.707280043000026],[126.22954328100002,6.670272906000037],[126.22031676800009,6.633980877000056],[126.22896558100001,6.572348308000073],[126.22888808200003,6.530963055000029],[126.21264260700002,6.513795],[126.21501622900007,6.465685872000051],[126.22571853900001,6.436260301000061],[126.21275321500002,6.425550161000047],[126.19942983800001,6.396500662000051],[126.19950775900008,6.338505962000056],[126.1886107040001,6.333341176000033],[126.16040673700002,6.371421561000034],[126.14103329300008,6.388855590000048],[126.15064536000011,6.41912476400006],[126.11728033200006,6.457279799000048],[126.10107533100006,6.483294391000072],[126.08368159500003,6.531449433000034],[126.08980167100003,6.555457553000053],[126.08767939600011,6.590970937000066],[126.06934339700001,6.650251584000046],[126.09750583100003,6.737817301000064],[126.0793370450001,6.751908714000024],[126.08583664600008,6.804613563000032],[126.07718881200003,6.830345021000028],[126.07794165400003,6.851106154000036],[126.05834408500004,6.865787070000067],[126.02365892000012,6.874838374000035],[125.99731551800005,6.899009205000027],[125.97700497500011,6.927888108000047],[125.972405277,6.950752799000043],[125.98856673700004,7.001279776000047],[125.98186920800003,7.02974630500006],[125.94730005600002,7.057712949000063],[125.94416025200007,7.074209494000058]]]}},{"type":"Feature","properties":{"name":"Davao de Oro","psgc":"118200000","island_group":"mindanao"},"geometry":{"type":"Polygon","coordinates":[[[126.15782097100009,7.990592368000023],[126.14760207400002,7.971480866000036],[126.1828646560001,7.873750924000035],[126.20645035000007,7.799788283000055],[126.23069500500003,7.754527685000028],[126.30535911400011,7.605415887000049],[126.25783860800004,7.612799884000026],[126.28056005700012,7.521076920000041],[126.28090119500007,7.502053981000074],[126.29220999300003,7.447326987000054],[126.29403068900001,7.35149606400006],[126.29757143800009,7.272718882000049],[126.2978371910001,7.192100851000021],[126.27961001200003,7.216951832000063],[126.2065500000001,7.22558],[126.0940700000001,7.164266],[126.059493,7.148784],[125.960878266,7.097574623000071],[125.94416025200007,7.074209494000058],[125.91277349400002,7.090637616000038],[125.88388584800009,7.126444627000069],[125.89265823700009,7.165371565000044],[125.87372264700002,7.182719443000053],[125.87308573100006,7.204925561000039],[125.8521065970001,7.229130933000022],[125.83778266200011,7.25455086900007],[125.84052844200005,7.28637475000005],[125.84773731300004,7.29156637400007],[125.84576017400002,7.321029299000031],[125.85582841500002,7.342198617000065],[125.85177979200012,7.360986077000064],[125.83778831000006,7.363140017000035],[125.83422100900009,7.393685671000071],[125.84431742200002,7.407439726000064],[125.82785462400011,7.430695592000063],[125.83295698500001,7.46168665600004],[125.8642940950001,7.481977247000032],[125.84667442800003,7.521572582000033],[125.89306076700007,7.532479626000054],[125.90153882400011,7.594425029000035],[125.92995778600005,7.596336785000062],[125.93915253400007,7.647606342000074],[125.9029523270001,7.692085229000043],[125.92529739300005,7.723263262000046],[125.91480631700006,7.739919523000026],[125.89558431600005,7.745094677000054],[125.89587910300008,7.762153200000057],[125.858762823,7.742561555000066],[125.85030166000001,7.744294797000066],[125.81019544700007,7.681409558000041],[125.7850962220001,7.690766717000031],[125.76837781400002,7.727143002000048],[125.73018467700001,7.757185805000063],[125.72408119500005,7.814953669000033],[125.69132947900005,7.834972973000049],[125.66675715500003,7.841694446000076],[125.66708567500007,7.873370888000068],[125.65827984300006,7.964692333000073],[125.66104503500003,7.998152495000056],[125.75254004100009,7.998480444000052],[125.7522891100001,7.983229664000021],[125.77558746000011,7.951921175000052],[125.78558119600007,7.948708904000057],[125.80568764200007,7.970124052000074],[125.85149226600004,7.967149726000059],[125.87623866000001,7.936216733000037],[125.9008660830001,7.930862946000047],[125.9175223090001,7.964770265000027],[125.91149100100006,7.999984],[125.98004201100002,7.998677944000065],[125.9850969800001,7.977341296000077],[126.00489698100012,7.94774129700005],[126.03329698000005,7.931941297000037],[126.04489698100008,7.932641297000032],[126.07292436000012,7.957943758000056],[126.11269120100008,7.982457178000061],[126.14326147700001,7.994951053000023],[126.15782097100009,7.990592368000023]]]}},{"type":"Feature","properties":{"name":"Davao del Norte","psgc":"112300000","island_group":"mindanao"},"geometry":{"type":"MultiPolygon","coordinates":[[[[125.68714880100003,6.961858806000066],[125.70444989400005,6.95947960500007],[125.72459089300003,6.922144847000027],[125.713052145,6.898008830000038],[125.69164071400007,6.903923960000043],[125.66861877300005,6.949085142000058],[125.68714880100003,6.961858806000066]]],[[[125.70940192900002,7.197899232000054],[125.72900080800002,7.172062939000057],[125.75768096000002,7.165388940000071],[125.78636647000008,7.13877315700006],[125.79789622600003,7.114306319000036],[125.78269023900009,7.085211944000037],[125.77560509200009,7.033305506000033],[125.7865423080001,6.993453024000075],[125.79258688400012,6.936964027000045],[125.77711839400001,6.921018007000043],[125.76740824600006,6.893404244000067],[125.74899043900007,6.905995431000065],[125.74937263100003,6.918729283000062],[125.72276218600007,6.964787366000053],[125.72680295000009,7.006430924000028],[125.7190265260001,7.021146429000055],[125.72219294600006,7.042339422000055],[125.71250862700003,7.069018008000057],[125.67231217800008,7.070758029000046],[125.66350314700003,7.107207183000071],[125.68663956600005,7.136330145000045],[125.69313327800012,7.183835283000064],[125.70940192900002,7.197899232000054]]],[[[125.83778831000006,7.363140017000035],[125.81150969200007,7.365261306000036],[125.7813045790001,7.341353128000037],[125.74245983600008,7.32418962600002],[125.7337292850001,7.310027279000053],[125.6970212550001,7.293895333000023],[125.68045380800004,7.262678134000055],[125.66284567100001,7.281553946000031],[125.623197376,7.264272240000025],[125.61649393300002,7.239081308000038],[125.58313921400008,7.22348789800003],[125.54917472900001,7.220802462000051],[125.55226679900011,7.242435550000039],[125.54851244200006,7.345220359000052],[125.54158155000005,7.362852275000023],[125.54633759300009,7.392154386000072],[125.55773789200009,7.412268592000032],[125.54380636600001,7.425852213000042],[125.5436054380001,7.565446999000073],[125.32590265800002,7.565047432000028],[125.32432367400008,7.601914351000062],[125.30941261700002,7.62925129000007],[125.33536292100007,7.635943137000027],[125.35360549600011,7.623267940000062],[125.42456248600001,7.622786366000071],[125.42437487600012,7.684201312000027],[125.43812369000011,7.719951453000022],[125.44083203100001,7.743106942000054],[125.43279844400001,7.760784117000071],[125.4320952160001,7.787205359000041],[125.41623533800009,7.819379437000066],[125.41546448800011,7.864332150000052],[125.42010363000009,7.909866804000046],[125.41511766700012,7.938313313000037],[125.37938892500006,8.003247176000059],[125.66104503500003,7.998152495000056],[125.65827984300006,7.964692333000073],[125.66708567500007,7.873370888000068],[125.66675715500003,7.841694446000076],[125.69132947900005,7.834972973000049],[125.72408119500005,7.814953669000033],[125.73018467700001,7.757185805000063],[125.76837781400002,7.727143002000048],[125.7850962220001,7.690766717000031],[125.81019544700007,7.681409558000041],[125.85030166000001,7.744294797000066],[125.858762823,7.742561555000066],[125.89587910300008,7.762153200000057],[125.89558431600005,7.745094677000054],[125.91480631700006,7.739919523000026],[125.92529739300005,7.723263262000046],[125.9029523270001,7.692085229000043],[125.93915253400007,7.647606342000074],[125.92995778600005,7.596336785000062],[125.90153882400011,7.594425029000035],[125.89306076700007,7.532479626000054],[125.84667442800003,7.521572582000033],[125.8642940950001,7.481977247000032],[125.83295698500001,7.46168665600004],[125.82785462400011,7.430695592000063],[125.84431742200002,7.407439726000064],[125.83422100900009,7.393685671000071],[125.83778831000006,7.363140017000035]]]]}},{"type":"Feature","properties":{"name":"Davao del Sur","psgc":"112400000","island_group":"mindanao"},"geometry":{"type":"Polygon","coordinates":[[[125.68045380800004,7.262678134000055],[125.64773308100007,7.237239483000053],[125.6465141000001,7.212164260000065],[125.66253606100008,7.154801451000026],[125.66294121700003,7.121591885000043],[125.65002447600011,7.097458451000023],[125.62658334000002,7.081537714000035],[125.60752461000004,7.045080675000065],[125.57989949800003,7.040490185000067],[125.55877940900007,7.046239184000058],[125.53634369500003,7.039341186000058],[125.4890422840001,6.984360566000021],[125.4838266590001,6.96483474300004],[125.49027346100002,6.934586987000046],[125.48428446600008,6.91179117300004],[125.45563166900001,6.894710296000028],[125.45193417200005,6.870429259000048],[125.43947244700007,6.867308159000061],[125.4184285560001,6.846591540000077],[125.4193415100001,6.833297333000075],[125.39076747800004,6.802989452000077],[125.39094663700007,6.756689004000066],[125.37276643300004,6.724317836000068],[125.3837358180001,6.678842401000054],[125.38151545700009,6.651226914000063],[125.38750600900005,6.60569027400004],[125.41227193600002,6.598595941000042],[125.44089168800008,6.578166558000021],[125.45336111100005,6.548694444000034],[125.42193481000004,6.536709744000063],[125.41969444500012,6.518777777000025],[125.43466334700008,6.511950780000063],[125.4058136650001,6.480592692000073],[125.393206071,6.503467441000055],[125.36483333300009,6.524861111000064],[125.34560552000005,6.523879788000045],[125.34045833300002,6.49375],[125.31248019400005,6.477874523000025],[125.30691262300002,6.454622409000024],[125.2795131370001,6.454561731000069],[125.24867405900011,6.434868996000034],[125.22463406100007,6.451609531000031],[125.22126480300005,6.465624483000056],[125.20054683600006,6.461880608000058],[125.13301945500007,6.431130764000045],[125.10770072100001,6.436109167000041],[125.10826968200001,6.451471095000045],[125.09799452200002,6.498286680000035],[125.11874252500002,6.501291276000075],[125.1404347460001,6.520380430000046],[125.121260677,6.547711038000045],[125.09180406200005,6.567451061000043],[125.06539627400002,6.613306554000076],[125.06205513200007,6.662469097000042],[125.0467900320001,6.668458753000039],[125.07053354600009,6.738922535000029],[125.051656137,6.766668955000057],[125.08494722300009,6.793714665000039],[125.07380070200009,6.805397108000022],[125.09093457800009,6.837164446000031],[125.127447974,6.857832247000033],[125.15111111100009,6.853430975000038],[125.16494104600008,6.881363633000035],[125.19937439800003,6.904489128000023],[125.21297614100001,6.936672724000061],[125.2269352190001,6.952875224000024],[125.25922056900004,7.029416808000065],[125.29176710700006,7.03411257700003],[125.28647233700008,7.09133033300003],[125.29163036900002,7.10567326000006],[125.25840456700007,7.147365287000071],[125.22876936500006,7.175858360000063],[125.2234718420001,7.210867900000039],[125.22887153900001,7.227272042000038],[125.25521114100002,7.259347723000076],[125.23682435800004,7.319785068000044],[125.23120292600004,7.356423014000029],[125.27566577100004,7.374365237000063],[125.23250444900009,7.428194494000024],[125.23062998900002,7.500939476000042],[125.26359983300006,7.506819022000059],[125.26559191100012,7.564791229000036],[125.32590265800002,7.565047432000028],[125.5436054380001,7.565446999000073],[125.54380636600001,7.425852213000042],[125.55773789200009,7.412268592000032],[125.54633759300009,7.392154386000072],[125.54158155000005,7.362852275000023],[125.54851244200006,7.345220359000052],[125.55226679900011,7.242435550000039],[125.54917472900001,7.220802462000051],[125.58313921400008,7.22348789800003],[125.61649393300002,7.239081308000038],[125.623197376,7.264272240000025],[125.66284567100001,7.281553946000031],[125.68045380800004,7.262678134000055]]]}},{"type":"Feature","properties":{"name":"Dinagat Islands","psgc":"168500000","island_group":"mindanao"},"geometry":{"type":"MultiPolygon","coordinates":[[[[125.51387847700005,10.03001916200003],[125.53405912800008,10.01713853900003],[125.52436405200001,10.010203257000057],[125.51567279400001,10.014124150000043],[125.51387847700005,10.03001916200003]]],[[[125.47318464000011,10.461220749000063],[125.4933353030001,10.452720881000062],[125.50161776800007,10.445649912000022],[125.48677989600003,10.422843686000022],[125.47843737300002,10.426000472000055],[125.4790186250001,10.435617276000073],[125.46936281600006,10.445291811000061],[125.46334023600002,10.457116167000038],[125.47318464000011,10.461220749000063]]],[[[125.6416699990001,9.886598907000064],[125.64473675400006,9.89720324800004],[125.64560349700002,9.930891682000038],[125.62072077700009,9.947074781000026],[125.61273498900005,9.95951644400003],[125.60217406200002,9.965467646000036],[125.60840931200005,9.983625145000076],[125.58819281800004,9.989979710000057],[125.57576169300012,9.982129745000066],[125.5688982590001,9.988901411000029],[125.57810681500007,10.002515139000025],[125.56964639700004,10.006398538000042],[125.56862485400006,10.018106197000066],[125.57697845300004,10.028772980000042],[125.58319761200005,10.050333925000075],[125.59374170700005,10.052362320000043],[125.59960257500006,10.059171930000048],[125.58534326400002,10.081658503000028],[125.57412790500007,10.07994734500005],[125.57284737200007,10.065808765000043],[125.55050159000007,10.078766572000063],[125.53925795500004,10.081084211000075],[125.52849983100009,10.06245102400004],[125.51047483500008,10.062174321000043],[125.49715033000007,10.07884327100004],[125.4979946420001,10.10059859100005],[125.48105318000012,10.104152954000028],[125.47671038600004,10.125423048000073],[125.49544223300006,10.14284968800007],[125.5056952760001,10.193832389000022],[125.49916273100007,10.207580566000047],[125.50817563500004,10.209877931000051],[125.52302079100002,10.202449982000076],[125.52626261400007,10.190778246000036],[125.54066595800009,10.204380920000062],[125.54084135300002,10.209881218000021],[125.52494381100007,10.22530220300007],[125.51235820600004,10.242390957000055],[125.52114368100001,10.24574264000006],[125.51839147400005,10.262577085000032],[125.52139023200004,10.277206387000035],[125.51439362800011,10.298536205000062],[125.51869648200011,10.307845534000023],[125.513871504,10.321086077000075],[125.51958110600003,10.324105334000024],[125.54323313500004,10.324025736000067],[125.5516358750001,10.320284293000043],[125.55585741700008,10.339885769000034],[125.54769139400003,10.356592471000056],[125.54656838300002,10.370587810000075],[125.55159009600004,10.385373169000047],[125.56229573900009,10.381868819000033],[125.56667352900001,10.37014421400005],[125.58192529300004,10.35880164200006],[125.59564026700002,10.365000834000057],[125.60491927200007,10.379834500000072],[125.6121508220001,10.420914158000073],[125.60880191400008,10.432262783000056],[125.62001895500009,10.447310725000023],[125.62293046900004,10.458857803000058],[125.64207125900009,10.471594696000068],[125.64985084800003,10.466507074000049],[125.65537755900004,10.451790966000033],[125.65246800600005,10.441932178000059],[125.66553912200004,10.434238513000025],[125.67291778800006,10.420956956000055],[125.66938782700004,10.414628636000032],[125.67697708100002,10.39521127100005],[125.66308188300002,10.33505464600006],[125.64730039500012,10.306486660000076],[125.64591069100004,10.295413194000048],[125.65534005500001,10.277127552000024],[125.65287365800009,10.251438972000074],[125.64399819100004,10.243002584000067],[125.65355021000005,10.229237628000021],[125.65460648400006,10.217610552000053],[125.66189179100002,10.197223704000066],[125.64386418300012,10.185145067000065],[125.65146582900002,10.167058589000021],[125.65890430700006,10.165790918000027],[125.67052545900003,10.17309053200006],[125.67614259700008,10.167034963000049],[125.67537337600004,10.153918412000053],[125.66321458700008,10.154010808000066],[125.66067488400006,10.134955066000032],[125.6636694870001,10.11435330300003],[125.67271912800004,10.113259064000033],[125.67675088100009,10.103523468000049],[125.69243939300009,10.080075816000033],[125.69523458800006,10.047548144000075],[125.68650825100008,10.019139887000051],[125.67269702800002,9.990389494000055],[125.67928846600012,9.98079711500003],[125.67899575800004,9.96219929800003],[125.67556739600002,9.95759679400004],[125.65838497000004,9.951259023000034],[125.657236839,9.946726152000053],[125.67223287600007,9.937752562000071],[125.67606237400003,9.931063171000062],[125.67303102300002,9.917446491000021],[125.69373123700007,9.914986297000041],[125.70677218100002,9.898652138000045],[125.70146995800008,9.878720388000033],[125.70100355600005,9.86685026400005],[125.69014252900001,9.864524379000045],[125.67677343900004,9.867633453000053],[125.67223,9.852780001000042],[125.66028,9.852499999000031],[125.65556,9.86528000100003],[125.6416699990001,9.886598907000064]]]]}},{"type":"Feature","properties":{"name":"Eastern Samar","psgc":"082600000","island_group":"visayas"},"geometry":{"type":"MultiPolygon","coordinates":[[[[125.95745492100002,10.775898685000072],[125.9690611530001,10.750957467000035],[125.96387794100008,10.748514774000057],[125.95008260300006,10.757325211000023],[125.9482256770001,10.764847125000074],[125.94072058200004,10.771225068000035],[125.95745492100002,10.775898685000072]]],[[[125.69382858900008,10.82346973600005],[125.70173063100003,10.821116803000052],[125.72215939500006,10.807353629000033],[125.72720946100003,10.797531371000048],[125.7228046240001,10.785056189000045],[125.71362131600006,10.777277870000034],[125.71077205000006,10.760780663000048],[125.71988639900007,10.752229969000041],[125.71856222100007,10.746037992000026],[125.73382176200005,10.739858433000052],[125.75196508600004,10.740156384000045],[125.75933450100001,10.73740093500004],[125.7832676380001,10.738656174000027],[125.80235087400001,10.73411472600003],[125.81286371600004,10.729705985000066],[125.81996691600011,10.717941875000065],[125.81120431400007,10.70291936600006],[125.81078660100002,10.696651878000068],[125.8005317410001,10.691006480000055],[125.77629915600005,10.692923259000054],[125.7658385960001,10.688493305000065],[125.75515368000003,10.688425591000055],[125.74406258200008,10.693769648000057],[125.73782396500008,10.703404187000046],[125.72517859400011,10.717729297000062],[125.69750419600007,10.72489833000003],[125.69634664800003,10.731109736000064],[125.68120440000007,10.741874093000035],[125.67040950300009,10.74608113000005],[125.66001241300012,10.760158747000048],[125.66242691900004,10.773748858000033],[125.65886486500006,10.780152804000068],[125.6605762800001,10.791110677000063],[125.67706516900012,10.811231037000027],[125.69382858900008,10.82346973600005]]],[[[125.62767572200005,11.005852186000027],[125.63434925800004,11.003778503000035],[125.65200422200007,11.004207413000074],[125.65628726300008,10.995631333000063],[125.65286099200011,10.981114990000037],[125.64063085400005,10.97478753100006],[125.62380486100005,10.982072538000068],[125.61799062700004,10.987466506000032],[125.61658270100008,11.00137352400003],[125.62767572200005,11.005852186000027]]],[[[125.76910285100007,11.032563933000063],[125.77355210100006,11.031491273000029],[125.78413479300002,11.020531289000076],[125.79878189600004,11.001809638000054],[125.80262263000009,10.991651756000067],[125.8164518850001,10.97476325200006],[125.8260009710001,10.969982690000052],[125.8310502270001,10.961366223000027],[125.83838542,10.940516992000028],[125.82473310300009,10.938650382000048],[125.81892393400005,10.955516067000076],[125.81265886800009,10.966652410000052],[125.80598903500004,10.971950881000055],[125.79094539400012,10.994170737000047],[125.77328948600007,11.003896669000028],[125.76319980800008,11.014265006000073],[125.76359619900006,11.030083786000034],[125.76910285100007,11.032563933000063]]],[[[125.68163672300011,11.059790796000073],[125.69763917800003,11.054444533000037],[125.71112909400006,11.044008294000037],[125.6946342550001,11.033200129000022],[125.69003661600004,11.03271888200004],[125.67671992400005,11.054275914000073],[125.68163672300011,11.059790796000073]]],[[[125.57588974200007,11.107295059000023],[125.58542049300002,11.09951682600007],[125.57879894900009,11.093249830000047],[125.56882536900002,11.10018449100005],[125.57588974200007,11.107295059000023]]],[[[125.6772654780001,11.11218801900003],[125.68310537400009,11.108448653000039],[125.68436422900004,11.09959238600004],[125.66945565600008,11.090870078000023],[125.66473722900002,11.101961697000036],[125.66401282200002,11.111136515000055],[125.6772654780001,11.11218801900003]]],[[[125.46878057200001,11.862327949000075],[125.47926222700005,11.854428621000068],[125.4741711370001,11.850157865000028],[125.46782510100002,11.855126451000046],[125.46878057200001,11.862327949000075]]],[[[125.5504045450001,12.119325047000075],[125.56668964100004,12.107656123000027],[125.56053734300008,12.105093639000074],[125.5504045450001,12.119325047000075]]],[[[125.32313117600006,12.282184634000032],[125.32585580500006,12.274845673000073],[125.33810784200011,12.26932708000004],[125.34594632000005,12.274692737000066],[125.35052425600009,12.285799399000041],[125.35886706700012,12.29192202300004],[125.35400688100003,12.300592685000026],[125.37987363800005,12.302581649000047],[125.38435919200003,12.298683684000025],[125.3802672920001,12.288519374000032],[125.36830375300008,12.290720924000027],[125.36293184600004,12.281782046000046],[125.3752685070001,12.264605803000052],[125.38665515000002,12.269048250000026],[125.3876495510001,12.279829180000036],[125.39783788700004,12.280877676000046],[125.40700636800011,12.271848113000033],[125.41347223100001,12.28051580600004],[125.42511559000002,12.277924681000059],[125.43332525800008,12.268371036000076],[125.44064636700011,12.266190276000032],[125.45433903800006,12.257565305000071],[125.46572697700003,12.235609673000056],[125.47835184200005,12.23065279900004],[125.48507787500012,12.222117145000027],[125.48030535500004,12.211021908000077],[125.49351265500002,12.212650859000064],[125.49747726800001,12.207162656000037],[125.50591454500011,12.20585260300004],[125.514980852,12.192380453000055],[125.51578671000004,12.179757836000022],[125.51164552600005,12.171690192000028],[125.5026944650001,12.182541100000037],[125.49601167300011,12.172652070000026],[125.46700786600002,12.164329119000058],[125.45694793900009,12.166777741000033],[125.45559352100008,12.156567141000039],[125.4739038240001,12.151472020000028],[125.47396505200004,12.145274174000065],[125.46570666500008,12.13779153400003],[125.45735638600001,12.142118334000031],[125.43956118500012,12.133341290000033],[125.43664438400003,12.125331086000074],[125.43881577200011,12.111342919000037],[125.44546954500004,12.101999663000072],[125.45618508600012,12.097844198000075],[125.46913782400009,12.102156799000056],[125.47486227700006,12.10822253300006],[125.48600496800009,12.102297909000072],[125.48001517600005,12.096812169000032],[125.48241154400012,12.078629829000022],[125.48755410900003,12.079692074000036],[125.49637468600008,12.071395171000063],[125.49481312400007,12.06502232300005],[125.50538102900009,12.063895779000063],[125.51507633000006,12.058635835000075],[125.50206461200003,12.05202369500006],[125.49192294400007,12.040826022000033],[125.4920548660001,12.034065033000047],[125.48002286200006,12.034957245000044],[125.48077567500002,12.029186812000034],[125.47003603900009,12.014550628000052],[125.46069299200008,11.998860371000035],[125.45442095700002,11.996001608000029],[125.44809414100007,11.978367983000055],[125.44692973800011,11.969212155000037],[125.43936849900001,11.967173015000071],[125.42863838000005,11.942475313000045],[125.433324964,11.935477713000068],[125.42255476500009,11.929984615000023],[125.42530093100004,11.914297698000041],[125.4206842640001,11.897187325000061],[125.42829543200003,11.875452021000058],[125.43442869300009,11.869043024000064],[125.44377039000005,11.869236217000037],[125.43521015700003,11.857664667000051],[125.43897233400003,11.839933679000069],[125.43526090800003,11.827984284000024],[125.43906087500011,11.821000812000023],[125.45161329300004,11.815781824000055],[125.45748874100002,11.819883659000027],[125.46465620600009,11.816381837000051],[125.4644779350001,11.806011265000052],[125.47321411700011,11.798288541000034],[125.47140851400002,11.782453098000076],[125.46241363700005,11.772270384000024],[125.4390529530001,11.772011475000056],[125.41453113600005,11.76328830500006],[125.41433892700002,11.754957175000072],[125.43730736200007,11.744788371000027],[125.44296231300007,11.745727044000034],[125.45662889300002,11.759319628000071],[125.47023152200006,11.73552126800007],[125.47016140800008,11.723249218000035],[125.47458562200006,11.716111151000064],[125.4717140360001,11.708291400000064],[125.47448688600002,11.698689018000039],[125.48079929800008,11.69874248900004],[125.48437965100004,11.681775144000028],[125.49248659600005,11.671231051000063],[125.47731509300002,11.66621215300006],[125.4657904610001,11.673735399000066],[125.46143809400007,11.668368121000071],[125.45189617900007,11.668891123000037],[125.44890231000011,11.653687390000073],[125.462626225,11.646162465000032],[125.45735329100012,11.629104170000062],[125.43970095200007,11.619645211000034],[125.44305389600004,11.595295450000037],[125.4542847460001,11.587544561000072],[125.45961797500001,11.592971675000058],[125.47482051200006,11.590928149000035],[125.46864040000003,11.579686156000037],[125.46736757600002,11.568959760000041],[125.47368277200007,11.542242679000026],[125.47922423200009,11.529266581000059],[125.49175123900011,11.520129561000033],[125.50130451600012,11.502329649000046],[125.50591853100002,11.504357885000047],[125.51565122600005,11.490110153000046],[125.51403630900006,11.479270263000046],[125.51915902500002,11.473461305000058],[125.5093534990001,11.467194874000029],[125.50809877800009,11.46216744000003],[125.49601955500009,11.455873766000025],[125.50436316900004,11.451297801000067],[125.5223382690001,11.453815347000045],[125.52891732700004,11.446659994000072],[125.52918336000005,11.440060918000029],[125.53921686000001,11.435924011000054],[125.54200949100004,11.425195023000072],[125.55051345700008,11.419661550000058],[125.5488188170001,11.41209238700003],[125.5616205870001,11.398136381000029],[125.5694217250001,11.392598060000068],[125.57916403600007,11.399013312000022],[125.5845178290001,11.398050213000033],[125.58821225100007,11.386806338000042],[125.60129151700005,11.378371444000038],[125.60498880900002,11.367716402000042],[125.6140827260001,11.369847185000026],[125.6226523680001,11.368120532000034],[125.63184896100006,11.35788122200006],[125.6324447720001,11.337010986000053],[125.62232836800001,11.334418128000038],[125.62200364900002,11.324718399000062],[125.61077525200005,11.312661103000039],[125.60655223900005,11.30201502400007],[125.59484762300008,11.292993573000047],[125.57262983500004,11.285631952000074],[125.5674561410001,11.271612178000055],[125.54794909100008,11.260548266000058],[125.54076778000001,11.245937922000053],[125.53408223600002,11.220229017000065],[125.53899508600011,11.215223190000074],[125.53501771700007,11.194043630000067],[125.54581005400007,11.192841454000074],[125.55681272200002,11.18174889900007],[125.55955202200005,11.187554557000055],[125.5826968770001,11.179538024000067],[125.58769696900004,11.187185228000033],[125.60934603500004,11.190702835000025],[125.62118732700003,11.201790682000023],[125.59219616400003,11.221383254000045],[125.59094290200005,11.22862950700005],[125.60023217900005,11.23241749500005],[125.61134561400002,11.228612946000055],[125.62704918000009,11.215797107000071],[125.63523124300002,11.21116180100006],[125.65195106400006,11.206738962000031],[125.66513117700003,11.198199569000053],[125.67440176700006,11.18478392000003],[125.68508412500012,11.161861953000027],[125.68873174600003,11.143654638000044],[125.70236638300003,11.121575717000042],[125.71883118300002,11.107516691000058],[125.7503244400001,11.06514349500003],[125.750111,11.060052393000035],[125.75887150000005,11.047817487000032],[125.76171517900002,11.033986907000042],[125.7609067630001,11.023981341000024],[125.75451625700009,11.011022082000068],[125.75047712100002,11.015765819000023],[125.73806584400006,11.016048042000023],[125.72264403600002,11.02793835600005],[125.71196037100003,11.04138277800007],[125.71456472500006,11.045695797000064],[125.70533955500002,11.056401798000024],[125.70229368900004,11.067117259000042],[125.687525821,11.07124236900006],[125.67926276800006,11.077582294000024],[125.67264854200005,11.087787452000043],[125.68311719400003,11.093890707000071],[125.68794575200002,11.093137587000058],[125.6987476700001,11.108474343000069],[125.66847979500005,11.116826170000024],[125.66083241100011,11.12370777500007],[125.66597043100012,11.137632175000022],[125.660497899,11.142383989000052],[125.64305843300008,11.138861061000057],[125.59870426100008,11.116252442000075],[125.5755696330001,11.107547687000022],[125.57547608900006,11.11714743300007],[125.56789245300001,11.127501367000036],[125.56272466200005,11.12843418600005],[125.57155047900005,11.147778666000022],[125.55941298200003,11.151315037000074],[125.55445644300005,11.148956135000049],[125.54356507800003,11.151413916000024],[125.5287901700001,11.14734134400004],[125.53165675000002,11.134321213000021],[125.52504017400008,11.132933481000066],[125.51642718900007,11.123790547000056],[125.51904926100008,11.107223753000028],[125.51350611600003,11.100464224000063],[125.5168868070001,11.088375984000038],[125.5113255010001,11.081446698000036],[125.50084950700011,11.086695925000072],[125.50133059300003,11.092918691000023],[125.48120108800003,11.106950451000046],[125.4764797250001,11.114856123000038],[125.46723741900007,11.11712428900006],[125.46462236400009,11.123379175000025],[125.45648049500005,11.118364156000041],[125.44888327800004,11.117846804000067],[125.45677112500005,11.102155131000075],[125.44528009200008,11.100058814000022],[125.43636279300006,11.105403786000068],[125.43480289800004,11.09638639700006],[125.42883538000001,11.089805698000077],[125.41570631700006,11.088127640000039],[125.407395242,11.081845043000044],[125.40132745800008,11.092731713000035],[125.40647951200003,11.099428738000029],[125.39321285400001,11.105192300000056],[125.37928510000006,11.105624526000042],[125.36974582200003,11.102731521000067],[125.36035029300001,11.119490821000056],[125.34299560600004,11.120575776000067],[125.33835181300003,11.123041545000035],[125.32911847800005,11.117975725000065],[125.31841344100008,11.11669179300003],[125.3169441760001,11.12576914300007],[125.31017422000002,11.124544971000034],[125.30242526100005,11.132094180000024],[125.29735602500011,11.142885988000046],[125.28767352500006,11.138813564000031],[125.273891735,11.137939692000032],[125.26405105200001,11.13472000300004],[125.25776989100007,11.120632391000072],[125.25089352300006,11.118187386000045],[125.2505249830001,11.118491138000024],[125.25026156900003,11.118802669000047],[125.25021622700001,11.118924701000026],[125.24971975800008,11.120056074000047],[125.24970772300003,11.120217610000054],[125.24872776900008,11.120752956000047],[125.24784780200002,11.12149136000005],[125.2466330740001,11.122447398000077],[125.24096438700008,11.151653059000068],[125.24661632000004,11.158922365000024],[125.24516387200003,11.173809959000039],[125.24690071700002,11.21118228000006],[125.24633591700001,11.311455266000053],[125.28066316600007,11.361909573000048],[125.30911645700007,11.396150008000063],[125.28565771500007,11.422534495000036],[125.24267355900008,11.43326102800006],[125.22074837000002,11.446147317000054],[125.21329426300008,11.471111887000063],[125.22197650300006,11.486198664000028],[125.2223409830001,11.516194788000064],[125.21642020100012,11.52838463300003],[125.21038826200004,11.55084104100007],[125.16104075300007,11.564051392000067],[125.1716666860001,11.583237104000034],[125.17756998200002,11.603603475000057],[125.18022646500003,11.63843292000007],[125.21763722100002,11.627072688000055],[125.23009378200004,11.639759928000046],[125.2541905280001,11.657900176000055],[125.28287505800006,11.675657267000076],[125.2790049240001,11.714472447000048],[125.27049977200011,11.757305849000034],[125.2688080260001,11.827750626000068],[125.25328902000001,11.872149295000042],[125.24062638200007,11.895869560000051],[125.2339716670001,11.918785394000054],[125.22550176000004,11.937736278000045],[125.19247005000011,12.00366525800007],[125.14155645500011,12.009628130000067],[125.12540541300007,12.075039856000046],[125.1274242930001,12.178810312000053],[125.155553,12.206284656000037],[125.168291457,12.282900013000074],[125.17549145400005,12.300438468000038],[125.17902764200005,12.301396393000061],[125.20077071300011,12.328511285000047],[125.21125053800006,12.34784030700007],[125.22332809500006,12.349578051000037],[125.2442981690001,12.328873455000064],[125.25197262000006,12.326799179000034],[125.27484419300004,12.290014941000038],[125.27426833100003,12.27324266200003],[125.27682743700007,12.266380463000075],[125.29739499700008,12.270467058000065],[125.29665704600006,12.276020280000068],[125.30736256500006,12.281189457000039],[125.32313117600006,12.282184634000032]]]]}},{"type":"Feature","properties":{"name":"Guimaras","psgc":"067900000","island_group":"visayas"},"geometry":{"type":"MultiPolygon","coordinates":[[[[122.70597000100008,10.47458],[122.72475000100007,10.45424],[122.72074,10.448240001000045],[122.70469,10.45022],[122.68983,10.442920001000061],[122.68644,10.46719],[122.70597000100008,10.47458]]],[[[122.65824598100005,10.754189134000057],[122.67901904300004,10.742470809000054],[122.68575052300002,10.731557163000048],[122.71387636200006,10.715628863000063],[122.71887353500006,10.705105867000043],[122.72058093100009,10.685427913000069],[122.71586298000011,10.658118212000034],[122.72569314800012,10.63910487000004],[122.72063370100011,10.629804229000058],[122.72498683200001,10.615046608000057],[122.712719805,10.594563764000043],[122.70772501300007,10.570228546000067],[122.6957161680001,10.555093108000051],[122.69748287300001,10.547421428000064],[122.68405576200007,10.531563566000045],[122.68255339100006,10.502208969000037],[122.6668505880001,10.48960014100004],[122.66353824700002,10.478480142000024],[122.64487656600011,10.471413280000036],[122.6392298080001,10.446095501000059],[122.62876683900004,10.44506522200004],[122.62565187400003,10.434314450000045],[122.60505480800009,10.438507551000043],[122.59489434900001,10.430923208000024],[122.58374334200005,10.43021651500004],[122.58121228700008,10.44117265500006],[122.57068935500001,10.448269593000077],[122.55277013800003,10.417398513000023],[122.5421196850001,10.408493262000036],[122.52177490600002,10.405203507000067],[122.51248777700005,10.41508106200007],[122.50494659800006,10.441584302000024],[122.50267254100004,10.46610527100006],[122.47508621300005,10.479310568000074],[122.47688706000008,10.498129808000044],[122.48255248300006,10.505966314000034],[122.51500742100006,10.50862240300006],[122.52302320500007,10.516401297000073],[122.512501874,10.53425156700007],[122.52646604300003,10.532781365000062],[122.5428390940001,10.54042376600006],[122.535766383,10.54867226500005],[122.52373959900001,10.540056754000034],[122.52110016100005,10.557955453000034],[122.51181947500004,10.566869162000046],[122.51087833200006,10.582133333000058],[122.518467643,10.599672231000056],[122.53006419400003,10.604042122000067],[122.5272701020001,10.615002864000076],[122.55142414900001,10.630338387000052],[122.56502071000011,10.649408860000051],[122.56020841500003,10.662716287000023],[122.56984940600012,10.666271391000066],[122.5818683120001,10.659509473000071],[122.59242148100009,10.673922103000052],[122.60621033000007,10.674666399000046],[122.61495920200002,10.685635945000058],[122.61063398100009,10.705627680000077],[122.61485909200007,10.718851581000024],[122.64512581300005,10.733412651000037],[122.65824598100005,10.754189134000057]]]]}},{"type":"Feature","properties":{"name":"Ifugao","psgc":"142700000","island_group":"luzon"},"geometry":{"type":"Polygon","coordinates":[[[121.56750018100001,17.07905657500004],[121.5213223400001,16.83893476700007],[120.92950614800009,16.600053544000048],[120.89301445400008,16.821064410000076],[121.56750018100001,17.07905657500004]]]}},{"type":"Feature","properties":{"name":"Ilocos Norte","psgc":"012800000","island_group":"luzon"},"geometry":{"type":"Polygon","coordinates":[[[120.57182232500008,17.786033365000037],[120.54059008000002,17.824333185000057],[120.52812109100012,17.878524456000036],[120.48002829200004,17.898077388000047],[120.44338379200008,17.90272064800007],[120.4292825760001,17.915602186000058],[120.46188261800012,17.939657187000023],[120.47603697400007,17.97872340300006],[120.49763223500008,18.003474580000045],[120.48026778000008,18.016806657000075],[120.47856774000002,18.07902007900003],[120.47091102600007,18.085979682000072],[120.51223627900004,18.13535054500005],[120.52351140600001,18.204803687000037],[120.54865267100001,18.233600720000027],[120.5972964550001,18.333825110000078],[120.59999656600007,18.376752148000037],[120.59390701900008,18.41401501000007],[120.56365280200009,18.491425177000053],[120.62456251000003,18.54570767900003],[120.66942011600008,18.531711337000047],[120.71950205300004,18.528742970000053],[120.76150944400001,18.539564005000045],[120.7871003460001,18.568201960000067],[120.77766979500007,18.600878073000047],[120.78498690700008,18.624524222000048],[120.85288653600003,18.647526628000037],[120.89732007100008,18.57244378200005],[120.92800873600004,18.559397641000032],[120.97645367700011,18.568958937000048],[120.96914518300002,18.510116371000038],[120.94704360700007,18.420625793000056],[120.9483632670001,18.38169343000004],[120.91666636200011,18.284560256000077],[120.92676405600002,18.241938255000036],[120.97006946800002,18.18186392000007],[120.92814130400006,18.088193385000068],[120.93546188900007,18.068995150000035],[120.9277503080001,18.020743286000027],[120.9469459710001,17.997094376000064],[120.9203956020001,17.956264822000037],[120.8945855720001,17.95147229400004],[120.85020468100004,17.962860961000047],[120.82604262300003,17.95475861500006],[120.78375228200002,17.911236471000052],[120.72824914700004,17.892507978000026],[120.71309088700002,17.85995599300003],[120.69086868900001,17.83457964200005],[120.60222550700007,17.809284779000052],[120.57182232500008,17.786033365000037]]]}},{"type":"Feature","properties":{"name":"Ilocos Sur","psgc":"012900000","island_group":"luzon"},"geometry":{"type":"Polygon","coordinates":[[[120.57182232500008,17.786033365000037],[120.54274383600011,17.735323652000034],[120.5163850560001,17.649240339000073],[120.49781832400004,17.625130266000042],[120.48809572800008,17.58461679900006],[120.48964597200006,17.55323366400006],[120.46816717700005,17.51472706000004],[120.47441593400004,17.484247811000046],[120.51159320200009,17.498232664000057],[120.54333671200004,17.492196233000072],[120.56549074200007,17.50175551600006],[120.58165948100009,17.471827468000072],[120.57786001500006,17.43001281100004],[120.5378136380001,17.356986044000053],[120.5667598550001,17.307159984000066],[120.61194929200008,17.302219217000072],[120.636169988,17.27562854300004],[120.67840099500006,17.256838869000035],[120.68144676200006,17.186621509000076],[120.73368256900005,17.167989204000037],[120.75133329500011,17.15525632500004],[120.81235520500002,17.155871674000025],[120.77482395200002,17.108020993000025],[120.767612847,17.066790583000056],[120.7800911280001,17.01648827300005],[120.78527385300004,16.92133500700004],[120.74751261400002,16.926550587000065],[120.73856888600005,16.915983209000046],[120.669563,16.911981],[120.6245359400001,16.877777002000073],[120.61018355700003,16.840016965000075],[120.58601613200005,16.836661373000027],[120.58961744100009,16.74718269500005],[120.59903624900005,16.738317935000055],[120.57452221100004,16.671264866000058],[120.56506488500008,16.669766382000034],[120.53478210300011,16.720904921000056],[120.54544368800009,16.72892858800003],[120.54890816500006,16.767490429000077],[120.53514004700003,16.787169211000048],[120.53520039300008,16.81605498500005],[120.50695831400003,16.846549993000053],[120.51072423000005,16.918236059000037],[120.48999382900001,16.905466285000045],[120.46426010800008,16.91450466300006],[120.43577346200004,16.900497252000036],[120.41079750900008,16.920904919000066],[120.444812522,16.974010931000066],[120.4481846330001,17.04352363600003],[120.43625797100003,17.08388363800003],[120.42630269900008,17.16897719900004],[120.41427879900004,17.204509846000064],[120.417079553,17.253710442000056],[120.42839832000004,17.316310178000037],[120.45456856400006,17.361261598000056],[120.46127535800008,17.40782160400005],[120.43594567000002,17.478428353000027],[120.41357341600008,17.516623544000026],[120.39159110600008,17.51635877900003],[120.35184339200009,17.54820877000003],[120.34441838600003,17.57800218500006],[120.35281905200009,17.635678444000064],[120.38320818900002,17.692943489000072],[120.415776563,17.70888861900005],[120.43523230500011,17.731811538000045],[120.42606927300005,17.774510965000047],[120.40263634400003,17.79408066800005],[120.45311075100005,17.819130408000035],[120.44005329900006,17.867140905000042],[120.44338379200008,17.90272064800007],[120.48002829200004,17.898077388000047],[120.52812109100012,17.878524456000036],[120.54059008000002,17.824333185000057],[120.57182232500008,17.786033365000037]]]}},{"type":"Feature","properties":{"name":"Iloilo","psgc":"063000000","island_group":"visayas"},"geometry":{"type":"MultiPolygon","coordinates":[[[[123.14504718400008,11.15431129600006],[123.13617626300004,11.119824591000054],[123.12613446300008,11.103194849000033],[123.10741955000003,11.132376782000051],[123.1168688250001,11.144570954000073],[123.13996722200011,11.14717020300003],[123.14504718400008,11.15431129600006]]],[[[123.16699863400004,11.22311217400005],[123.18422722000003,11.217743149000057],[123.18628492000005,11.206098903000054],[123.17376040200008,11.196354172000042],[123.16116696200004,11.196844871000053],[123.15748664700004,11.21134919900004],[123.16699863400004,11.22311217400005]]],[[[123.16132519100006,11.312650741000027],[123.17406877100007,11.29885852600006],[123.18091969300008,11.305383333000066],[123.1938425410001,11.293381797000052],[123.1672151460001,11.26931382400005],[123.17013807600006,11.259754499000053],[123.14959034700007,11.248866787000054],[123.14742564000005,11.260426109000036],[123.15596816100003,11.27702647600006],[123.15467819100002,11.309407795000027],[123.16132519100006,11.312650741000027]]],[[[123.25098151000009,11.466130501000066],[123.27528003100008,11.454853010000022],[123.27437749800004,11.438203963000035],[123.26157228000011,11.423688808000065],[123.2515889770001,11.435619564000035],[123.24280165000005,11.453727936000064],[123.25098151000009,11.466130501000066]]],[[[123.229012151,11.515967899000032],[123.2392031070001,11.508079988000077],[123.23439290300007,11.493350841000051],[123.23523249800007,11.46491779400003],[123.21710547700002,11.459739888000058],[123.20570651500009,11.460851775000037],[123.1929136980001,11.473949126000036],[123.20373120800002,11.489676275000022],[123.2001900790001,11.504225794000035],[123.21952261900003,11.508848509000075],[123.229012151,11.515967899000032]]],[[[123.1877501140001,11.53775593100005],[123.19301393600006,11.522989800000062],[123.19101253300005,11.51228893900003],[123.17636823400005,11.511348326000075],[123.17167880600005,11.498594307000076],[123.16231472600009,11.498368404000075],[123.16751903900001,11.524267804000033],[123.18013646400004,11.525286552000068],[123.1877501140001,11.53775593100005]]],[[[122.03028776500003,10.466848482000046],[122.01303394100012,10.476499513000022],[122.01216107800008,10.486723335000022],[122.01819370900012,10.52437349400003],[122.01584591100004,10.544761710000046],[122.02265034200002,10.559906409000064],[122.01906709400009,10.56521642000007],[122.03481262200012,10.623438966000037],[122.04721864900011,10.631563350000022],[122.05098571500002,10.647015267000029],[122.06031076300007,10.659141388000023],[122.06518785900005,10.680676879000032],[122.08405293300007,10.700210447000075],[122.09472650700002,10.699596017000033],[122.11537238300002,10.715170645000057],[122.15394495400005,10.751227345000075],[122.17497210800002,10.75599618900003],[122.19932536600004,10.816251925000074],[122.20100347700009,10.83468597500007],[122.22436151400007,10.852999279000073],[122.24428145000002,10.849513263000063],[122.2582748420001,10.860611470000038],[122.2648694290001,10.87685667200003],[122.26061268,10.895246205000035],[122.28086203700002,10.892336224000076],[122.28297473100008,10.911117010000055],[122.29696678800008,10.92563094600007],[122.3078604640001,10.923071334000042],[122.32363979700006,10.933363292000024],[122.32419683600006,10.941676718000053],[122.31246292500009,10.958055645000059],[122.32373918400003,11.015286657000047],[122.31961925200005,11.028805747000035],[122.30845735300011,11.047318527000073],[122.23994482700004,11.133468934000064],[122.32565518700005,11.22494626200006],[122.3953327160001,11.190131479000058],[122.4191051790001,11.195574141000066],[122.45216523400006,11.192964759000063],[122.47303762400009,11.18809168100006],[122.49446570100008,11.17844518000004],[122.5233778590001,11.191927539000062],[122.54033981200007,11.202374835000057],[122.56157174100008,11.223800277000066],[122.55931719700004,11.236245889000031],[122.57510193700011,11.246882854000035],[122.5833159450001,11.257892243000072],[122.59651263900003,11.261591893000059],[122.60977306100006,11.259274567000034],[122.63289907300009,11.266594956000063],[122.62880978300007,11.25438428900003],[122.6154183110001,11.235971931000051],[122.65058204600007,11.211556530000053],[122.65837347700005,11.209871882000073],[122.68208955300008,11.215811099000064],[122.70824223400007,11.21363333100004],[122.726128,11.227078518000042],[122.74378872600005,11.229183085000045],[122.75322355500009,11.223501396000074],[122.77226190300007,11.227241049000042],[122.78881672200009,11.199299094000025],[122.79181668600006,11.186459075000073],[122.81463650900002,11.19392378300006],[122.82594338400008,11.190160573000071],[122.85035574800008,11.195562332000065],[122.8602246270001,11.210301866000066],[122.86320664100003,11.224577564000072],[122.87307868500011,11.237048511000069],[122.86666002000004,11.252520134000065],[122.85512057300002,11.255937846000052],[122.87360262000004,11.27787395200005],[122.89465144100006,11.29433141800007],[122.90831056000002,11.291244992000031],[122.92136273400001,11.29878541100004],[122.93090437300009,11.297747973000071],[122.94471706200011,11.311485936000054],[122.9375337670001,11.322262839000075],[122.93493633800006,11.338812838000024],[122.94080518700002,11.360430154000028],[122.95087891900005,11.370013339000025],[122.99443380000002,11.389956553000047],[123.03508955900008,11.395186328000023],[123.0460306220001,11.403829250000058],[123.04813728400006,11.418640423000056],[123.0397568950001,11.427923315000044],[123.045584372,11.447568638000064],[123.05553064900005,11.455422850000048],[123.0584064840001,11.46568258700006],[123.07178157200008,11.48224771200006],[123.075251664,11.510117901000058],[123.0856191040001,11.51452260800005],[123.09762898100007,11.544387227000072],[123.1059712010001,11.548558393000064],[123.13131288400007,11.571250268000028],[123.14176159400006,11.591123002000074],[123.16276061100007,11.567235462000042],[123.1499078810001,11.548113645000058],[123.15073290900011,11.542234995000058],[123.13514402100009,11.510893258000067],[123.13847382100005,11.493084337000028],[123.15991416400004,11.475432672000068],[123.15272078600003,11.444216492000066],[123.14009748,11.437029733000031],[123.12996121100002,11.419087604000026],[123.14340461600011,11.398159521000025],[123.14626712200004,11.37375942500006],[123.14034392700012,11.36377834600006],[123.12620547200004,11.361348299000042],[123.13302425100005,11.343259420000038],[123.11631577800006,11.33794298500004],[123.10460897300004,11.341295449000029],[123.09923304800009,11.32864154300006],[123.10626398800002,11.316820988000075],[123.10689030700007,11.292677410000067],[123.09514831000001,11.27485007200005],[123.09606235800004,11.248368484000025],[123.09381170300003,11.223909323000044],[123.11263176900002,11.215604713000062],[123.1227098710001,11.197884095000063],[123.12789820800003,11.18106713900005],[123.12127665500009,11.164694573000077],[123.0958613250001,11.156887964000077],[123.08938563400011,11.145777205000059],[123.079928719,11.148129062000066],[123.07441368100001,11.164020820000076],[123.05482233700002,11.170135256000037],[123.03639293700007,11.171628113000054],[123.02805027400007,11.165855289000035],[123.01766905900001,11.143814193000026],[123.00927382000009,11.09392697900006],[122.99311641800011,11.078043685000068],[122.97558025100011,11.070109571000046],[122.95532296800002,11.069083492000061],[122.94910545400012,11.06190160500006],[122.95465576900006,11.050685206000026],[122.95232525100005,11.033694352000055],[122.9417587480001,11.02863433500005],[122.93453463700007,11.044070885000053],[122.9437374790001,11.056401915000038],[122.93729703800011,11.064087123000036],[122.91803619100006,11.063252859000045],[122.91592314800005,11.039610321000055],[122.90546801700009,11.020926226000029],[122.8905184460001,11.024100678000025],[122.87650941100003,11.032250372000021],[122.85166149400004,11.018821029000037],[122.850046227,10.997410925000054],[122.83151762500006,11.002750107000054],[122.81582963000005,10.999952417000031],[122.7817240280001,10.987925343000029],[122.77269817000001,10.960825455000077],[122.76463608400002,10.945955576000074],[122.77015318600002,10.93311518300004],[122.78069853800002,10.925520229000028],[122.78461847800008,10.90300368800007],[122.7891381820001,10.899308512000061],[122.78505763800001,10.864431627000045],[122.780019003,10.851007906000063],[122.76907015800009,10.843402272000048],[122.76294897800005,10.822918389000051],[122.7501519430001,10.811658841000053],[122.73420064200002,10.785963645000038],[122.71048317400005,10.780001167000023],[122.67807504200005,10.795788309000045],[122.67129196300004,10.795975156000054],[122.6635759620001,10.777858536000053],[122.6558597290001,10.784269570000049],[122.64196817200002,10.77151353100004],[122.63231534200008,10.782608456000048],[122.61145205100001,10.774782222000056],[122.59228179100012,10.75560045100002],[122.58786094800007,10.743050724000057],[122.59967415900007,10.73458215200003],[122.59358583300002,10.704695394000055],[122.58091882800011,10.687589006000053],[122.56108176100008,10.691362079000044],[122.53166930000009,10.679330462000053],[122.49980636400005,10.679965891000052],[122.479448036,10.688346121000052],[122.45516144400005,10.68823575500005],[122.43071513100006,10.68343883500006],[122.39326406100008,10.670321005000062],[122.3669980090001,10.671150647000047],[122.33446013800005,10.668918344000076],[122.32657726500008,10.658701543000063],[122.30398718200001,10.656129534000058],[122.28158777100009,10.65915751500006],[122.25698515800002,10.650829912000063],[122.25112804700007,10.638107839000043],[122.2103470510001,10.638872996000032],[122.18130262400007,10.62106512400004],[122.17576811600009,10.610977914000046],[122.15928756100004,10.596754847000057],[122.13026668200007,10.586476885000025],[122.10592032000011,10.583387237000068],[122.09459807700011,10.57409741600003],[122.09067500100002,10.562442876000034],[122.0793604050001,10.549091825000062],[122.07449917500003,10.531530774000032],[122.06048584300004,10.509443777000058],[122.0613246260001,10.500639633000048],[122.05065767400004,10.486723219000055],[122.0392788900001,10.483334282000044],[122.03028776500003,10.466848482000046]]],[[[123.35679877500002,11.599651123000058],[123.33707842100011,11.574957022000035],[123.321144419,11.587398776000043],[123.32891235000011,11.596792661000052],[123.3436121100001,11.592908568000041],[123.35679877500002,11.599651123000058]]],[[[123.35794147500008,11.63871290000003],[123.35984770700009,11.633408880000047],[123.3478184710001,11.606149790000075],[123.34152935800012,11.61479302400005],[123.34199257500006,11.632454365000058],[123.35794147500008,11.63871290000003]]]]}},{"type":"Feature","properties":{"name":"Isabela","psgc":"023100000","island_group":"luzon"},"geometry":{"type":"Polygon","coordinates":[[[122.1729689010001,17.58454244400002],[122.19068245400001,17.547957689000043],[122.18474922400003,17.541939988000024],[122.19482784800005,17.501074138000035],[122.21478842500005,17.45559750600006],[122.24474606100011,17.409375874000034],[122.24575531500011,17.366183745000058],[122.2653315120001,17.353988048000076],[122.2858022480001,17.360982876000037],[122.28750753300005,17.338946431000068],[122.31180370200002,17.332437795000033],[122.32235627500006,17.342421861000048],[122.35427872700006,17.33531371500004],[122.37331036700004,17.352376717000027],[122.39356083700011,17.322508150000033],[122.40707924700007,17.33359686500006],[122.42170372700002,17.303579152000054],[122.43948498500004,17.28766836400007],[122.44369316100006,17.263802671000064],[122.42235368700005,17.25444002100005],[122.42011281500004,17.191682057000037],[122.41087640500007,17.170569783000076],[122.41855300600002,17.138062347000073],[122.45810080900003,17.114503528000057],[122.48016162300007,17.11600994300005],[122.51497155800007,17.136876288000053],[122.51993955000012,17.090635908000024],[122.50901993700006,17.036661433000063],[122.4877791450001,17.02036920300003],[122.46492127300007,16.966327713000055],[122.47582282200005,16.95136893600005],[122.46099050500004,16.917758164000077],[122.45921524100004,16.87385955900004],[122.43148398400001,16.831394414000044],[122.43348266200007,16.797123175000024],[122.41872644800003,16.78703911300005],[122.40411025100002,16.748780186000033],[122.35782234800001,16.67740849200004],[122.35061364100011,16.655135019000056],[122.32427408,16.61079278400007],[122.2987280860001,16.552587756000037],[122.27635762000011,16.52470019200007],[122.25081580300002,16.51627237200006],[122.23059986800001,16.48400908800005],[122.21427288000007,16.479844291000063],[122.05880819100003,16.50925477800007],[122.0177337130001,16.517024527000046],[121.963870541,16.484835324000073],[121.88729434100003,16.44918003300006],[121.80059177500004,16.41774997600004],[121.79286491500011,16.40878079500004],[121.74500357300008,16.393169809000028],[121.69022134500005,16.459001794000073],[121.68380586400008,16.47574939900005],[121.65903144100002,16.49300911100005],[121.62547554000002,16.549078374000032],[121.59952867100003,16.57575489800007],[121.58379264000007,16.575755187000027],[121.57858267100005,16.598471049000068],[121.55481491400008,16.62891236200005],[121.5194712120001,16.631695926000077],[121.46601437900006,16.641396523000026],[121.44575299200005,16.634300799000073],[121.40618698600008,16.639204305000078],[121.3971688800001,16.64987794800004],[121.39026450600011,16.69443652700005],[121.37803094900005,16.722181686000056],[121.38941715600004,16.727348128000074],[121.37057490500001,16.75200994000005],[121.33865075400001,16.75348573900004],[121.35409018100006,16.783638653000025],[121.38601317000007,16.79667802700004],[121.41951945100004,16.817469334000066],[121.47913536400006,16.83597295800007],[121.5213223400001,16.83893476700007],[121.54887157900009,16.873689200000058],[121.56822243600004,16.909511535000036],[121.56071687200006,17.00945781000007],[121.57149082100011,17.04094346000005],[121.56604146900008,17.085724945000038],[121.5671587380001,17.135021686000073],[121.56139800500011,17.183361080000054],[121.54913468000007,17.19652380800005],[121.54278393400011,17.247162222000043],[121.54497556100011,17.26489446200003],[121.53017478800007,17.274919214000022],[121.53870011600009,17.317268562000038],[121.55993127700003,17.35048310800005],[121.58219454800007,17.35355906700005],[121.59347822600012,17.39691670600007],[121.60608069200009,17.42143218600006],[121.62793481000006,17.431389672000023],[121.63792704800005,17.45354382900007],[121.64723067800003,17.50048373000004],[121.70381581100003,17.50181446600004],[121.75512754700003,17.509929960000022],[121.78851574600003,17.52549255400004],[121.82031676800011,17.53140441100004],[121.89488360100006,17.530313728000067],[122.04625641700011,17.57031679800002],[122.1729689010001,17.58454244400002]]]}},{"type":"Feature","properties":{"name":"Kalinga","psgc":"143200000","island_group":"luzon"},"geometry":{"type":"Polygon","coordinates":[[[121.53451524700006,17.26951245300006],[120.91189962700003,17.24891692500006],[121.11067267300007,17.684892269000045],[121.43655489200012,17.69322616000005],[121.53451524700006,17.26951245300006]]]}},{"type":"Feature","properties":{"name":"La Union","psgc":"013300000","island_group":"luzon"},"geometry":{"type":"Polygon","coordinates":[[[120.56506488500008,16.669766382000034],[120.51785667800004,16.594691728000043],[120.51263136200009,16.550257849000047],[120.48809029900008,16.540866315000073],[120.4673463900001,16.502706239000076],[120.47311491300002,16.472720889000072],[120.46996988700005,16.424879316000045],[120.44461437400003,16.38612987700003],[120.4690371590001,16.379756875000055],[120.49472417200002,16.347753779000072],[120.50082950600006,16.293355268000028],[120.51669938500004,16.249475371000074],[120.51182322200009,16.23220132700004],[120.5066795030001,16.206713226000034],[120.41726211800005,16.204736093000065],[120.40133064300005,16.24905847800005],[120.34790061800004,16.281904584000074],[120.33972041600009,16.30722931500003],[120.343610022,16.345948905000057],[120.32121695400008,16.382479300000057],[120.334714544,16.431347991000052],[120.3274415950001,16.478839367000035],[120.3042632260001,16.505451922000077],[120.32080571000006,16.568388156000026],[120.30120534600007,16.581581564000032],[120.29732813300006,16.604885739000053],[120.31641779600011,16.62930010100007],[120.3106418430001,16.648792506000063],[120.33250059400007,16.671132731000057],[120.34119219000002,16.735108901000046],[120.32519550200004,16.79913076500003],[120.33528829000011,16.83673898400002],[120.39798862400005,16.87966312700007],[120.41079750900008,16.920904919000066],[120.43577346200004,16.900497252000036],[120.46426010800008,16.91450466300006],[120.48999382900001,16.905466285000045],[120.51072423000005,16.918236059000037],[120.50695831400003,16.846549993000053],[120.53520039300008,16.81605498500005],[120.53514004700003,16.787169211000048],[120.54890816500006,16.767490429000077],[120.54544368800009,16.72892858800003],[120.53478210300011,16.720904921000056],[120.56506488500008,16.669766382000034]]]}},{"type":"Feature","properties":{"name":"Laguna","psgc":"043400000","island_group":"luzon"},"geometry":{"type":"Polygon","coordinates":[[[121.24647366500005,13.963490883000077],[121.24809656500008,13.984388119000073],[121.22896824700001,14.002903136000043],[121.21619239800009,14.02661468100007],[121.20556391600007,14.109612394000067],[121.19440848700003,14.131070861000069],[121.09505203000003,14.156300173000034],[121.03586636200009,14.151780380000048],[121.01369984200005,14.163004601000068],[121.031764898,14.202937527000074],[121.05282869100006,14.21626380400005],[121.05084043600004,14.233602444000041],[121.0391374720001,14.271101015000056],[121.05865658500011,14.299756230000071],[121.06102153600011,14.32266921300004],[121.03202391200011,14.334445145000075],[121.00727737200009,14.320966914000053],[121.00898090600003,14.341994256000078],[121.01623891600002,14.351821071000074],[121.0298758130001,14.365980729000057],[121.05228134600009,14.370942866000064],[121.09093242800009,14.356038872000056],[121.09267377000003,14.34329554900006],[121.11471528600009,14.329603632000044],[121.1266308800001,14.303282566000064],[121.16753888100004,14.261130261000062],[121.17345136300003,14.237735961000055],[121.18722334200004,14.222274966000043],[121.18300259000011,14.186391696000044],[121.21240129700004,14.178625803000045],[121.22750391400007,14.183867134000025],[121.23753567000006,14.198150648000023],[121.26457854800003,14.190008268000042],[121.30403818900004,14.203344473000072],[121.31275119200006,14.223053012000037],[121.34221837900009,14.242011478000052],[121.35011423000003,14.259515413000031],[121.39956898300011,14.28839630300007],[121.41666176000001,14.290282158000025],[121.43509993500004,14.300256273000059],[121.44106436400011,14.321030052000026],[121.43867903800003,14.337059047000025],[121.47017123300009,14.326954468000054],[121.47915953100005,14.35002856500006],[121.47342802900005,14.371872782000025],[121.44831398600002,14.397321084000055],[121.42730752500006,14.388790112000038],[121.41569383900003,14.397418954000045],[121.40982056300004,14.378432898000028],[121.3916126040001,14.345135542000037],[121.38049455900011,14.33794374300004],[121.365349949,14.355935850000037],[121.36919831600005,14.375142206000078],[121.36243190200003,14.45419388700003],[121.37614436800004,14.464246069000069],[121.36175347800008,14.477181419000033],[121.38110691500003,14.531527832000052],[121.4042819010001,14.54541404400004],[121.42044759500004,14.54176189900005],[121.44798978300003,14.544977906000042],[121.43933971500007,14.557175536000045],[121.44938626100009,14.56961988200004],[121.44111363900004,14.587291411000024],[121.45105053500004,14.595215478000057],[121.48067421200005,14.556779521000067],[121.4811586080001,14.535665168000037],[121.52956397300011,14.53286397200003],[121.53463026500003,14.509421780000025],[121.55047443500007,14.492387305000022],[121.52409879000004,14.469167303000063],[121.57002646300009,14.398442990000035],[121.60825957700001,14.29685296200006],[121.63451880200012,14.289790898000035],[121.63412066400008,14.267710321000038],[121.6178985460001,14.249101967000058],[121.61794271500003,14.234942428000068],[121.5899512520001,14.199159350000059],[121.60319213900004,14.190359066000042],[121.59066469700008,14.160782652000023],[121.55521025700011,14.162746059000028],[121.5441269260001,14.17447531700003],[121.52919053500011,14.163656280000055],[121.51159650500006,14.101403309000034],[121.49208853200003,14.07325804800007],[121.47859448800011,14.064792674000046],[121.43090350800003,14.063428043000044],[121.42443541600005,14.047909082000047],[121.40637835300004,14.035973959000046],[121.35080923700002,14.012048831000072],[121.3293513110001,13.985808889000054],[121.29666784200003,13.971803668000064],[121.27842933000011,13.974127137000039],[121.26873271200009,13.966524442000036],[121.24647366500005,13.963490883000077]]]}},{"type":"Feature","properties":{"name":"Lanao del Norte","psgc":"103500000","island_group":"mindanao"},"geometry":{"type":"Polygon","coordinates":[[[124.56705519500008,8.160145672000056],[124.55245870400006,8.144276023000032],[124.49892875400008,8.144089777000033],[124.48026881700002,8.162042287000077],[124.45554609600003,8.132936867000069],[124.43501488100003,8.128414759000066],[124.3765710240001,8.15813457300004],[124.37347789400008,8.127259307000031],[124.33770848200004,8.102475303000062],[124.33181769100008,8.073890680000034],[124.28842639200002,8.056473836000066],[124.25137964700002,8.066451624000024],[124.21234011900003,8.067705201000024],[124.21195258600005,8.048658225000054],[124.19412436100004,8.021356720000028],[124.1576227700001,8.033463527000038],[124.11135055800003,8.021062870000037],[124.1143295060001,7.98575476000002],[124.1016348600001,7.96445142400006],[124.03081920000011,7.952898652000044],[123.98784113600004,7.935095518000026],[124.00188328500008,7.912551852000036],[123.97742153800004,7.892975554000031],[123.97368923300007,7.874036868000076],[123.99573031600005,7.838661307000052],[124.0239081960001,7.828601493000065],[123.99551305900002,7.78532208200005],[124.00162475900004,7.742659211000046],[123.9593233600001,7.724984796000058],[123.90294426500009,7.729355503000022],[123.87027291100003,7.738132882000059],[123.859933178,7.714928050000026],[123.82860561100006,7.696532008000077],[123.77589725100006,7.71418363500004],[123.7553427150001,7.735959880000053],[123.73630791500011,7.733333275000064],[123.73980653900003,7.761868972000059],[123.71639900100001,7.793822040000066],[123.69303398600005,7.812347868000074],[123.6297448680001,7.825332760000038],[123.62337728000011,7.846939848000034],[123.6336593740001,7.868724675000067],[123.65928514200004,7.877206733000037],[123.66354640300005,7.922497570000075],[123.6350335190001,7.93272192400002],[123.64985195300005,7.959801629000026],[123.67482398200002,7.953178672000035],[123.69572456700007,7.979674270000032],[123.74722812900006,7.997052645000053],[123.78099136600008,8.04376981300004],[123.81560111500005,8.079318967000063],[123.83399211400001,8.084924242000056],[123.849117137,8.111767395000072],[123.87429493700006,8.10558349300004],[123.91201801600005,8.123310021000066],[123.93148418200008,8.153215319000026],[123.96225346300002,8.171449817000052],[123.9807618420001,8.173433867000028],[124.01277525600005,8.19458664900003],[124.03342670100005,8.198024198000041],[124.10146116100009,8.192104517000075],[124.10842887800004,8.187208928000075],[124.16637644800005,8.186633762000042],[124.20220022700005,8.210494942000025],[124.23174372900007,8.219787770000039],[124.25736608500006,8.288526343000058],[124.247453027,8.332102494000026],[124.28643548000002,8.330000745000063],[124.30343307500004,8.311831809000068],[124.32793174200003,8.327967434000072],[124.36637374500003,8.314602319000073],[124.4547307570001,8.320203159000073],[124.47745729200005,8.304272188000027],[124.50703357400005,8.239915808000035],[124.52011239600006,8.172480796000059],[124.53569715600008,8.160570492000033],[124.56705519500008,8.160145672000056]]]}},{"type":"Feature","properties":{"name":"Lanao del Sur","psgc":"153600000","island_group":"barmm"},"geometry":{"type":"Polygon","coordinates":[[[124.52804919800008,7.638289206000024],[124.35373087800008,7.586423689000071],[124.27868143500007,7.557954299000073],[124.25133853700004,7.557921067000052],[124.24034052900004,7.542860437000058],[124.23650557600001,7.520440906000033],[124.21521657500011,7.49334045300003],[124.20454548500004,7.490700317000062],[124.20599771200011,7.473705159000076],[124.19675563900012,7.471888897000042],[124.1867648970001,7.453050466000036],[124.19322875600005,7.443851216000041],[124.19520726200005,7.43575265000004],[124.19248969400007,7.427310907000049],[124.18604053000001,7.421830624000052],[124.18670935300008,7.412033425000061],[124.17266371300002,7.406965372000059],[124.1676454420001,7.42864557300004],[124.14509579700007,7.437125034000076],[124.14062654500003,7.436298773000033],[124.12793764600008,7.447429171000067],[124.14012231600009,7.447560512000052],[124.14610019600002,7.457701549000035],[124.14344086000006,7.465260268000065],[124.13183990800007,7.471797306000042],[124.12727488500002,7.489051589000042],[124.1203368240001,7.501524176000032],[124.11842905200001,7.509965928000042],[124.1082524200001,7.525653427000066],[124.09614850500009,7.536760075000075],[124.08533049700009,7.555279479000035],[124.06753896500004,7.582122168000069],[124.04379811900003,7.602555169000027],[124.0447919930001,7.611002333000044],[124.03476043700005,7.62637565600005],[124.02704283900005,7.634659176000071],[124.01669270800005,7.639321489000054],[124.01195565400008,7.647784533000049],[124.0034936190001,7.64158698600005],[123.99945354200008,7.645552061000046],[123.97847985400006,7.646166093000033],[123.9742161900001,7.651143962000049],[123.97281114600003,7.666351853000037],[123.96340100900011,7.667121500000064],[123.91634912200004,7.692565918000071],[123.90323602900003,7.689907214000073],[123.89151114200001,7.697098876000041],[123.87469031000012,7.700882147000073],[123.86558802600007,7.696366351000052],[123.85059694100005,7.697489763000021],[123.84965209400002,7.707089856000039],[123.859933178,7.714928050000026],[123.85096914700011,7.735201919000076],[123.87027291100003,7.738132882000059],[123.90294426500009,7.729355503000022],[123.9403307550001,7.724809613000048],[123.9593233600001,7.724984796000058],[124.00162475900004,7.742659211000046],[123.99658466200003,7.763499486000057],[123.99551305900002,7.78532208200005],[124.00251522600001,7.79951535400005],[124.0162481540001,7.813724285000035],[124.0294234910001,7.821626718000061],[124.0239081960001,7.828601493000065],[123.99573031600005,7.838661307000052],[123.9820470620001,7.85708547400003],[123.97368923300007,7.874036868000076],[123.96570479000002,7.879629500000021],[123.97742153800004,7.892975554000031],[124.00188328500008,7.912551852000036],[123.98784113600004,7.935095518000026],[124.00884139200002,7.946688721000044],[124.03081920000011,7.952898652000044],[124.1016348600001,7.96445142400006],[124.10355187200003,7.972682266000049],[124.09632393400011,7.986626725000065],[124.1143295060001,7.98575476000002],[124.11750918700011,8.003279788000043],[124.10823299600008,8.00531692900006],[124.10092943300003,8.00276754400005],[124.098282519,8.012729413000045],[124.10796197000002,8.010342113000036],[124.11135055800003,8.021062870000037],[124.10883464400001,8.029945532000056],[124.12304152600007,8.02882410500007],[124.1576227700001,8.033463527000038],[124.15751591600008,8.020146361000059],[124.17451296700006,8.025478708000037],[124.19412436100004,8.021356720000028],[124.19100354900002,8.029098349000037],[124.20137133100002,8.029055597000024],[124.2040832350001,8.037208405000058],[124.20079366000004,8.047726688000068],[124.21195258600005,8.048658225000054],[124.21234011900003,8.067705201000024],[124.23009972900002,8.068852535000076],[124.25137964700002,8.066451624000024],[124.25211239500004,8.056921041000066],[124.27100087800011,8.055116248000047],[124.27813838500003,8.058013250000045],[124.28842639200002,8.056473836000066],[124.33181769100008,8.073890680000034],[124.33848416800004,8.081574214000057],[124.33467847000009,8.09143978700007],[124.33770848200004,8.102475303000062],[124.34559443800003,8.106119776000071],[124.35102228800008,8.114811684000074],[124.36801546900006,8.116234302000066],[124.37347789400008,8.127259307000031],[124.36749275600005,8.147470209000062],[124.36887539100007,8.156649365000021],[124.3765710240001,8.15813457300004],[124.39575697900011,8.153384322000022],[124.40466894700012,8.141588292000051],[124.43501488100003,8.128414759000066],[124.45554609600003,8.132936867000069],[124.4726704200001,8.151313193000021],[124.48026881700002,8.162042287000077],[124.49797851800008,8.146408800000074],[124.50229698200008,8.132810472000074],[124.51184742400005,8.128074017000074],[124.51332237100007,8.122123601000055],[124.52560673000005,8.108390977000056],[124.52763388900007,8.09832169200007],[124.53716690600004,8.090485116000025],[124.53717972700008,8.07976934100003],[124.54747900500001,8.064921644000037],[124.54576299900009,8.058065760000034],[124.54992880100008,8.044766177000042],[124.5480040860001,8.029671449000034],[124.559932752,8.007036907000042],[124.56478764500002,7.994089863000056],[124.56253066200009,7.98184142100007],[124.56636062700011,7.97364000500005],[124.58634220500005,7.942985936000071],[124.60192866200009,7.90991451900004],[124.6007937380001,7.902243121000026],[124.61878717000002,7.887981693000029],[124.62269223700002,7.879288808000069],[124.6193501670001,7.868280750000054],[124.62658256700001,7.868310563000023],[124.63177669800007,7.846372404000022],[124.65086506300008,7.835266005000051],[124.66383902900009,7.834204876000058],[124.6671977640001,7.820347567000056],[124.67337419000012,7.816804851000029],[124.67440653200003,7.809337678000077],[124.68825885600006,7.790364049000061],[124.70474013600005,7.780107457000042],[124.70870442700004,7.769875670000033],[124.71147050000002,7.75422853300006],[124.73141648600006,7.745150887000023],[124.73260872600008,7.734626405000029],[124.7393892230001,7.730661784000063],[124.72852694100004,7.720516810000049],[124.73262348100002,7.708031542000072],[124.74331258900008,7.698349593000046],[124.74509215000012,7.685550991000071],[124.7564223600001,7.681573885000034],[124.75593958800005,7.669789671000046],[124.76354225800003,7.647100545000058],[124.77720672300006,7.645090331000063],[124.77594629100008,7.636486595000065],[124.78841594800008,7.634874726000021],[124.80512258100009,7.62262835100006],[124.81070418000002,7.60554426300007],[124.80739908900011,7.597659137000051],[124.81842655500009,7.594076047000044],[124.815176274,7.582328378000057],[124.81910911500006,7.577818123000043],[124.81845938200001,7.564037232000032],[124.82739781400005,7.556690343000071],[124.8262890200001,7.541656422000074],[124.82059567500005,7.540853710000022],[124.81115463700007,7.533274005000067],[124.80533800600006,7.521360214000026],[124.7978321710001,7.52259117400007],[124.79119638200007,7.536129237000068],[124.79089464000003,7.542728348000026],[124.77217215500002,7.546048830000075],[124.76616345700006,7.560586482000076],[124.75524140100003,7.575518485000032],[124.74029219300007,7.591068371000063],[124.73340095100002,7.590107226000043],[124.71462806200009,7.593475539000053],[124.70868831300004,7.590968216000022],[124.69217235800011,7.590113846000065],[124.67786816300008,7.594194518000052],[124.67259318900005,7.599251294000055],[124.6516624940001,7.600821096000061],[124.64598135000006,7.603575178000028],[124.59036584500006,7.609324928000035],[124.52804919800008,7.638289206000024]]]}},{"type":"Feature","properties":{"name":"Leyte","psgc":"083700000","island_group":"visayas"},"geometry":{"type":"MultiPolygon","coordinates":[[[[124.9605413590001,11.422420381000052],[124.96406690100002,11.41571738700003],[124.97186225500002,11.41540384600006],[124.9776640020001,11.40518944200005],[124.974036081,11.394962647000057],[124.96685124300006,11.392678007000029],[124.95802389000005,11.394471165000027],[124.95260462700003,11.401269533000061],[124.95598558800009,11.414606191000075],[124.9605413590001,11.422420381000052]]],[[[124.4819821110001,11.459449926000048],[124.48197634000007,11.459342196000023],[124.48197463000008,11.459143098000027],[124.48199842800011,11.458928839000066],[124.48199478300012,11.458860806000075],[124.48198744700005,11.458723862000056],[124.48197899600007,11.458566100000041],[124.48197262400004,11.458447168000077],[124.48197052100011,11.458407880000038],[124.48196918500003,11.45838296900007],[124.48294530300006,11.457383600000071],[124.4829397960001,11.457381488000067],[124.4830366650001,11.456656817000066],[124.48299732400005,11.456507334000037],[124.4829930200001,11.456480432000035],[124.4829982870001,11.456473823000067],[124.48269597800004,11.455649256000072],[124.48228193800003,11.455599624000058],[124.47984504200008,11.456487271000071],[124.47975095600009,11.456527307000044],[124.47951915600004,11.457098607000034],[124.47957902000007,11.457192613000075],[124.47898094800007,11.457837880000056],[124.47897519500009,11.457843633000039],[124.4819821110001,11.459449926000048]]],[[[124.47972319400003,11.456482875000063],[124.47983134600008,11.456465571000024],[124.48885439300011,11.444996237000055],[124.51064028600001,11.437995192000074],[124.52217021600006,11.436440641000047],[124.53631535800002,11.424557623000055],[124.53761672100006,11.392072254000027],[124.54771460900008,11.373767548000046],[124.55136914600007,11.34999640600006],[124.55058377600005,11.341525188000048],[124.56474598200009,11.324579442000072],[124.58471319600005,11.30496211600007],[124.59562684600007,11.303942580000069],[124.60728598000003,11.311933403000069],[124.61425633700003,11.306254502000058],[124.63273585400009,11.300561782000045],[124.636864,11.295070719000023],[124.64826876900008,11.293909970000072],[124.66282120500011,11.296691948000046],[124.67027122900004,11.304648211000028],[124.69429143800005,11.302004663000048],[124.70544132200007,11.30731122900005],[124.72845854800005,11.328359560000024],[124.74545604000002,11.331213193000053],[124.76489931200001,11.344182217000025],[124.76575161100004,11.349361722000026],[124.78093147700008,11.361423658000035],[124.78477653200002,11.372108867000065],[124.79936168400002,11.377802916000064],[124.80710974900012,11.385425436000048],[124.80533840100009,11.400437908000072],[124.81146399400006,11.407531603000052],[124.80873229000008,11.412520479000023],[124.82301063500006,11.424144891000026],[124.8426812130001,11.423219589000041],[124.85685130800005,11.42774926900006],[124.8667014880001,11.422923033000075],[124.86639994900008,11.415955457000052],[124.87637909600005,11.414848350000057],[124.87316619100011,11.435143690000075],[124.88234489000001,11.437739303000058],[124.88959115500006,11.434333755000068],[124.88937309900007,11.420307868000066],[124.896521559,11.413950455000077],[124.9076904850001,11.422329483000055],[124.91790334300003,11.409202505000053],[124.92762724200009,11.413279653000075],[124.92746478300012,11.420574921000025],[124.9386811710001,11.42449429900006],[124.94882972300002,11.423409659000072],[124.95520651800007,11.413101435000044],[124.95171076600002,11.40285000800003],[124.95590240800004,11.394396002000065],[124.96579975100008,11.39146951500004],[124.97332624100011,11.39357754200006],[124.97998507200009,11.39922821600004],[124.97229205400004,11.369312912000055],[124.96803552500012,11.357910321000077],[124.96666638500005,11.345773577000045],[124.97016841200002,11.335737643000073],[124.96511595600009,11.330886940000028],[124.9620148890001,11.316718411000068],[124.9661397320001,11.302214641000035],[124.96507863800002,11.286821228000065],[124.96214182200004,11.279963118000069],[124.96427372700009,11.27281372300007],[124.97549087900006,11.255610415000035],[124.98239064200004,11.252132408000023],[124.9879336350001,11.256979987000022],[124.99505480200003,11.248411178000026],[125.00810781000007,11.251648487000068],[125.01036784900009,11.245614024000076],[125.0057430060001,11.23818496000007],[125.00484124600007,11.220981048000056],[125.00892241300005,11.215154941000037],[125.02469742200003,11.210332989000051],[125.0201620680001,11.22662475800007],[125.03076037400001,11.238562091000063],[125.0256393310001,11.196402895000062],[125.01021024500005,11.167963739000072],[125.00724667400004,11.157828635000044],[125.02449531200011,11.134655437000049],[125.025476034,11.125047306000056],[125.02229200200009,11.114141579000034],[125.02120407200005,11.099205466000058],[125.02737298900001,11.08913485200003],[125.03978857200002,11.063552165000033],[125.03728648300012,11.04560361800003],[125.03934297600006,11.029587074000062],[125.04049071500003,10.994291536000048],[125.03759742600005,10.969501158000071],[125.03465834000008,10.931892798000035],[125.02797796900006,10.922163356000056],[125.01988389700011,10.905204784000034],[125.00933457500003,10.874465095000062],[125.00396506900006,10.846307167000077],[125.00286168000002,10.827362166000057],[125.0042901060001,10.794642181000029],[125.01023071300006,10.758544903000029],[125.015497546,10.745131525000033],[125.0235491950001,10.739592984000069],[125.02619221500004,10.72925531200002],[125.03917344700005,10.729417384000044],[125.04044021100003,10.717705876000025],[125.06123756700003,10.711123813000029],[125.07112891200006,10.716004116000022],[125.0886424150001,10.711136966000026],[125.09053250800002,10.70448329900006],[125.10177212200006,10.70246716500003],[125.1078157280001,10.696425901000055],[125.11506842400001,10.69495205100003],[125.10558856400007,10.672241504000056],[125.11241828200002,10.659623673000056],[125.13084006300005,10.643518602000029],[125.1382386460001,10.642388952000033],[125.14570518700009,10.634196373000066],[125.14922424400004,10.622043546000043],[125.17386775300008,10.600700517000064],[125.15749515400012,10.58836569500005],[125.14374453800008,10.591694435000022],[125.11103820800008,10.568942070000048],[125.0859437580001,10.55539113900005],[125.07237411300002,10.541438199000027],[125.08260504700002,10.53358084000007],[125.07766168000012,10.525729142000046],[125.05259768000008,10.522242621000032],[125.01440322400003,10.519608377000054],[124.98778789500011,10.509048678000056],[124.9695324920001,10.505320462000043],[124.95839498300006,10.506104734000075],[124.9260221290001,10.503096587000073],[124.90562934700006,10.503658593000068],[124.89116449700009,10.480181229000038],[124.88905366100005,10.47384872200007],[124.88640328600002,10.433261347000041],[124.87688272700007,10.40891184800006],[124.87743280200004,10.394057130000022],[124.89254070800007,10.373493506000045],[124.8965453300001,10.35614085700007],[124.90007194000009,10.348885033000045],[124.90489518100003,10.303962679000051],[124.91096631200003,10.295398358000057],[124.90931299800002,10.278708334000044],[124.90265909000004,10.268111919000035],[124.89432458400006,10.262584280000056],[124.87659845900009,10.259937182000044],[124.8686900240001,10.254124042000058],[124.86250553100001,10.254237019000072],[124.85374092000006,10.233518227000047],[124.84594121700002,10.236326606000034],[124.83530130100007,10.229184520000047],[124.82104006800012,10.205224108000039],[124.80837727100004,10.201246336000054],[124.7964522850001,10.194318451000072],[124.78833147400007,10.19550324200003],[124.78402460300003,10.189466081000035],[124.76593470000012,10.185135720000062],[124.75392597100006,10.18592387600006],[124.76054003600007,10.191468100000066],[124.76794481800005,10.209192882000025],[124.76621004100002,10.218646284000044],[124.77036905800003,10.231014780000066],[124.76723778600001,10.241435928000044],[124.77304338400006,10.259326043000044],[124.78158878800002,10.272158469000033],[124.79130703400006,10.30199402200003],[124.79091106900012,10.318702683000026],[124.7855679590001,10.331879668000056],[124.77066154300007,10.34908963600003],[124.76749176100009,10.355691432000071],[124.74177217800002,10.372479747000057],[124.73288231000004,10.376553587000046],[124.72974986000008,10.389407579000022],[124.72320625800012,10.40511734100005],[124.72474241700002,10.434536799000057],[124.72925954300001,10.443853251000064],[124.73015247500007,10.45546691900006],[124.72724110500008,10.47076106000003],[124.7218151830001,10.478804988000036],[124.7215453340001,10.48857206200006],[124.72855029900006,10.499317224000038],[124.7512205270001,10.50867547300004],[124.75230919800003,10.52132860000006],[124.76730310700009,10.539476206000074],[124.76370991200008,10.543549355000039],[124.7630177740001,10.566126139000062],[124.76818195300007,10.612664596000059],[124.77124414100001,10.62188330500004],[124.77885387600008,10.627855024000041],[124.7755303670001,10.638164424000024],[124.79392081800006,10.638190128000076],[124.79241189400011,10.643357668000021],[124.80345768400002,10.65899059700007],[124.80058278400008,10.67216164100006],[124.79523319700002,10.679791986000055],[124.79437907500005,10.699949497000034],[124.79642276700008,10.709361079000075],[124.79417674700005,10.730110109000066],[124.78507736300003,10.748227047000057],[124.78676594500007,10.757938421000063],[124.78330377200007,10.774516198000072],[124.77015410600006,10.795880219000026],[124.76064740000004,10.819914854000046],[124.74406791700005,10.840307777000021],[124.71988344100009,10.863658221000037],[124.7192809500001,10.867390128000068],[124.70764057200006,10.879454853000027],[124.70876826500012,10.888446392000048],[124.70260680900003,10.904571947000022],[124.69329233600001,10.915421776000073],[124.69095768500006,10.928105837000032],[124.68340738200004,10.939085789000046],[124.670748978,10.945872673000054],[124.65358543800005,10.95127879200004],[124.64299070400011,10.960762681000062],[124.64086009400012,10.967358250000075],[124.62990548400012,10.976692266000043],[124.6228767340001,10.979196116000026],[124.61992683200003,10.992511059000037],[124.61292060400001,11.002186375000065],[124.60278288800009,11.004630740000039],[124.59719842900006,11.012839283000062],[124.58359751500006,11.013307519000023],[124.57081467800003,11.007937653000056],[124.57044336700005,10.999177928000051],[124.56275428000004,10.995684941000036],[124.54924881000011,10.98310163900004],[124.54468878600005,10.984432390000052],[124.53779110200003,10.97754942000006],[124.53947513800006,10.969455890000063],[124.54940555100006,10.965071890000047],[124.55050195400008,10.955815615000063],[124.5452394560001,10.941240175000075],[124.55022319000011,10.927671368000063],[124.54499311000006,10.922096359000022],[124.54367973100011,10.910307464000027],[124.536787881,10.905964279000045],[124.53338664300009,10.893748961000028],[124.52884667500007,10.889251485000045],[124.51720046300011,10.868950260000076],[124.51145720000011,10.869220711000025],[124.49722422900004,10.863643969000066],[124.47914834500011,10.865143899000032],[124.47328832700009,10.867971519000037],[124.47165327700009,10.877336727000056],[124.46044626800006,10.887503003000063],[124.45114027300008,10.890712442000051],[124.44397429500009,10.887926692000065],[124.43281164500002,10.889440969000077],[124.42775072800009,10.894256465000069],[124.43424330000005,10.902020994000054],[124.43878237500007,10.91851347100004],[124.43544570300003,10.92372653800004],[124.42455448100009,10.930449864000025],[124.42031256000007,10.94817127400006],[124.41456079400007,10.94848862400005],[124.41710096500003,10.927521556000045],[124.41692410300004,10.914698027000043],[124.40666340200005,10.91911434900004],[124.396561302,10.918375740000045],[124.3880020580001,10.91314740200005],[124.37498430900007,10.923859995000043],[124.37973733400008,10.929202854000039],[124.38269564600012,10.940428714000063],[124.39127546700001,10.953478307000069],[124.39418178400001,10.964632773000062],[124.40326561600011,10.978200208000032],[124.4104541370001,10.98257680100005],[124.40341743200008,10.991204722000077],[124.40180667100003,11.00044586200005],[124.40364825600011,11.018073222000055],[124.40208352200011,11.03352753200005],[124.3957240100001,11.034175866000055],[124.38185465300012,11.048110734000034],[124.38325702300006,11.055055867000021],[124.37916667700006,11.060986487000037],[124.36949037300008,11.065078406000055],[124.38098629000001,11.072701622000068],[124.3868948810001,11.080951946000027],[124.38472705700008,11.09109909700004],[124.38921053500007,11.103008768000052],[124.39981272300008,11.103809614000056],[124.40268038300007,11.12022571700004],[124.39476096800001,11.145296291000022],[124.39575983100008,11.150464209000063],[124.38519968300011,11.181548924000026],[124.3844537010001,11.20477870700006],[124.38996551500009,11.21598799700007],[124.38497326100003,11.224637667000025],[124.39574858300011,11.231195711000055],[124.39865849900002,11.236592038000026],[124.38657675700006,11.251674930000036],[124.3847132730001,11.262086515000021],[124.37641060700003,11.274105616000043],[124.3841497740001,11.276637116000074],[124.38278403900006,11.285964351000075],[124.39168424900004,11.293642160000047],[124.38749431700012,11.29988492800004],[124.37224990300001,11.303281453000068],[124.36663682900007,11.307762344000025],[124.35901647900005,11.30067161200003],[124.34085372600009,11.317532404000076],[124.34001887700003,11.336040739000055],[124.33644362300004,11.342673411000021],[124.34181927500003,11.36345215800003],[124.35206570700007,11.359799533000057],[124.36009633300012,11.360186592000048],[124.35719739600006,11.373349164000047],[124.3471945760001,11.37743729400006],[124.33731563200001,11.374346109000044],[124.33050679700011,11.378615417000049],[124.32945181500008,11.387474166000061],[124.32476130400005,11.392854213000021],[124.34099151400005,11.395039789000066],[124.34911018600008,11.405150078000077],[124.34626919300001,11.408870474000025],[124.33541502700007,11.406557038000074],[124.32603010900004,11.408536900000058],[124.31762752600002,11.413982808000071],[124.31821110500005,11.423948389000032],[124.31180890300004,11.42831674200005],[124.3073318160001,11.440495346000034],[124.31377578400009,11.445753955000043],[124.30529448200002,11.45251747900005],[124.29782188200011,11.467702927000062],[124.29644615000007,11.479149775000053],[124.28994211300005,11.494507101000067],[124.28882840800009,11.518209971000033],[124.28567853600009,11.529579606000027],[124.28886570600002,11.53776777400003],[124.29689398800008,11.539185115000066],[124.310123513,11.55536201700005],[124.31354447400008,11.563515567000024],[124.32591346800007,11.556342768000036],[124.34714599900008,11.532487408000065],[124.35512322500006,11.530439859000069],[124.35964336100005,11.520783340000037],[124.36860117000003,11.514787622000028],[124.38317597900004,11.500643469000067],[124.39587292400006,11.48509229800004],[124.4003545160001,11.484883788000047],[124.42566816400006,11.450092088000076],[124.43464754000001,11.444267768000032],[124.43632769600003,11.434875790000035],[124.44960406200005,11.42153727300007],[124.45570832300007,11.412126579000073],[124.4603474480001,11.398012860000051],[124.46676717700007,11.394393235000052],[124.47084237700005,11.38278417400005],[124.4811227130001,11.38550749500007],[124.47863056100005,11.402020508000021],[124.48072913100009,11.408358917000044],[124.47630633000006,11.419317644000046],[124.46506083300005,11.426512073000026],[124.4649823090001,11.447055530000057],[124.4770017300001,11.44944361000006],[124.47972319400003,11.456482875000063]]]]}},{"type":"Feature","properties":{"name":"Maguindanao","psgc":"153800000","island_group":"barmm"},"geometry":{"type":"MultiPolygon","coordinates":[[[[124.49580783400006,7.519835494000063],[124.49092222900003,7.505225852000024],[124.48528910300001,7.438605069000062],[124.46325442800003,7.437708507000025],[124.41315535800004,7.373654388000034],[124.40575238200006,7.363209477000055],[124.40332965000005,7.354124229000035],[124.39602007500002,7.355388001000051],[124.37667433100012,7.29693770800003],[124.37757367600011,7.28617709100007],[124.36640912000007,7.236012042000027],[124.35459935800009,7.211406167000064],[124.3532621060001,7.199960901000054],[124.3390572300001,7.174352245000023],[124.33983748000003,7.169215253000061],[124.3517648190001,7.165890603000037],[124.36693609600002,7.16687236100006],[124.37708222800006,7.169739380000067],[124.38450977200011,7.178378673000054],[124.39464956900008,7.224298599000065],[124.41106387500008,7.220590678000065],[124.42659880800011,7.226160474000039],[124.436402197,7.227333650000048],[124.44353478800008,7.236254315000053],[124.45056625100005,7.230499030000033],[124.44998205200011,7.207310200000052],[124.48961885300002,7.207222989000059],[124.48927706500001,7.197908740000059],[124.48112044900006,7.198064042000055],[124.481125872,7.190627580000069],[124.47434646200009,7.189169511000046],[124.46492467300004,7.171735246000026],[124.4606424540001,7.133282154000028],[124.43825069700006,7.10044085800007],[124.43988882300005,7.09196477200004],[124.45783562400004,7.078921256000058],[124.45635226800005,7.066377288000069],[124.4594889980001,7.056220719000066],[124.47026093700003,7.048347785000033],[124.48878318200002,7.041214082000067],[124.50142558900006,7.030365309000047],[124.50760728600005,7.028534362000073],[124.53100334500004,7.031767729000023],[124.53912713900002,7.027588435000041],[124.54466763700009,7.019387057000074],[124.55336025200006,7.023827493000056],[124.55825673400011,7.021735790000037],[124.5580889690001,7.006636791000062],[124.57877047400007,6.983861190000027],[124.58488102700005,6.970634080000025],[124.598438815,6.968454401000031],[124.61143305300004,6.96962807400007],[124.61696608400007,6.975328772000069],[124.62736147500004,6.974825769000063],[124.63255917000004,6.966358556000046],[124.64303839500008,6.964178877000052],[124.64997341800006,6.955216833000065],[124.65675453500012,6.961356473000023],[124.66573406700002,6.95196708800006],[124.67877487900012,6.94660172500005],[124.67911021500004,6.953159391000042],[124.688574119,6.952786795000065],[124.69125680000002,6.962250700000027],[124.685928697,6.967392506000067],[124.69401400100003,6.974136470000076],[124.70664496000006,6.994033024000032],[124.71782279900003,6.994517397000038],[124.72143007500006,7.000956522000024],[124.70701755400012,7.005210864000048],[124.71683583400011,7.012985299000036],[124.71764040500011,7.018024451000031],[124.70768914000007,7.02450336000004],[124.70998247700004,7.034920075000059],[124.70112553800004,7.038646862000064],[124.7034545570001,7.050546035000025],[124.69392675000006,7.050418998000055],[124.68813474700005,7.058526855000025],[124.69136458900005,7.065003735000062],[124.70105205400012,7.067924876000063],[124.7123432410001,7.079361444000028],[124.70807875900005,7.094093293000071],[124.71573544300009,7.099423897000065],[124.71676929800003,7.086585624000065],[124.73279874600007,7.096606915000052],[124.72579267100002,7.102190965000034],[124.72718001200008,7.131325142000037],[124.71649748100003,7.13305931900004],[124.71556102500006,7.139996028000041],[124.70834684800002,7.141279319000034],[124.69388509500004,7.154464204000021],[124.69723783800009,7.159643613000071],[124.69663665600001,7.171204794000062],[124.70451274700008,7.182307881000042],[124.72002871900008,7.182099053000059],[124.73270161300002,7.173701855000047],[124.73831990200006,7.166173348000029],[124.7593408570001,7.150634443000058],[124.77246232800007,7.156912165000051],[124.7775035740001,7.147930916000064],[124.78665612600003,7.144260107000036],[124.79746643200008,7.133542762000047],[124.79752798700008,7.12597155800006],[124.7849616640001,7.118717377000053],[124.7855462550001,7.101408897000056],[124.77202976400008,7.087197717000038],[124.77198863300009,7.075949368000067],[124.80227421300003,7.071194877000039],[124.82521197800008,7.062747508000029],[124.82196366300002,7.044487835000041],[124.8238326390001,6.949087778000035],[124.803472155,6.948885853000036],[124.80410640700006,6.882344935000049],[124.82764072200007,6.859570552000037],[124.81199162100006,6.84196531300006],[124.80548632700004,6.841646872000069],[124.80419620900011,6.816775648000032],[124.82364160400004,6.815535639000075],[124.82249612600003,6.794133661000046],[124.8296448110001,6.79190049500005],[124.85390046500004,6.790241958000024],[124.8546997420001,6.797642408000058],[124.88884483400011,6.796141742000032],[124.89134847900004,6.786620320000054],[124.93739725400008,6.790939251000054],[124.94599269700007,6.783555795000041],[124.95268549600007,6.78459732500005],[124.94623289100002,6.757353504000037],[124.95035051100001,6.755037343000026],[124.958628642,6.736979865000023],[124.96742147600003,6.73989651200003],[124.98352425400003,6.727055452000059],[125.00774339400004,6.734105528000043],[125.0068124930001,6.711873362000063],[124.96918503100005,6.709965978000071],[124.9313036310001,6.695667085000025],[124.88680814300005,6.677562946000023],[124.90200884900003,6.655854541000053],[124.8801538240001,6.642960183000071],[124.86844955800007,6.643072075000021],[124.86828614100011,6.622645562000059],[124.87210866800001,6.617488596000044],[124.86302203700006,6.608629873000041],[124.84179588800009,6.607867359000068],[124.83825857700003,6.601456701000075],[124.82934209300004,6.604715895000027],[124.8202402070001,6.612889153000026],[124.81001733300002,6.61240035000003],[124.78550368700007,6.606117920000031],[124.77892310200002,6.623288442000046],[124.78446518700002,6.63775879800005],[124.77517095100006,6.642719262000071],[124.78699595100011,6.649396808000063],[124.76099799200006,6.664839584000049],[124.76927306000005,6.676178916000026],[124.78709570600006,6.67697144300007],[124.79489752600011,6.683738603000052],[124.78363741700002,6.693444130000046],[124.77008903100011,6.727039460000071],[124.76194836000002,6.726858888000038],[124.74325513100007,6.747772360000056],[124.72493643100006,6.784795319000068],[124.71708527800001,6.810847399000068],[124.69821664100004,6.799680297000066],[124.69065190300012,6.804071660000034],[124.66909662700004,6.855363229000034],[124.67048987800001,6.864012997000032],[124.66680578900002,6.86907534900007],[124.63756809600011,6.880305613000075],[124.63372708500003,6.887706705000028],[124.6265366660001,6.88514774500004],[124.60523736900006,6.871936180000034],[124.59753774300009,6.864944532000038],[124.60295171500002,6.850612087000059],[124.58028927100008,6.850143099000036],[124.58358343900011,6.819577176000053],[124.58572981500004,6.809829826000055],[124.58385058100009,6.800190842000063],[124.577026595,6.794578634000061],[124.57833560200004,6.783005277000029],[124.53749641900004,6.781120183000041],[124.53850747800004,6.773909106000076],[124.50931452600003,6.772891965000042],[124.51652082700002,6.743245528000045],[124.5132167060001,6.73654619000007],[124.51614574200005,6.727932620000047],[124.4652749060001,6.730109365000033],[124.41355869200004,6.727836713000045],[124.27895399600004,6.69617573000005],[124.2762655140001,6.736064673000044],[124.28391654100005,6.75407068800007],[124.24772433800001,6.756629778000047],[124.22832132000008,6.733910047000052],[124.21014178200005,6.743249806000051],[124.14825644900009,6.74688379600002],[124.0969003560001,6.747260983000047],[124.0849527800001,6.743239127000038],[124.03796515700003,6.743848047000029],[124.04082249700002,6.758219907000068],[124.027414066,6.782265267000071],[124.01037227600011,6.794074908000027],[123.99890704000006,6.794936251000024],[123.99530735200005,6.79189629800004],[123.98750403000008,6.771464513000069],[123.97563416300011,6.76856525900007],[123.96978309100007,6.775586197000052],[123.97584690700012,6.786254511000038],[123.97570368000004,6.793831946000068],[123.96353626600012,6.800433363000025],[123.96246307400008,6.811868152000045],[123.95301474100006,6.819498804000034],[123.96319545000006,6.83360688700003],[123.9574340580001,6.840958313000044],[123.95802195100009,6.855222648000051],[123.97262014400008,6.862136935000024],[123.97501581600011,6.867742993000036],[123.97025622700005,6.88331249600003],[123.95685311500006,6.893879222000066],[123.95680852300006,6.910163674000046],[123.96091889900003,6.912346280000065],[123.97065883900007,6.929882912000039],[123.96939044100009,6.938377537000065],[123.97163700600004,6.955384626000068],[123.9697999340001,6.963654424000026],[123.97929244800002,6.972154354000054],[123.9952132730001,7.001625772000068],[123.99272357000007,7.021412232000046],[124.00105624300011,7.032946763000041],[124.00257366200003,7.044326931000057],[124.01250163400005,7.050464428000055],[124.01551037000002,7.062229058000071],[124.0258454960001,7.082430627000065],[124.03765144400006,7.096199836000039],[124.03675816000009,7.10426396500003],[124.05212336500006,7.129703484000061],[124.06320987800007,7.138639985000054],[124.06742696100002,7.145391349000022],[124.10331652500008,7.147703110000066],[124.11494267600006,7.15093627400006],[124.13223629600009,7.166226494000057],[124.15768450700011,7.175086849000024],[124.16537119500003,7.194363919000068],[124.17973232478451,7.1955882151668975],[124.15909670700012,7.202227239000024],[124.19409900900007,7.252857431000052],[124.241580956,7.262859672000047],[124.23449351600004,7.233458753000036],[124.24553106200005,7.262149083000054],[124.23363308900002,7.272681506000026],[124.21963920900009,7.267375298000047],[124.21209826200004,7.257483384000068],[124.20474525100008,7.259242778000043],[124.20408384900009,7.266624325000066],[124.20869196900003,7.272347066000066],[124.21123698500003,7.291091201000029],[124.21675891100006,7.308890440000027],[124.2130059650001,7.325558424000064],[124.21507583200003,7.342712554000059],[124.20762386400008,7.352459038000063],[124.22453700800008,7.353876874000036],[124.22463360100005,7.345959787000027],[124.23205870100003,7.342128926000044],[124.23920529800012,7.34674695800004],[124.25649511200004,7.347947489000035],[124.2607139810001,7.368132521000064],[124.25529179300008,7.379741142000057],[124.24814825100009,7.376745250000056],[124.2503785880001,7.391664325000022],[124.2494883600001,7.406428100000028],[124.23946138200006,7.415556062000064],[124.23189255300008,7.41590407800004],[124.22372177600005,7.405602268000052],[124.206307551,7.40938699000003],[124.2042114510001,7.416093016000048],[124.19350136000003,7.420195403000037],[124.18670935300008,7.412033425000061],[124.18604053000001,7.421830624000052],[124.19248969400007,7.427310907000049],[124.19520726200005,7.43575265000004],[124.19322875600005,7.443851216000041],[124.1867648970001,7.453050466000036],[124.19675563900012,7.471888897000042],[124.20599771200011,7.473705159000076],[124.20454548500004,7.490700317000062],[124.21521657500011,7.49334045300003],[124.23650557600001,7.520440906000033],[124.24034052900004,7.542860437000058],[124.25133853700004,7.557921067000052],[124.27868143500007,7.557954299000073],[124.35373087800008,7.586423689000071],[124.52804919800008,7.638289206000024],[124.49580783400006,7.519835494000063]],[[124.28849647000004,7.160595914000055],[124.30454305,7.146743698000023],[124.31252387800009,7.134971747000066],[124.31790499200008,7.141845132000071],[124.31540222500007,7.15092211700005],[124.3048182010001,7.155852829000025],[124.3066353590001,7.162658548000024],[124.30240955700003,7.170979695000028],[124.28255757500006,7.18966314000005],[124.27321967400007,7.193304900000044],[124.2644012070001,7.205204396000056],[124.25612737600011,7.212429482000061],[124.26299592700002,7.224836556000071],[124.23967978300004,7.228947475000041],[124.23449351600004,7.233458753000036],[124.28849647000004,7.160595914000055]],[[124.27328561982985,7.165489646664475],[124.27594464200001,7.159535295000069],[124.28849647000004,7.160595914000055],[124.27328561982985,7.165489646664475]],[[124.22552379800004,7.176664622000033],[124.2337597390001,7.172310260000074],[124.2437477310001,7.17382716700007],[124.25407970300012,7.166112398000053],[124.25769101455379,7.1705068434926815],[124.22185951868809,7.182034783073381],[124.22552379800004,7.176664622000033]]],[[[124.06931605500006,7.353652603000057],[124.04695421200006,7.339828598000054],[124.04042586800006,7.328413918000024],[124.04465251200008,7.313304752000022],[124.03674367700012,7.302273304000039],[124.02729442600003,7.294636294000043],[124.01848581800004,7.299453158000063],[124.01457952300007,7.319140375000075],[124.01615367900001,7.327053042000045],[124.0240270490001,7.337339007000026],[124.0344067100001,7.342962193000062],[124.04461987900004,7.356687548000025],[124.05759597300005,7.365061597000022],[124.06432881800004,7.373149517000058],[124.07623725500002,7.376436348000027],[124.07808056700003,7.372770002000038],[124.06931605500006,7.353652603000057]]]]}},{"type":"Feature","properties":{"name":"Marinduque","psgc":"174000000","island_group":"luzon"},"geometry":{"type":"MultiPolygon","coordinates":[[[[122.12673551600005,13.426665488000026],[122.14761216400007,13.407557436000047],[122.14790968300008,13.396974840000041],[122.13032948700004,13.399518056000034],[122.12237031000006,13.407557847000021],[122.12074733400004,13.416408025000067],[122.12673551600005,13.426665488000026]]],[[[122.068716472,13.527467684000044],[122.08178020700007,13.513547044000063],[122.0987516020001,13.505420670000035],[122.09987043400008,13.496772372000066],[122.08883528400008,13.495990049000056],[122.06562829300003,13.503518840000027],[122.06409532600003,13.512301304000061],[122.068716472,13.527467684000044]]],[[[122.17736665500001,13.528968672000076],[122.18789067600005,13.516162075000068],[122.1845425250001,13.505546931000026],[122.17597671200008,13.504851401000053],[122.16854207200004,13.520795161000024],[122.17736665500001,13.528968672000076]]],[[[122.10635598400006,13.538686088000077],[122.11279971300007,13.535533307000037],[122.13177639700007,13.535046570000077],[122.13547291900011,13.517014127000039],[122.1181316630001,13.527183625000077],[122.10995553600003,13.525556520000066],[122.10635598400006,13.538686088000077]]],[[[121.86653475300011,13.570656743000029],[121.87857758000007,13.55953904100005],[121.87375774600002,13.553578544000061],[121.89300391400002,13.548434357000076],[121.89331960100003,13.539491154000075],[121.89927871200007,13.532392582000057],[121.91190097900005,13.530438076000053],[121.91834942600008,13.525369456000021],[121.93500686200002,13.54279518900006],[121.94409434300007,13.530906500000071],[121.95106614000008,13.532937616000027],[121.97151944400002,13.527009067000051],[121.9790357600001,13.520964863000074],[121.98853585900008,13.525214113000061],[122.00885631500012,13.549470877000033],[122.0328013400001,13.529531268000028],[122.0352460470001,13.518913301000055],[122.04845108400002,13.512078704000032],[122.0509206810001,13.499683220000065],[122.04142717800005,13.486037124000063],[122.05402085600008,13.477042675000064],[122.06598900600011,13.476923832000068],[122.08253283500005,13.48944788600005],[122.10785701600003,13.476889477000043],[122.12341151600003,13.461272826000027],[122.1282661460001,13.446885207000037],[122.11992914500001,13.434837045000052],[122.11772728200003,13.425819058000059],[122.10544704100005,13.434820433000027],[122.1014713940001,13.42149891300005],[122.11885169300001,13.408113899000057],[122.12263223200011,13.39236926500007],[122.13095849400008,13.389273246000073],[122.15033096000002,13.37274405200003],[122.1395586970001,13.370130113000073],[122.1281054420001,13.362364979000063],[122.12034826500008,13.339298628000051],[122.10917914600009,13.335208874000045],[122.08202093300008,13.311697643000059],[122.06854944000008,13.30601880200004],[122.06094261300007,13.283653204000075],[122.045663783,13.275119191000044],[122.04572346500004,13.26321015700006],[122.05390473500006,13.255174827000076],[122.05292695100002,13.240728231000048],[122.04296907700007,13.217362055000024],[122.03225547900001,13.20194301400005],[122.025638834,13.198950266000054],[122.00572547100012,13.199286431000075],[121.99741725100012,13.204905267000072],[121.98242081,13.207542884000077],[121.9623003270001,13.22737350400007],[121.95043491600006,13.24926662100006],[121.92625949700005,13.256688515000064],[121.90740916100003,13.272423985000046],[121.8844050240001,13.275885698000025],[121.86975955000003,13.282625271000029],[121.86182517300006,13.290177333000031],[121.8533283490001,13.311217362000036],[121.83823354000003,13.334193673000073],[121.82191761600006,13.342776522000065],[121.81904211200003,13.352290757000048],[121.82387159100006,13.370325796000031],[121.82520813200006,13.400753111000029],[121.820958087,13.427051160000076],[121.81098010900007,13.446825840000031],[121.81199231700009,13.455958633000023],[121.81904555900007,13.46566419800007],[121.83446406200005,13.47864757700006],[121.84226341500005,13.491992645000039],[121.8453971880001,13.505130646000055],[121.85098989100004,13.505753436000077],[121.8507356130001,13.518809131000069],[121.86714063600004,13.526687078000066],[121.85931287500011,13.53928445300005],[121.86526304600011,13.549928168000065],[121.8570259070001,13.55796110700004],[121.86653475300011,13.570656743000029]]]]}},{"type":"Feature","properties":{"name":"Masbate","psgc":"054100000","island_group":"luzon"},"geometry":{"type":"MultiPolygon","coordinates":[[[[123.13538068300011,11.861503957000025],[123.14191494300007,11.85368390900004],[123.13721825200003,11.845372948000033],[123.12396801800003,11.835276173000068],[123.118596367,11.837503573000049],[123.11786774000007,11.852341683000077],[123.12242310600004,11.857970335000061],[123.13538068300011,11.861503957000025]]],[[[124.08654321000006,11.88256238300005],[124.09652110700006,11.87216668800005],[124.08695195700011,11.868251460000067],[124.08089571800008,11.875277926000024],[124.08654321000006,11.88256238300005]]],[[[123.6619280330001,11.904486046000045],[123.67396920400006,11.90191330700003],[123.67604900100002,11.885334552000074],[123.67291707700008,11.873248990000036],[123.6606560780001,11.880064959000038],[123.65849794200005,11.893765367000071],[123.6619280330001,11.904486046000045]]],[[[123.26265833900004,12.191686236000066],[123.25470975400003,12.171443593000049],[123.2383754870001,12.169386794000047],[123.23794349900004,12.174856889000068],[123.25209991800011,12.179403697000055],[123.26265833900004,12.191686236000066]]],[[[123.85063118500011,12.250537789000077],[123.8661070070001,12.24028763800004],[123.8628834750001,12.229437525000037],[123.85077014700005,12.243462212000054],[123.85063118500011,12.250537789000077]]],[[[123.24599463400011,12.38428243800007],[123.25222600400002,12.380389456000046],[123.24173636600005,12.366049261000057],[123.23361313200007,12.371049595000045],[123.24599463400011,12.38428243800007]]],[[[123.237051,12.601248518000034],[123.245214583,12.600165215000061],[123.26557422200005,12.589935192000041],[123.28474855900004,12.573387832000037],[123.30453151300003,12.578552957000056],[123.31976360300007,12.571364218000042],[123.34599826600004,12.551286360000063],[123.36476060200005,12.545554228000071],[123.36111564300006,12.540263745000061],[123.34526905300004,12.541773211000077],[123.33955769200008,12.536444372000062],[123.34418349100008,12.519444090000036],[123.35298910000006,12.517932735000045],[123.35413555900004,12.504536561000066],[123.3596014090001,12.494221784000047],[123.35908915000005,12.480401283000049],[123.34758240200006,12.483253899000033],[123.3454568620001,12.476880742000048],[123.32529063800007,12.470050879000041],[123.32266270900004,12.46083746000005],[123.3316593620001,12.449884737000048],[123.32502578600008,12.442132464000053],[123.3455301790001,12.441537332000053],[123.34752315700007,12.456067999000027],[123.36200620400007,12.466634587000044],[123.38143212900002,12.467353345000049],[123.37824434800007,12.478802167000026],[123.37047617600001,12.49108798800006],[123.37509545500006,12.508191570000065],[123.3977480530001,12.513164267000036],[123.40335995300006,12.522411757000043],[123.44361442800005,12.516936672000043],[123.46577798500005,12.501694230000055],[123.47426219700003,12.489070817000027],[123.49634551600002,12.476065325000036],[123.50231245000009,12.475625722000075],[123.52317077100008,12.455556054000056],[123.54452019500002,12.457373072000053],[123.55466356000011,12.462505519000047],[123.56202983900005,12.452699861000042],[123.57125034800004,12.410351674000026],[123.5806984410001,12.406962411000052],[123.59273867600007,12.396279745000072],[123.59444671100005,12.386253242000066],[123.58556914700011,12.36965258500004],[123.58881688500003,12.352193021000062],[123.5989047060001,12.355323230000067],[123.62496120600008,12.379024548000075],[123.6374983710001,12.373304525000037],[123.63264560200003,12.360788640000067],[123.64954158300009,12.342336979000038],[123.65596277700001,12.340031053000075],[123.67205287800004,12.34781381700003],[123.69675007700005,12.330615729000044],[123.73009701900003,12.274533656000074],[123.73918176600012,12.267017452000061],[123.74442096200005,12.252371287000074],[123.75552903000005,12.246077221000064],[123.75751730700006,12.234548172000075],[123.78315694200012,12.195272345000035],[123.79133650500012,12.203001804000053],[123.78104690400005,12.226152313000057],[123.78716596700008,12.236390905000064],[123.79909027300005,12.243862799000055],[123.8086345260001,12.243858590000059],[123.82317466800009,12.235991155000022],[123.83894888700002,12.217435254000065],[123.8532308980001,12.195024155000056],[123.86869932800005,12.199879599000042],[123.86539040000002,12.213555920000033],[123.87214636200008,12.221591475000025],[123.88152324400005,12.219732537000027],[123.89594097000008,12.207088485000043],[123.89822655600005,12.19338063500004],[123.91209506400003,12.179788663000068],[123.90933205200008,12.167584265000073],[123.92089536500009,12.15019191500005],[123.93363011800011,12.140999360000023],[123.94636581700001,12.12229048000006],[123.94985348500006,12.110325450000062],[123.96932562300003,12.093504038000049],[123.99027157500007,12.051445467000065],[124.00627613300003,12.023990409000021],[124.02729179900007,12.004004240000029],[124.04535362900003,11.974850859000071],[124.05172377600002,11.968941248000021],[124.05118051800002,11.94932809100004],[124.02926422900009,11.97588451200005],[124.01773007300005,11.985183773000074],[124.01484937200007,12.005388508000067],[124.00910393800007,12.012010700000076],[123.99837815600006,12.012008363000064],[124.00090660100011,11.99947469700004],[123.99454605200003,11.994327824000038],[123.99937745000011,11.977588413000035],[124.01054590500007,11.968999223000026],[124.01004886900012,11.959808234000036],[124.02798740500009,11.940666770000064],[124.029568659,11.923507222000069],[124.03718184600007,11.906195443000058],[124.0536318820001,11.88069592100004],[124.05586561900009,11.87308611700007],[124.07009033100007,11.852563588000066],[124.06548263700006,11.835399188000054],[124.06745358400008,11.828355698000053],[124.0558850330001,11.804851029000076],[124.055807307,11.787634757000035],[124.05932900800008,11.77561432400006],[124.07327468500011,11.747279479000042],[124.07356077800011,11.730101434000062],[124.06796860200006,11.720701483000028],[124.0538726750001,11.72413911700005],[124.04061900900001,11.736403387000053],[124.02722844000004,11.752615975000026],[124.02489054800003,11.760718764000046],[124.00989589300002,11.788278846000026],[123.99201821600002,11.807161912000026],[123.98265335100007,11.81381910600004],[123.97794824100004,11.823292618000039],[123.94886241300003,11.840940144000058],[123.9401848870001,11.85101051600003],[123.91874343600011,11.866794449000054],[123.89712599200004,11.866389936000076],[123.88191981400007,11.884106036000048],[123.8622617420001,11.898029414000064],[123.83870914200008,11.909778483000025],[123.79155585300009,11.922524850000059],[123.77905060900002,11.92112808500002],[123.76823506400001,11.927181095000037],[123.74669744500011,11.922167869000077],[123.73061386600011,11.930548101000056],[123.72180201300012,11.931963258000053],[123.72847079400003,11.945029728000065],[123.71390673200005,11.954249258000061],[123.71531751300006,11.962930950000043],[123.72790026200005,11.97429003600007],[123.73024582900007,11.985598809000066],[123.71594524000011,12.004116718000034],[123.70336797700008,12.016986373000066],[123.68854477500008,12.023824987000069],[123.65508563300011,12.042834139000036],[123.64189011600001,12.062940054000023],[123.6412792000001,12.070616406000056],[123.62765562100003,12.070394646000068],[123.6035041130001,12.074084062000054],[123.6001541390001,12.079608387000064],[123.61325037000006,12.093579857000066],[123.5943014290001,12.131166677000067],[123.59081895300005,12.144613453000034],[123.56689093000011,12.16746712500003],[123.56464539300009,12.181642447000058],[123.55220862300007,12.196529545000033],[123.53229312300004,12.21283009800004],[123.51099876100011,12.216769222000039],[123.48830413700011,12.21655680400005],[123.48544382800003,12.210787135000032],[123.45156105900003,12.210152961000063],[123.42724048700006,12.19969145500005],[123.41874603200006,12.180384770000046],[123.40027652700007,12.160139786000059],[123.39753105400007,12.152558685000031],[123.37477605700008,12.121829190000028],[123.37146181700007,12.111893133000024],[123.35676335300002,12.099134853000066],[123.335499776,12.094012758000076],[123.32428088400002,12.07033154000004],[123.31417435900005,12.054961752000054],[123.30204923100007,12.028500114000053],[123.28963890400007,12.017345651000028],[123.27775403500004,12.01639958800007],[123.26700605400003,12.008331653000027],[123.25300268100011,11.99011243700005],[123.25320802600004,11.985174767000046],[123.24192439400008,11.967857125000023],[123.23074134900003,11.958021725000037],[123.21055198200008,11.950305557000036],[123.18517828800009,11.925468232000071],[123.17929247400002,11.912399487000073],[123.1664224750001,11.904045479000047],[123.159775437,11.905933180000034],[123.15102050300004,11.921750471000053],[123.14253482300012,11.93036259400003],[123.14377318400011,11.93610079800004],[123.15753670400011,11.954135274000066],[123.15630250400011,11.961742104000052],[123.18227084600005,12.003374440000073],[123.192076616,12.011461610000026],[123.19585889000007,12.026605274000076],[123.19193492700003,12.042170105000025],[123.20101158600005,12.050291101000028],[123.20624749700005,12.06176268300004],[123.20541707900009,12.084762237000064],[123.21025479200011,12.094165194000027],[123.21227336800007,12.11575808200007],[123.21954223300008,12.132561428000031],[123.22601524000004,12.131935769000052],[123.23099865800009,12.120005216000038],[123.24678834000008,12.121699401000058],[123.24265869400006,12.14045944000003],[123.25188430800006,12.149535141000058],[123.2733086830001,12.160288930000036],[123.28220392900005,12.170487019000063],[123.27652196200006,12.182032955000068],[123.26776903500001,12.185458032000042],[123.26959447800004,12.198173413000063],[123.28259276000006,12.212837313000023],[123.28837929400004,12.198837501000071],[123.30158272100005,12.214417086000026],[123.29512315200009,12.225072889000046],[123.28652607100003,12.215277052000033],[123.27499185500005,12.237701964000053],[123.26169746200003,12.246068080000043],[123.2504012280001,12.236079446000076],[123.24011570400012,12.221772508000072],[123.22777762900012,12.217013383000051],[123.21802239200008,12.231889557000045],[123.21699577000004,12.238999227000022],[123.22580530900007,12.247114767000028],[123.22276714500003,12.266754035000076],[123.22771504700006,12.279396516000077],[123.23534985700007,12.280727389000049],[123.24329808000005,12.289471159000072],[123.246298679,12.301440894000052],[123.266885967,12.333857051000052],[123.26512439800001,12.366088268000055],[123.25929600300003,12.376954759000057],[123.27173424900002,12.381541303000063],[123.27914628500002,12.404833717000031],[123.287632959,12.421307737000063],[123.27903451400005,12.427603680000061],[123.27020895300006,12.457599880000032],[123.25540175300011,12.45288593600003],[123.25103285000012,12.456963547000043],[123.25221668800009,12.471496225000067],[123.25082369600011,12.502664931000027],[123.24728939700003,12.514370605000067],[123.24988533900012,12.521087799000043],[123.24140247200012,12.561164634000022],[123.24971879300006,12.561486151000054],[123.23405885300008,12.589418999000031],[123.237051,12.601248518000034]]],[[[123.62186821400007,12.693273987000055],[123.62724019200004,12.691543068000044],[123.64401529100007,12.663063909000073],[123.66165949700007,12.644816132000074],[123.68037814400009,12.643381230000045],[123.69204679800009,12.638379908000047],[123.70889864800006,12.62472755300007],[123.70863610100002,12.616975014000047],[123.72532623600011,12.61455806400005],[123.7356320670001,12.583876451000037],[123.72436896400006,12.569288930000027],[123.73625935500002,12.570395805000032],[123.74046504500006,12.554273675000047],[123.74851710400003,12.537869067000031],[123.75518514700002,12.517938958000059],[123.77002182500007,12.49242834200004],[123.76497087300004,12.481637478000039],[123.77237601000002,12.476287225000021],[123.76956533500004,12.465411023000058],[123.78275494900004,12.420684017000042],[123.79131836200008,12.409881351000024],[123.79320184300002,12.389253420000045],[123.78456560400002,12.379970140000069],[123.80019856500007,12.371638726000072],[123.79588830400007,12.350168796000048],[123.78819307300012,12.339109320000034],[123.76682161000008,12.367186939000021],[123.73839424900007,12.397683587000074],[123.72478266300004,12.406942553000022],[123.723617579,12.421631217000026],[123.70856949000006,12.435457292000024],[123.69996073200002,12.448583966000058],[123.68379114900006,12.46468543100002],[123.6870197390001,12.480049296000061],[123.67063382700007,12.491137888000026],[123.66518270200004,12.498698791000038],[123.66347238300011,12.51154333900007],[123.65266875600003,12.522066442000039],[123.6494979680001,12.532593692000034],[123.63478447200009,12.54217908000004],[123.62511270900006,12.559387839000067],[123.62199152800008,12.573316783000053],[123.6141296180001,12.583385283000041],[123.60996618400009,12.600587989000076],[123.59529205400008,12.605218554000032],[123.58493095500012,12.62780073500005],[123.58245492800006,12.641714084000057],[123.59517089200006,12.640706150000028],[123.61166169100011,12.64501935900006],[123.60756825300007,12.658338124000068],[123.59959590500011,12.671707413000036],[123.60070048700004,12.684318142000052],[123.6089228620001,12.681804044000046],[123.62186821400007,12.693273987000055]]],[[[122.97395349100009,13.157007331000045],[122.97855497100011,13.142999261000057],[122.9723388000001,13.135320679000074],[122.95915375000004,13.129220083000064],[122.9470940010001,13.139884093000035],[122.97395349100009,13.157007331000045]]],[[[122.99475486600011,13.159153355000058],[123.00792997600001,13.140323074000037],[123.01589067600003,13.135860482000055],[123.03105174300003,13.139634521000062],[123.04481751900005,13.13547498400004],[123.04809213400006,13.121594924000021],[123.0550168530001,13.118644455000037],[123.06491859700009,13.099862079000047],[123.08157390400004,13.080679215000032],[123.09123940200004,13.063781642000038],[123.09602849600003,13.061543330000063],[123.09690703900003,13.047956072000034],[123.1019230920001,13.032365480000067],[123.11406260600006,13.032681135000075],[123.12454270300009,13.021964314000058],[123.13544925800011,13.005504754000071],[123.14590495900006,12.980772013000035],[123.14314589700007,12.970764771000063],[123.15783960400006,12.962234738000063],[123.16212008600007,12.941120559000069],[123.167440757,12.938771369000051],[123.17965743100001,12.917223771000067],[123.1993582770001,12.908114301000069],[123.21145928700003,12.909417980000057],[123.22529982200001,12.90599577300003],[123.23106947300005,12.910972344000072],[123.26857875900009,12.895622970000034],[123.27747667300002,12.888033419000067],[123.28062610600011,12.874941484000033],[123.27613173300006,12.867321799000024],[123.28302033800003,12.855023499000026],[123.2799576970001,12.845980612000062],[123.28556772500008,12.835141751000037],[123.286954551,12.819855407000034],[123.3053286060001,12.79321666900006],[123.30858795000006,12.781257613000037],[123.31893340400006,12.781200027000068],[123.32756066900004,12.77179750700003],[123.33811168800003,12.748262347000036],[123.34536505400001,12.746659622000038],[123.36408224700006,12.72661355200006],[123.37541049900005,12.717705351000063],[123.38305541000011,12.700284733000046],[123.37054779300001,12.693764529000077],[123.3576452210001,12.69759214800007],[123.34673678200011,12.713387222000051],[123.33577064300005,12.720861806000073],[123.32246511300002,12.742285312000035],[123.31217549900009,12.751887518000046],[123.30989631600005,12.770158046000063],[123.30272515700005,12.782768516000033],[123.29214834900006,12.790193560000034],[123.29084388000001,12.800633883000046],[123.27771650200009,12.812501802000043],[123.26794242000005,12.814291982000043],[123.26352995600007,12.830761663000033],[123.24219443900006,12.838861176000023],[123.21888656700003,12.836217513000065],[123.21183728900007,12.847812968000028],[123.1981925660001,12.844430861000035],[123.18475935600009,12.861526672000025],[123.17411584100012,12.881207226000072],[123.1645052880001,12.888458305000029],[123.15453783800001,12.889772750000077],[123.14031428500004,12.899045917000024],[123.14779562100011,12.904899631000035],[123.12119922400007,12.912878259000024],[123.11720092100006,12.922036126000023],[123.10824766600001,12.923612859000059],[123.10954303300002,12.935718670000028],[123.10439069600011,12.945372657000064],[123.09647210100002,12.943510826000022],[123.07806044000006,12.957175832000075],[123.06563511600007,12.977884245000041],[123.068606584,12.99206153700004],[123.06392131000007,12.998414289000038],[123.02744423000001,12.998240803000044],[123.00974234300008,13.008734116000028],[122.98587334400008,13.006291934000046],[122.97819778600001,13.010110225000062],[122.96338682800001,13.02624991700003],[122.96138029200006,13.03392193700006],[122.95143708700004,13.031613193000055],[122.94321181500004,13.054503160000024],[122.95079594000003,13.07818560100003],[122.95738445800009,13.090179440000043],[122.94541796300007,13.094740252000065],[122.92851598900006,13.112618472000065],[122.94562797800006,13.122734372000025],[122.96212428700005,13.12438379300005],[122.97527216800006,13.132291218000034],[122.99058408500002,13.145411301000024],[122.99475486600011,13.159153355000058]]],[[[122.85868393300007,13.173328260000062],[122.86715197,13.169128106000073],[122.87564257500003,13.152751544000068],[122.8954126430001,13.146860223000033],[122.88561474100004,13.140194175000033],[122.8710664780001,13.145131240000069],[122.85868393300007,13.173328260000062]]]]}},{"type":"Feature","properties":{"name":"Metro Manila","psgc":"130000000","island_group":"ncr"},"geometry":{"type":"Polygon","coordinates":[[[121.05338028800008,14.454051363000076],[121.05228134600009,14.370942866000064],[121.00759085400011,14.355170370000053],[121.01161117000004,14.380260945000032],[120.9660033990001,14.465722366000023],[120.98145922900005,14.488275957000042],[120.98589039800004,14.560101142000065],[120.95903865900004,14.584665776000065],[120.95779251200008,14.63390925300007],[120.94996944500008,14.636251983000022],[120.94995304100007,14.63626413000003],[120.94972690700001,14.636431578000042],[120.94963467000002,14.636499878000052],[120.9479257270001,14.652425767000068],[120.90729580200002,14.699681079000072],[120.9259614660001,14.734299748000069],[120.97852281100006,14.734806719000062],[120.9901370550001,14.757063631000051],[121.02402399100004,14.763034879000031],[121.055420507,14.782563240000059],[121.09972917900006,14.765222305000066],[121.12478007000004,14.766289029000063],[121.11188912900002,14.67116308900006],[121.13486852200003,14.658852383000067],[121.10549838300005,14.632654354000067],[121.11044978200005,14.592235448000054],[121.0968965510001,14.569254547000071],[121.1033378410001,14.531997657000034],[121.06932934800011,14.506686393000052],[121.05338028800008,14.454051363000076]]]}},{"type":"Feature","properties":{"name":"Misamis Occidental","psgc":"104200000","island_group":"mindanao"},"geometry":{"type":"Polygon","coordinates":[[[123.60854864700002,8.670095012000047],[123.62108446600007,8.64838050000003],[123.65103929100007,8.635009277000051],[123.68612932000008,8.641408583000043],[123.71244413700003,8.622072743000047],[123.74330885300003,8.579970411000033],[123.78346078700008,8.535465341000076],[123.78181930800008,8.507300026000053],[123.81779665200008,8.47529103100004],[123.81517418700003,8.456119415000046],[123.83619427200006,8.431295972000044],[123.83484291600007,8.40527785200004],[123.84488904300008,8.381623276000028],[123.849859691,8.340594121000038],[123.84886626100001,8.255254601000047],[123.8606826780001,8.236519101000056],[123.86886333600012,8.171613492000063],[123.838435376,8.142206650000048],[123.78489137300005,8.080543299000055],[123.75740775600002,8.058852702000024],[123.72166107500004,8.045442757000046],[123.69263746100012,8.047725496000055],[123.6413500000001,8.01314],[123.6165929550001,8.033723301000066],[123.60114335100002,8.026000753000062],[123.56117891300005,8.02504065200003],[123.562114887,8.080917875000068],[123.55807546900007,8.180193381000038],[123.55831622200003,8.294802987000025],[123.5665683090001,8.315118446000042],[123.56107968000003,8.345355826000059],[123.5595297530001,8.479864054000075],[123.55669766900007,8.501533074000065],[123.55660112700002,8.596665443000063],[123.57600543,8.588836525000033],[123.58018097700005,8.620813506000047],[123.60854864700002,8.670095012000047]]]}},{"type":"Feature","properties":{"name":"Misamis Oriental","psgc":"104300000","island_group":"mindanao"},"geometry":{"type":"Polygon","coordinates":[[[125.17110421600012,8.582282192000037],[125.09197270300001,8.583274949000042],[125.03110151500005,8.590509733000033],[125.02576683100006,8.609349439000027],[124.9577568630001,8.598802371000033],[124.90954796800008,8.599141823000025],[124.87082259400006,8.583962324000026],[124.84556848500006,8.557733292000023],[124.8470019770001,8.53934502800007],[124.8326646160001,8.516467929000044],[124.79487842600008,8.50679776100003],[124.78466056600007,8.480697472000031],[124.80294577500001,8.464117050000027],[124.77101278500004,8.42198077200004],[124.62696749800011,8.418095680000022],[124.61330911000005,8.39789292100005],[124.60095435200003,8.341523851000034],[124.60475992700003,8.321158559000025],[124.58569814100008,8.289942023000037],[124.58276749100003,8.253760912000075],[124.57141243,8.214811578000024],[124.56705519500008,8.160145672000056],[124.53569715600008,8.160570492000033],[124.52011239600006,8.172480796000059],[124.50703357400005,8.239915808000035],[124.47745729200005,8.304272188000027],[124.4547307570001,8.320203159000073],[124.36637374500003,8.314602319000073],[124.32793174200003,8.327967434000072],[124.30343307500004,8.311831809000068],[124.28643548000002,8.330000745000063],[124.247453027,8.332102494000026],[124.24691534300007,8.332000065000045],[124.24664738000001,8.332058423000035],[124.25723744600009,8.339774497000064],[124.26220121600011,8.377003195000043],[124.2828712160001,8.396561614000063],[124.28780621700002,8.421436948000064],[124.2837065440001,8.462324230000036],[124.30620991400008,8.504882266000038],[124.31225759000006,8.536184357000025],[124.34034795100001,8.551211414000022],[124.38521952100007,8.592748829000072],[124.4065443290001,8.597582178000039],[124.45720933700011,8.624893131000022],[124.4792207050001,8.617146024000021],[124.48580816800006,8.58747267800004],[124.53002221200006,8.558347559000026],[124.5434971410001,8.540649056000063],[124.56648540300012,8.540298479000057],[124.57766572700007,8.519007008000074],[124.61437136400002,8.520985807000045],[124.66320848100008,8.50619496400003],[124.66362067300008,8.48904077100002],[124.69960418000005,8.472190669000042],[124.74335184300003,8.494763295000041],[124.75347494300001,8.514413716000035],[124.74044667800001,8.547263084000065],[124.74815377800007,8.568012542000076],[124.77153775800002,8.594958728000051],[124.76022382400004,8.61249224200003],[124.76219613300009,8.642226882000045],[124.7425319570001,8.650144054000066],[124.7448033180001,8.70504771900005],[124.77840198500007,8.731994030000067],[124.763853057,8.758848570000055],[124.76648258800003,8.776706213000068],[124.78822348800009,8.817777449000062],[124.78925825500005,8.881165839000062],[124.7718896660001,8.965366043000074],[124.8015558190001,8.997137900000041],[124.82186043700005,9.005507119000072],[124.86746723100009,9.007835158000034],[124.9064320660001,8.981717815000025],[124.94149504300003,8.969586464000031],[124.99040858500007,8.930832249000048],[125.02419575700003,8.919037900000035],[125.02443239400009,8.90138330000002],[125.06624686600003,8.85715848500007],[125.07836957000006,8.82863442300004],[125.13986967500011,8.841374854000037],[125.16470603900007,8.857571328000063],[125.18527237700005,8.896002586000066],[125.18719025900009,8.950950840000075],[125.17151219900006,9.011065247000033],[125.19003049200012,9.082751125000073],[125.20772470700001,9.09365308100007],[125.21767746800003,9.030473781000069],[125.2381393180001,8.987511528000027],[125.22444407900002,8.967542601000048],[125.23122286900002,8.944712414000037],[125.22140040500005,8.921750022000026],[125.25092495400008,8.873843862000058],[125.24109649800005,8.840640068000027],[125.23621368400006,8.784649849000061],[125.24017963100005,8.668428995000056],[125.22644761300012,8.646580223000058],[125.1933850050001,8.61971369400004],[125.17110421600012,8.582282192000037]]]}},{"type":"Feature","properties":{"name":"Mountain Province","psgc":"144400000","island_group":"luzon"},"geometry":{"type":"Polygon","coordinates":[[[121.53451524700006,17.26951245300006],[121.56750018100001,17.07905657500004],[120.89301445400008,16.821064410000076],[120.78527385300004,16.92133500700004],[120.80474638400005,17.17126978500005],[120.91189962700003,17.24891692500006],[121.53451524700006,17.26951245300006]]]}},{"type":"Feature","properties":{"name":"Negros Occidental","psgc":"064500000","island_group":"visayas"},"geometry":{"type":"MultiPolygon","coordinates":[[[[123.44602621000001,10.48041868000007],[123.44883125100012,10.46747123800003],[123.44061539300003,10.462858864000054],[123.42321800800005,10.437157942000056],[123.41730136300009,10.445524165000052],[123.4311055610001,10.460240997000028],[123.44602621000001,10.48041868000007]]],[[[123.54475868200007,10.970666860000051],[123.55533076900008,10.96139224600006],[123.56290941500004,10.96965980400006],[123.57079749500008,10.963661049000052],[123.5721608560001,10.95511570800005],[123.55553741900007,10.95506189100007],[123.54367665100006,10.964318203000062],[123.54475868200007,10.970666860000051]]],[[[123.33591507300002,10.382476470000029],[123.27376300500009,10.405036659000075],[123.2504623430001,10.414928062000058],[123.2444814260001,10.431866907000028],[123.23662027800003,10.437750262000066],[123.2186904460001,10.439600951000045],[123.14432497400003,10.434843284000067],[123.13183057300012,10.41167899100003],[123.16031414800011,10.387797962000036],[123.18321414700006,10.358187988000054],[123.18373416800011,10.33701820500005],[123.18145967400005,10.322771078000073],[123.16345614200009,10.315518531000066],[123.16768247000005,10.305539149000026],[123.19119873300008,10.303034610000054],[123.19455747100005,10.271815747000062],[123.18881825200003,10.260563292000029],[123.13651653700003,10.198260696000034],[123.11066842700006,10.165420105000067],[123.07135866600004,10.09779056900004],[123.01579588600009,10.01218724100005],[123.00419872600003,9.971277159000067],[122.98320250300003,9.912625363000075],[122.93288003100008,9.852716447000034],[122.90675043800002,9.818935856000053],[122.87659409700007,9.785435739000036],[122.80423183000005,9.70080798600003],[122.72332949600002,9.597365594000053],[122.68364140000006,9.562847185000066],[122.6568923100001,9.533703346000038],[122.6355772280001,9.507626268000024],[122.59290813500002,9.463638548000063],[122.5939728410001,9.454542686000025],[122.58891781600005,9.444193230000053],[122.57891585100003,9.447301326000058],[122.559039772,9.472210400000051],[122.55192588600005,9.474784055000043],[122.54489377400012,9.489219642000023],[122.53340901600006,9.50341189900007],[122.53622525900005,9.511394340000038],[122.52729810900007,9.517584143000022],[122.51668853800004,9.534235640000077],[122.51840054600007,9.543942378000054],[122.50522822000005,9.556067455000061],[122.48546091000003,9.564200259000074],[122.47930850600005,9.57738044000007],[122.46009152700003,9.609883007000064],[122.46445152400008,9.625307175000046],[122.44785730000001,9.621929683000076],[122.44473223300008,9.631607571000075],[122.45535392900001,9.633818241000029],[122.458858071,9.644428950000076],[122.45704037700011,9.66095445600007],[122.44387423600006,9.663232461000064],[122.43077837800001,9.67161429600003],[122.4212255330001,9.663969825000038],[122.40839249600003,9.659435950000045],[122.39871109900002,9.67716241900007],[122.40701084900002,9.680355967000025],[122.42056081700002,9.693694729000072],[122.41415362300006,9.706435960000022],[122.39701636400002,9.69154067900007],[122.3807111750001,9.707460850000075],[122.39437237200002,9.728643001000023],[122.3986321430001,9.742015355000035],[122.39894722200006,9.763991059000034],[122.393228915,9.785415785000055],[122.40110146800009,9.814947174000054],[122.38455933300008,9.823714637000023],[122.38624574800008,9.835761718000072],[122.38179310700002,9.844187581000028],[122.39417565200006,9.853864761000068],[122.40867404000005,9.871062044000041],[122.41874877700002,9.890659012000071],[122.43526358800011,9.904481152000074],[122.44309076600007,9.92387132600004],[122.4431860840001,9.936856788000057],[122.45072292000009,9.959890089000055],[122.45210660500004,9.976125470000056],[122.47020779600007,9.982074655000076],[122.49343500400005,9.981573188000027],[122.50804284700007,9.986625727000046],[122.54365506600004,9.982007786000054],[122.57323076000011,9.97975178300004],[122.58136476800007,9.981356524000034],[122.61658511300004,9.975271687000031],[122.65542765100008,9.976098191000062],[122.6698522150001,9.98031723500003],[122.6989659730001,9.994295202000046],[122.72312204700006,10.015519071000028],[122.72363811700006,10.01939347900003],[122.75492270400002,10.045121649000066],[122.76277786800006,10.054775576000054],[122.77497546500001,10.060460779000039],[122.78259067500005,10.073302307000063],[122.8077328820001,10.061147037000069],[122.82181533700009,10.06309428000003],[122.84813908300009,10.076743456000031],[122.85942301900002,10.093407432000049],[122.86245156500001,10.111790203000055],[122.86218179900004,10.141725282000039],[122.85667690700006,10.168864855000038],[122.85012509500007,10.183141964000072],[122.84187158800012,10.208903092000071],[122.83988231700005,10.229463500000065],[122.84532578000005,10.250295792000031],[122.84362557000009,10.265899357000023],[122.845773742,10.281484356000021],[122.84178759800011,10.297929047000025],[122.8492004530001,10.307810098000061],[122.84946966500002,10.316236669000034],[122.85731429400005,10.325396443000045],[122.85969606300011,10.348916452000026],[122.86607087200002,10.355070062000038],[122.86365782100006,10.376634140000021],[122.8569164270001,10.406909893000034],[122.85027644100012,10.408102704000044],[122.8346714920001,10.425531188000036],[122.824008208,10.441862342000036],[122.82063607400005,10.477926878000062],[122.81015991200002,10.506097993000026],[122.79567834500006,10.52273182700003],[122.82392497100011,10.551298637000059],[122.83410222300006,10.552693431000023],[122.8494345680001,10.547419128000058],[122.8660057190001,10.552488035000067],[122.87280206200012,10.562254105000022],[122.88104856600012,10.56518204400004],[122.88294961200006,10.58147505900007],[122.89491926300002,10.587138889000073],[122.90263193500004,10.599788658000023],[122.91446952700005,10.60541666100005],[122.92617867500007,10.63510126500006],[122.92401483600008,10.646335408000027],[122.92954640100004,10.660454728000047],[122.93882372700011,10.669056499000021],[122.94338441400009,10.681090508000068],[122.95102433900001,10.685706885000059],[122.94571752500008,10.722817685000052],[122.96019569400005,10.72576192400004],[122.96434184200007,10.75495365300003],[122.96197552700005,10.768530535000025],[122.96808340100006,10.795079292000025],[122.9623728470001,10.803153296000062],[122.94932948400003,10.80581823600005],[122.95076010600008,10.826541858000041],[122.94647077600007,10.84338561800007],[122.94827282500012,10.863394301000028],[122.9568535630001,10.867165726000053],[122.95916188700005,10.885393065000073],[122.95728674700001,10.896418433000065],[122.98122463600009,10.899196588000052],[122.98609224600011,10.90833454400007],[122.99646342200003,10.913651507000054],[123.01515605400004,10.912932484000066],[123.03824302200007,10.923837699000046],[123.04725564000012,10.923256471000059],[123.06691931000012,10.913216540000064],[123.07558634300005,10.915364707000037],[123.09123172800003,10.937673407000034],[123.10281645500004,10.943333050000035],[123.11280171100009,10.956259956000054],[123.12061054700007,10.95740220700003],[123.13159237800005,10.971452222000039],[123.14070651200007,10.971238382000024],[123.15534079600002,10.977486143000021],[123.16326300300011,10.976567377000038],[123.17522946500003,10.98983318300003],[123.18495928200002,10.992989050000062],[123.19567760300004,11.00301035900003],[123.20490193900002,10.99840492900006],[123.23351965300003,10.994288311000048],[123.24761064100005,10.99674079700003],[123.24782775400001,10.988555079000037],[123.26658373400005,10.986152128000072],[123.2727131910001,10.978104963000021],[123.32106972000008,10.950981074000026],[123.33146781500011,10.954125227000077],[123.34842717100003,10.949895956000034],[123.37314997200008,10.961160006000057],[123.3937326350001,10.956780329000026],[123.401370702,10.949041951000027],[123.40837932200009,10.952905679000025],[123.44807960100002,10.93749737500002],[123.47275535500012,10.921267895000028],[123.48742879600002,10.932958426000027],[123.49690299000008,10.926342117000047],[123.50711126300007,10.925373680000064],[123.51451924900005,10.918123327000046],[123.50807482800008,10.908176423000043],[123.51962607300004,10.901227818000052],[123.51660107700002,10.890373831000034],[123.52310447400009,10.877795294000066],[123.52261662400008,10.865664706000075],[123.5360060270001,10.850674882000021],[123.5320891230001,10.836966821000033],[123.54146914800003,10.83332817300004],[123.54903344600007,10.83679409900003],[123.56491356600009,10.83662343900005],[123.56697624800006,10.82821124700007],[123.55729167400011,10.81873388300005],[123.56827832600004,10.794357373000025],[123.56014187200003,10.788436735000062],[123.55977488200006,10.774305902000037],[123.54757906200007,10.769561734000035],[123.54807346700011,10.759642589000066],[123.54278171100009,10.751072013000055],[123.53082647200006,10.755047500000046],[123.5311930690001,10.740268091000075],[123.52662809500009,10.730517021000026],[123.51788428200007,10.725603066000076],[123.51485614700005,10.712594258000024],[123.50805912100009,10.704604432000053],[123.50416269300001,10.687978497000074],[123.50223441700007,10.66432117100004],[123.49311727400004,10.636283787000025],[123.49169197200001,10.613333407000027],[123.48570803000007,10.603531932000067],[123.47609632800004,10.574025342000027],[123.46912568900007,10.56322936600003],[123.47294735700007,10.550248949000036],[123.46284396400006,10.544845279000072],[123.45741811700009,10.536400627000035],[123.45707654600005,10.520950955000046],[123.44776351400003,10.510801592000064],[123.4491583360001,10.505254191000063],[123.43339007100008,10.494873640000037],[123.42230119200008,10.47656190500004],[123.41678266200006,10.479156876000047],[123.40390163000006,10.468597393000039],[123.39399018400002,10.467905851000069],[123.37713956900006,10.45404533900006],[123.36683408100009,10.45110532800004],[123.35922,10.440724528000032],[123.35135076000006,10.406876642000043],[123.34712746100001,10.406914176000043],[123.33591507300002,10.382476470000029]]]]}},{"type":"Feature","properties":{"name":"Negros Oriental","psgc":"074600000","island_group":"visayas"},"geometry":{"type":"Polygon","coordinates":[[[123.33591507300002,10.382476470000029],[123.32911704500009,10.363094039000032],[123.32597470700011,10.339501506000033],[123.32966248200012,10.331652379000047],[123.33127552400003,10.306359866000037],[123.32724372400003,10.303243614000053],[123.33149030300001,10.27805539600007],[123.326276774,10.273933061000037],[123.32519531900004,10.252926755000033],[123.3142424670001,10.228732439000055],[123.30470620800008,10.221808451000072],[123.30516601400006,10.214404857000034],[123.29854718900003,10.196979955000074],[123.28779878000012,10.188591385000052],[123.28227812700004,10.17228592600003],[123.28133451300005,10.129111451000028],[123.26900221900007,10.112803037000049],[123.262121223,10.089260068000044],[123.249483499,10.064942364000046],[123.24774670800002,10.055355246000033],[123.23960789500006,10.046985091000067],[123.2358059500001,10.026854256000036],[123.22649095300005,10.016290854000033],[123.22820582400004,10.003779055000052],[123.21326512600001,9.997355893000076],[123.19581628200001,9.969024709000053],[123.18248365700003,9.953923779000036],[123.17698765300008,9.938606135000043],[123.17902802700007,9.926743765000026],[123.17447074400002,9.921582199000056],[123.15746832200011,9.916488737000066],[123.14689798100005,9.891975764000051],[123.15054388300007,9.880789875000062],[123.14804531000004,9.86693742500006],[123.15038367500006,9.854140676000043],[123.14361529300004,9.85263089600005],[123.13246573700008,9.840244561000077],[123.1326995280001,9.830434486000058],[123.14296032700008,9.820425069000066],[123.14305720900006,9.805362643000024],[123.15134831300008,9.777194017000056],[123.1443417800001,9.770814359000042],[123.1540077090001,9.74806551200004],[123.15264631800005,9.727936735000071],[123.16065989200001,9.70796907700003],[123.150932194,9.679286369000067],[123.1487238840001,9.653833557000041],[123.12832260700009,9.653957410000032],[123.11189854700001,9.651033834000032],[123.1124357430001,9.638997773000028],[123.10757373000001,9.628465969000047],[123.11610200700011,9.620991884000034],[123.12216080900009,9.606418064000025],[123.1363131280001,9.606330531000026],[123.14146461400003,9.595959668000035],[123.15316034200009,9.595774559000063],[123.15348350600004,9.577908253000032],[123.14248159300007,9.586312358000043],[123.13276806100009,9.583273853000037],[123.12047422900002,9.552719675000048],[123.14085251300003,9.544812800000045],[123.1483985650001,9.544956957000068],[123.1621411960001,9.538125441000034],[123.16283587200007,9.53269702700004],[123.17880379400003,9.505103302000066],[123.18435069300006,9.480313624000075],[123.19241507200002,9.474254268000038],[123.22690249400011,9.466294452000056],[123.23846085700006,9.447145204000037],[123.23479241100006,9.426450017000036],[123.241614378,9.421497382000041],[123.24624547500002,9.407092471000055],[123.25629374100004,9.396998600000074],[123.26009915700001,9.38191785600003],[123.26770263000003,9.369980390000023],[123.29821297400008,9.354563995000035],[123.30832204100011,9.33985130900004],[123.31288921500004,9.319050697000023],[123.30924649200006,9.311338850000027],[123.31170202400006,9.299495040000068],[123.299990621,9.272606274000054],[123.29435670100008,9.235650982000038],[123.2862920340001,9.212850167000056],[123.27452116400002,9.197408766000024],[123.27070621000007,9.187483386000054],[123.26275734400008,9.18497796500003],[123.24655710900004,9.16584832500007],[123.24136477900004,9.150449576000028],[123.21215551400007,9.120556141000066],[123.2022562840001,9.093765278000035],[123.17991432000008,9.093068808000055],[123.15810494700008,9.07105344200005],[123.15181749700002,9.075927491000073],[123.14345353300007,9.068114582000021],[123.13027652700009,9.04738098200005],[123.12767831300005,9.061127381000063],[123.11189912700002,9.05394412000004],[123.1038533950001,9.061174975000029],[123.0738064190001,9.066716127000063],[123.06002697200006,9.051935279000077],[123.02855593900006,9.047119532000067],[123.01498644000003,9.03846143000004],[122.98612810400004,9.05299327800003],[122.97673108300012,9.06262031500006],[122.9488011200001,9.07546271700005],[122.94232147600007,9.075488826000026],[122.93508974300005,9.08582666600006],[122.92863439400003,9.108591846000024],[122.909446107,9.144077432000074],[122.90463454600001,9.161812226000052],[122.898887693,9.169228150000038],[122.89011433700011,9.19527038700005],[122.88879269900008,9.209915066000065],[122.87921112400011,9.222640159000036],[122.87888346600005,9.232489122000061],[122.8712368890001,9.251920574000053],[122.87824470700002,9.27055077500006],[122.87313950400005,9.304284879000022],[122.87537074300008,9.314213131000031],[122.86485282100011,9.328934969000045],[122.83892079000009,9.333313700000076],[122.82531057800009,9.348126077000074],[122.80815205600004,9.359084086000053],[122.79602626200005,9.360494922000044],[122.7831652860001,9.366313009000066],[122.75303779400008,9.367570288000024],[122.74575200400011,9.371360246000052],[122.72485875600012,9.374232885000026],[122.71086944000001,9.379463715000043],[122.70606660400006,9.375163103000034],[122.68936809800005,9.381754766000029],[122.67439553600002,9.379782497000065],[122.66319549400009,9.392103242000076],[122.64187169400009,9.403605326000047],[122.6232287470001,9.422179906000054],[122.61292387100002,9.420093487000031],[122.58891781600005,9.444193230000053],[122.5939728410001,9.454542686000025],[122.59290813500002,9.463638548000063],[122.6355772280001,9.507626268000024],[122.6568923100001,9.533703346000038],[122.68364140000006,9.562847185000066],[122.72332949600002,9.597365594000053],[122.80423183000005,9.70080798600003],[122.87659409700007,9.785435739000036],[122.90675043800002,9.818935856000053],[122.93288003100008,9.852716447000034],[122.98320250300003,9.912625363000075],[123.00419872600003,9.971277159000067],[123.01579588600009,10.01218724100005],[123.07135866600004,10.09779056900004],[123.11066842700006,10.165420105000067],[123.13651653700003,10.198260696000034],[123.18881825200003,10.260563292000029],[123.19455747100005,10.271815747000062],[123.19119873300008,10.303034610000054],[123.16768247000005,10.305539149000026],[123.16345614200009,10.315518531000066],[123.18145967400005,10.322771078000073],[123.18373416800011,10.33701820500005],[123.18321414700006,10.358187988000054],[123.16031414800011,10.387797962000036],[123.13183057300012,10.41167899100003],[123.14432497400003,10.434843284000067],[123.2186904460001,10.439600951000045],[123.23662027800003,10.437750262000066],[123.2444814260001,10.431866907000028],[123.2504623430001,10.414928062000058],[123.27376300500009,10.405036659000075],[123.33591507300002,10.382476470000029]]]}},{"type":"Feature","properties":{"name":"Northern Samar","psgc":"084800000","island_group":"visayas"},"geometry":{"type":"MultiPolygon","coordinates":[[[[124.09920148300012,12.290554591000046],[124.1083015910001,12.285160120000057],[124.11373956700004,12.27719434900007],[124.10971281800005,12.261785795000037],[124.09959967000009,12.261105976000067],[124.09761728900003,12.275706589000038],[124.08555004100003,12.278799383000035],[124.089942199,12.288244286000065],[124.09920148300012,12.290554591000046]]],[[[124.05612238600008,12.35953058900003],[124.06091024000011,12.352878892000035],[124.0610322770001,12.343590530000029],[124.05228061700006,12.33860448300004],[124.0451253440001,12.34150521500004],[124.04648771400002,12.352552727000045],[124.05612238600008,12.35953058900003]]],[[[124.06194443400011,12.386510841000074],[124.07828028900008,12.371750763000023],[124.07928027700007,12.361771687000044],[124.07294634200002,12.358680580000055],[124.06584342600001,12.373147973000073],[124.05610125300007,12.382359001000054],[124.06194443400011,12.386510841000074]]],[[[124.03007602100001,12.409841555000071],[124.00972705900006,12.380508568000039],[124.0030518320001,12.386421359000053],[124.00533680400008,12.394437879000066],[124.01246994100006,12.395033429000023],[124.02442629600012,12.407162795000033],[124.03007602100001,12.409841555000071]]],[[[124.24641868900005,12.459480679000023],[124.25237619500001,12.456967728000052],[124.2683241310001,12.434689139000056],[124.27986469000007,12.413625414000023],[124.27889182800004,12.408700939000028],[124.28571685100007,12.385509228000046],[124.28241900000012,12.37143037100003],[124.27739352100002,12.363032332000046],[124.26965420300007,12.36325075600007],[124.25613679000003,12.385827405000043],[124.2485041110001,12.408124564000047],[124.24801416300011,12.416821708000043],[124.2411541780001,12.440466185000048],[124.23989289200006,12.452591321000057],[124.24641868900005,12.459480679000023]]],[[[124.14153079300002,12.483072205000042],[124.16466494500003,12.456303332000061],[124.18083835800007,12.425376861000075],[124.19243896300009,12.41269707400005],[124.19323900200004,12.40058689700004],[124.19054209400008,12.389173864000043],[124.18261956700007,12.38119736300007],[124.17388696300009,12.386468756000056],[124.16275247300007,12.399152486000048],[124.1504850560001,12.409811282000021],[124.14691145600011,12.41960795500006],[124.13898042200003,12.431874639000057],[124.13912755800004,12.442234754000026],[124.1336155250001,12.461023513000043],[124.1390786610001,12.480728212000031],[124.14153079300002,12.483072205000042]]],[[[125.02024914200001,12.560485678000077],[125.02432975300007,12.557233188000055],[125.02887586200006,12.556432492000056],[125.02769040800001,12.551539845000036],[125.02888692400006,12.549258861000055],[125.03785794500004,12.546126513000047],[125.0423378380001,12.538147674000072],[125.03239503300006,12.536026441000047],[125.02652709600011,12.53280436700004],[125.02381998900012,12.542286792000027],[125.02317363000009,12.549309040000026],[125.01908920900007,12.55447592400003],[125.02024914200001,12.560485678000077]]],[[[124.42759462700008,12.580821228000048],[124.43617655000003,12.568689568000025],[124.43530908800005,12.561323513000048],[124.45328914600009,12.55964007600005],[124.4564953260001,12.551782197000023],[124.453394064,12.54073293700003],[124.44730221600003,12.536012019000054],[124.43440940900007,12.53905625300007],[124.41939546600008,12.553270080000061],[124.41243045700003,12.557082297000022],[124.41853789700008,12.564097161000063],[124.42759462700008,12.580821228000048]]],[[[125.32313117600006,12.282184634000032],[125.30736256500006,12.281189457000039],[125.29665704600006,12.276020280000068],[125.29739499700008,12.270467058000065],[125.27682743700007,12.266380463000075],[125.27426833100003,12.27324266200003],[125.27484419300004,12.290014941000038],[125.25197262000006,12.326799179000034],[125.2442981690001,12.328873455000064],[125.22332809500006,12.349578051000037],[125.21125053800006,12.34784030700007],[125.20077071300011,12.328511285000047],[125.17902764200005,12.301396393000061],[125.17549145400005,12.300438468000038],[125.168291457,12.282900013000074],[125.15079612000011,12.285214755000027],[125.11634618700009,12.28358204400007],[125.03602115700005,12.24528407500003],[125.01964139900008,12.240434260000029],[124.99363217000007,12.230696290000026],[124.97507719500004,12.227870578000022],[124.94864926500009,12.230541531000028],[124.92910333100008,12.235622284000044],[124.911418421,12.245613691000074],[124.90726746500002,12.252334253000072],[124.9007523780001,12.23327658900007],[124.86831908600004,12.16527340600004],[124.85798196200005,12.137552355000025],[124.83217120800009,12.174381966000055],[124.84402041200008,12.217657946000031],[124.7922166410001,12.240866625000024],[124.75239134100002,12.262225584000078],[124.70963361100007,12.277833312000041],[124.67746106000004,12.245325002000072],[124.67260615600003,12.254165949000026],[124.66395427800012,12.251582995000035],[124.65744595900003,12.24185818500007],[124.64881725600003,12.243071856000029],[124.64856456300004,12.234697057000062],[124.62653126700002,12.228430569000068],[124.60823009600006,12.242421337000053],[124.61633219400005,12.25347023200004],[124.60154314500005,12.264455994000059],[124.59298314000011,12.260343319000071],[124.5949738710001,12.252414318000035],[124.51666026800001,12.315449646000047],[124.51175930900001,12.326589778000027],[124.48980371500011,12.331030033000047],[124.47708579200003,12.340963423000062],[124.42632817100002,12.283301339000047],[124.36841836500003,12.283196331000056],[124.35739338700012,12.281708523000077],[124.35711742400008,12.282145397000022],[124.35700127100006,12.282268628000054],[124.3547208540001,12.28893959000004],[124.345436145,12.291979161000029],[124.34723297200003,12.29889066800007],[124.33818936000011,12.314999813000043],[124.34220766100009,12.317256145000044],[124.333172751,12.348028271000032],[124.33576018500003,12.351510794000035],[124.33516511700009,12.367659963000051],[124.34097819100009,12.376099299000032],[124.32874112700006,12.390058745000033],[124.32291996100003,12.402506300000027],[124.32447245000003,12.406639808000023],[124.32205359200009,12.427264604000072],[124.31073081000011,12.437534662000076],[124.3110503580001,12.442353222000065],[124.30191652100007,12.455078151000066],[124.29042007400005,12.460691962000055],[124.28236035700002,12.478191225000046],[124.2868802050001,12.488141125000027],[124.28119218800009,12.496749050000062],[124.28411629400011,12.505735053000024],[124.28267527000003,12.516196236000042],[124.27301283200006,12.525034487000028],[124.2673579310001,12.541206622000061],[124.26280463400008,12.544582078000076],[124.26620254300008,12.559618085000068],[124.27289501300004,12.566726861000063],[124.2702690530001,12.57135801100003],[124.27993879600001,12.582835940000052],[124.28889002400001,12.58276673100005],[124.29730190200007,12.574786145000076],[124.298568982,12.563924587000031],[124.31728210300003,12.559093351000058],[124.32472374000008,12.555300418000058],[124.32466189200011,12.544880118000037],[124.32930396600011,12.53526346700005],[124.34531429100002,12.545723979000059],[124.3534260990001,12.536357371000065],[124.357055908,12.538127779000035],[124.35789548000002,12.552043656000023],[124.37144544700004,12.554362334000075],[124.37436909900009,12.54619973900003],[124.3895285970001,12.546239964000051],[124.39234447900003,12.551534275000051],[124.38752974800002,12.563446945000067],[124.40590023900006,12.56115105400005],[124.39996397800007,12.549203129000034],[124.41305486500005,12.549368284000025],[124.42080686600002,12.545164223000029],[124.4234171060001,12.533500032000063],[124.42982606800001,12.530341640000074],[124.43600342400009,12.536117945000058],[124.45302401000004,12.533737159000054],[124.4573786740001,12.540838607000069],[124.46740765800007,12.540693889000067],[124.46652781700004,12.534668001000057],[124.45908395700008,12.529821291000076],[124.46645204200001,12.521417303000021],[124.47730744000012,12.536652847000028],[124.49444218300005,12.533768941000062],[124.51150664400006,12.519423363000044],[124.52215238500003,12.522337142000026],[124.530923819,12.521300218000022],[124.54010680100009,12.527090220000048],[124.55437550600004,12.523960206000027],[124.55795303200011,12.527854521000052],[124.56852790300002,12.529065550000041],[124.58885044800002,12.52121126700007],[124.63305216600008,12.508202337000057],[124.64720124200005,12.508350710000059],[124.65534901900003,12.51515444000006],[124.67685799100002,12.508694542000057],[124.69567765500005,12.514904063000074],[124.70494963400006,12.51228055300004],[124.71229867000011,12.517161690000023],[124.71941034300005,12.514489689000072],[124.74718624800005,12.516792120000048],[124.76130203200012,12.523599052000066],[124.76519844600011,12.528250722000053],[124.7736797880001,12.527576896000028],[124.80141141800004,12.541349163000064],[124.81079559700004,12.53165245100007],[124.82955462400002,12.52900700400005],[124.85757044200011,12.532977747000075],[124.87057650300005,12.54152156400005],[124.88018585100008,12.553344352000067],[124.88256981600011,12.565843461000043],[124.87457240100002,12.574987104000058],[124.88661714600005,12.577939352000044],[124.89250101900006,12.571649571000023],[124.90319397200005,12.567001280000056],[124.93027073500002,12.566876493000052],[124.94282560800002,12.571737321000057],[124.953614764,12.578528737000056],[124.95934637700009,12.575912083000048],[124.96425606700006,12.564140697000028],[124.96096178700009,12.560211845000026],[124.97355797800003,12.551128213000027],[124.98799629300004,12.552214401000072],[125.00163740000005,12.55932703700006],[125.00692577900008,12.565484489000028],[125.01304309500006,12.564608789000033],[125.02041360500004,12.550065247000077],[125.02333410100005,12.536188974000027],[125.02514553000003,12.532391332000032],[125.02924289700002,12.530364467000027],[125.040615752,12.535187235000024],[125.05020252100007,12.543450563000022],[125.07177636000006,12.535476134000021],[125.08104249300004,12.54103070900004],[125.08090431800008,12.559726302000058],[125.07206872800009,12.569525165000073],[125.07281713600003,12.578822283000022],[125.07988137200005,12.577354504000027],[125.08697002400004,12.582447691000027],[125.10002560700002,12.581221317000029],[125.10149665600011,12.570097136000072],[125.11011916700011,12.563812925000036],[125.14248556500002,12.57529596300003],[125.15158693600006,12.57403688100004],[125.18195370300009,12.556363838000038],[125.19950957800006,12.536973283000066],[125.21062768600007,12.534127821000027],[125.21425554900009,12.52330592800007],[125.22556380100002,12.522576336000043],[125.23300320500005,12.515103270000054],[125.24021011000002,12.51298076300003],[125.25589241000011,12.49272671600005],[125.26566721100005,12.489096043000075],[125.25641142900008,12.478842322000048],[125.26254461600001,12.472380481000073],[125.26978541000005,12.477484584000024],[125.29126904500004,12.467958206000048],[125.29314792800005,12.456550411000023],[125.28895284600003,12.444972935000067],[125.30094337600008,12.421422161000066],[125.30885859400007,12.413589602000059],[125.32015774600006,12.413308596000036],[125.33451268400006,12.408068280000066],[125.3321548450001,12.396434877000047],[125.32347282900002,12.401261864000048],[125.31095602200003,12.397467577000043],[125.30388950100007,12.401462861000027],[125.29864947700003,12.396826530000055],[125.30540099500001,12.388939486000027],[125.29933595200009,12.37692326000007],[125.29815975100007,12.366941603000043],[125.28632525600005,12.356319772000063],[125.28706644200008,12.347679414000027],[125.2928353310001,12.343835973000068],[125.2863006340001,12.337136362000024],[125.29006114800006,12.33077896900005],[125.29887736400008,12.327613369000062],[125.30624944300007,12.333842960000027],[125.31220570100004,12.327151465000043],[125.30192816200008,12.31786863900004],[125.30398927500005,12.313996281000072],[125.29725138200001,12.30388455800005],[125.29159908500003,12.30742864900003],[125.287628659,12.299475276000067],[125.2932114140001,12.29005677400005],[125.30963674500003,12.298951042000056],[125.31855576200007,12.29896013800004],[125.32461531700005,12.307690554000033],[125.33767179300003,12.316446446000043],[125.3294205310001,12.297995908000075],[125.3377989810001,12.297059933000071],[125.34216719800008,12.290615924000065],[125.33628368200004,12.273899536000044],[125.32922567700007,12.281895698000028],[125.32313117600006,12.282184634000032]]],[[[124.48607222800001,12.586429999000075],[124.49786890900009,12.576162298000042],[124.51113880200012,12.56129095700004],[124.50955491000002,12.558647817000065],[124.52120425900011,12.547446007000076],[124.5127642870001,12.542512205000037],[124.49508288900006,12.548098388000028],[124.48962622500005,12.570194834000063],[124.47451738400002,12.578706981000039],[124.48607222800001,12.586429999000075]]],[[[124.36170086600009,12.589807578000034],[124.37403211500009,12.581459309000024],[124.38543460900007,12.580812125000023],[124.38278177900008,12.568314488000055],[124.36889030800012,12.56222660000003],[124.36222080700009,12.563619994000021],[124.35391535500003,12.58672781100006],[124.36170086600009,12.589807578000034]]],[[[125.1434100030001,12.601896894000049],[125.14882252400002,12.589396688000022],[125.1397426850001,12.58705124100004],[125.13636330700001,12.594114169000022],[125.1434100030001,12.601896894000049]]],[[[124.43761567000001,12.624407666000025],[124.4463956510001,12.618685309000057],[124.43786121000005,12.61041650900006],[124.42982535800002,12.619196986000077],[124.43761567000001,12.624407666000025]]],[[[124.359006829,12.627582136000058],[124.37156773200002,12.617300324000041],[124.37989283800005,12.615738072000056],[124.39061793500002,12.606078908000029],[124.39968215500005,12.588382583000055],[124.39100765800004,12.584680758000047],[124.38194033500008,12.592221624000047],[124.35832398000002,12.595093141000063],[124.3541878640001,12.623694164000028],[124.359006829,12.627582136000058]]],[[[124.99359242000003,12.642559316000074],[125.00141408000002,12.638082842000074],[125.01101975300003,12.625143338000044],[125.01599622300012,12.612103330000025],[125.01109479000002,12.605887285000051],[125.0255544790001,12.590021948000071],[125.03348412500009,12.586322615000029],[125.05332869600011,12.588682068000026],[125.06323831700001,12.581350540000074],[125.06908984100005,12.569103967000046],[125.05986380900003,12.564203296000073],[125.05913597800009,12.557940625000072],[125.04823827100006,12.55160989500007],[125.04484785000011,12.555292352000038],[125.03401132500005,12.552414078000027],[125.03006492600002,12.556045765000022],[125.02828129200009,12.557637256000021],[125.0256158310001,12.557387301000063],[125.02128413900004,12.562024290000068],[125.00309445500011,12.576060059000042],[125.00649638900006,12.581848668000077],[125.00062676000005,12.58725905800003],[125.00098679100006,12.606028155000047],[124.99204644300005,12.611901210000042],[124.99435659300002,12.62484807800007],[124.98970028600002,12.630347268000037],[124.99359242000003,12.642559316000074]]],[[[124.42664140600004,12.646820516000048],[124.43170541500001,12.634332466000046],[124.4232871910001,12.62748437600004],[124.41370737600005,12.631917042000055],[124.42599008900004,12.639394683000035],[124.42664140600004,12.646820516000048]]],[[[124.36916403600003,12.651285341000062],[124.37526842300008,12.647942191000027],[124.38053874700006,12.63335354700007],[124.37432998100007,12.633056102000069],[124.36916403600003,12.651285341000062]]],[[[124.3601215440001,12.66176482800006],[124.36742623300006,12.646436490000042],[124.35930606900001,12.645797043000073],[124.35575392900012,12.656596879000062],[124.3601215440001,12.66176482800006]]],[[[124.99931755300008,12.663525144000062],[125.00541915200006,12.663396700000021],[125.0109138580001,12.652155183000048],[125.01127429700011,12.64160038600005],[125.00044290200003,12.64248685900003],[124.9904076470001,12.648126393000041],[124.98842615100011,12.656541497000035],[124.99931755300008,12.663525144000062]]],[[[124.39880369200012,12.677980675000072],[124.40915929000005,12.67462669400004],[124.41377639500001,12.665227768000022],[124.42370952800002,12.66834749000003],[124.4272007290001,12.658832248000067],[124.42481527600012,12.650982122000073],[124.4138551100001,12.652830795000057],[124.4076587400001,12.665161117000025],[124.4035661470001,12.66423401000003],[124.39532763200009,12.674475506000022],[124.39880369200012,12.677980675000072]]],[[[125.06245144900004,12.685977853000054],[125.07422682200001,12.663000968000063],[125.06973720400003,12.648749512000052],[125.07568376200004,12.641923237000071],[125.07365980500003,12.627662127000065],[125.07703084000002,12.621990157000027],[125.08973033300003,12.618153265000046],[125.08403703700003,12.601895471000034],[125.06798694300005,12.60755925500007],[125.06041093800002,12.604133774000047],[125.05512531800002,12.609301224000035],[125.0397839520001,12.614144688000067],[125.0335308650001,12.621049237000022],[125.04018964600004,12.624820088000035],[125.04997627000012,12.621209048000026],[125.05891814900008,12.63784092700007],[125.0487324500001,12.642049014000065],[125.04758276200005,12.646243467000033],[125.02912365700001,12.649455850000038],[125.02939026400009,12.66765334300004],[125.0392750210001,12.682506878000027],[125.047227743,12.682288052000047],[125.06245144900004,12.685977853000054]]],[[[124.3563674400001,12.696379380000053],[124.36664273200006,12.693686820000039],[124.37696406500004,12.682844396000064],[124.39169663100006,12.673959464000063],[124.3876855100001,12.664442749000045],[124.39606744000002,12.651066181000033],[124.3913827230001,12.643210886000077],[124.38142649800011,12.643957571000044],[124.36440282500007,12.658049389000041],[124.36182253400011,12.680924050000044],[124.3577869400001,12.685170844000027],[124.3563674400001,12.696379380000053]]]]}},{"type":"Feature","properties":{"name":"Nueva Ecija","psgc":"034900000","island_group":"luzon"},"geometry":{"type":"Polygon","coordinates":[[[121.28476349300001,15.75441853700005],[121.378521524,15.485011371000041],[121.35835769500011,15.406953526000052],[121.33999648200006,15.38283927200007],[121.35379088200011,15.345691532000046],[121.33389083800012,15.295655260000046],[121.3121526440001,15.19876970100006],[121.2509377880001,15.201790574000029],[121.20653523100009,15.22044085300007],[121.18592226300007,15.265765786000031],[121.14503048900008,15.27219688300005],[121.1163055830001,15.265820260000055],[121.07470719000003,15.268369465000035],[121.00487735500008,15.245915766000053],[120.98568132500009,15.227066111000056],[120.92865891600002,15.216318620000038],[120.90346552800008,15.213618034000035],[120.890312246,15.18523474500006],[120.86542324400011,15.176232549000076],[120.83818354700009,15.201553705000038],[120.7901530040001,15.212853917000075],[120.76835413100002,15.251208298000051],[120.73540473100002,15.25724563600005],[120.73421095200001,15.27715833800005],[120.75572014200009,15.319438281000032],[120.7384524040001,15.333535906000066],[120.74187423800004,15.381475093000063],[120.76236231700011,15.417785005000042],[120.7616061870001,15.435547245000066],[120.74376207000012,15.45088491000007],[120.74540941400005,15.505163392000043],[120.72099495500004,15.550356954000051],[120.73252606800008,15.583154759000024],[120.74803815300004,15.593195428000058],[120.74181079800007,15.618811382000047],[120.69694031000006,15.618043090000072],[120.65766849400006,15.662499082000068],[120.628450971,15.731305624000072],[120.6150636640001,15.815561238000043],[120.67347150400008,15.831639222000035],[120.69093991700004,15.831160646000058],[120.73089299600008,15.851010298000062],[120.79019697800004,15.82718221700003],[120.81905751900001,15.793215701000065],[120.839224725,15.831207415000051],[120.8559375850001,15.836526259000038],[120.872612623,15.86806527300007],[120.87386427500007,15.896079757000052],[120.90151585000001,15.912567670000044],[120.9205294080001,15.966318216000047],[120.8961103580001,16.04252056300004],[120.87446505100002,16.093515548000028],[120.87044651800011,16.118870179000055],[120.94003228000008,16.133600949000027],[120.98789352400001,16.125824962000024],[120.99877370400009,16.13651125800004],[121.04773934000002,16.137989391000076],[121.08787130900009,16.11399938200003],[121.11953343000005,16.113344204000043],[121.17424918400002,16.090108902000054],[121.185045048,16.07174795900005],[121.19210574800002,15.997633897000071],[121.18785990100002,15.948386911000057],[121.19399818500005,15.922087606000048],[121.28033899800005,15.76713201800004],[121.28476349300001,15.75441853700005]]]}},{"type":"Feature","properties":{"name":"Nueva Vizcaya","psgc":"025000000","island_group":"luzon"},"geometry":{"type":"Polygon","coordinates":[[[121.44575299200005,16.634300799000073],[121.39985675100002,16.607053096000072],[121.39264336400004,16.541548798000065],[121.38468610900009,16.506486987000073],[121.3577187200001,16.498419118000072],[121.37686570300002,16.451005424000073],[121.40003235000006,16.434969730000034],[121.44860449300006,16.42811832900003],[121.43716017000008,16.383300146000067],[121.48150201400006,16.357183331000044],[121.520757752,16.339014960000043],[121.4670669950001,16.270934803000046],[121.432033595,16.254100451000056],[121.41985524200004,16.231628588000035],[121.38376232500002,16.201110999000036],[121.34825628400006,16.196709424000062],[121.29989098200008,16.209559719000026],[121.32651811800008,16.157835947000024],[121.2870362750001,16.148544101000027],[121.30264075500008,16.116559135000045],[121.32284322700002,16.093650980000064],[121.36543708700003,16.066626002000078],[121.34075960900009,16.02196998100004],[121.44036342000004,15.936710192000078],[121.46354427000006,15.926616156000023],[121.47114962,15.886741050000069],[121.37376803400002,15.831617787000027],[121.31771017400001,15.804652432000069],[121.30590318500003,15.782124190000047],[121.28033899800005,15.76713201800004],[121.22285791500008,15.872750951000057],[121.19399818500005,15.922087606000048],[121.18785990100002,15.948386911000057],[121.19210574800002,15.997633897000071],[121.185045048,16.07174795900005],[121.17424918400002,16.090108902000054],[121.11953343000005,16.113344204000043],[121.08787130900009,16.11399938200003],[121.04773934000002,16.137989391000076],[120.99877370400009,16.13651125800004],[120.98789352400001,16.125824962000024],[120.94003228000008,16.133600949000027],[120.87044651800011,16.118870179000055],[120.8578886040001,16.13026056500007],[120.84150888600004,16.168612326000073],[120.80119503900005,16.187660433000076],[120.76896590900003,16.198033657000053],[120.80005260900009,16.304845744000033],[120.82832254100003,16.31969874500004],[120.84552298100004,16.319500078000033],[120.87115844700008,16.384243957000024],[120.87814482400006,16.421579058000077],[120.889427,16.436073],[120.88320633500007,16.50539150700007],[120.89210972600006,16.558460226000022],[120.90440899500004,16.595359904000077],[120.92950614800009,16.600053544000048],[120.94753998600004,16.57919712100005],[120.983716533,16.569470823000074],[121.03570305200003,16.61000610700006],[121.0721316260001,16.62783025400006],[121.10563417500009,16.63056137700005],[121.1354977630001,16.64474705200007],[121.16058286700002,16.63868909200005],[121.19690026700005,16.639026568000077],[121.23604050400002,16.654163596000046],[121.25928948300009,16.651784470000052],[121.28823650000004,16.686236734000033],[121.31541259900007,16.701307632000066],[121.31434472400008,16.71791163300003],[121.33865075400001,16.75348573900004],[121.37057490500001,16.75200994000005],[121.38941715600004,16.727348128000074],[121.37803094900005,16.722181686000056],[121.39026450600011,16.69443652700005],[121.3971688800001,16.64987794800004],[121.40618698600008,16.639204305000078],[121.44575299200005,16.634300799000073]]]}},{"type":"Feature","properties":{"name":"Occidental Mindoro","psgc":"175100000","island_group":"luzon"},"geometry":{"type":"MultiPolygon","coordinates":[[[[121.01358447700011,12.235024072000044],[121.02139019200001,12.229909659000043],[121.02583136800001,12.217842393000069],[121.03773895100005,12.20415756400007],[121.03451616400002,12.197942559000069],[121.0186116650001,12.207221798000035],[121.00672925800006,12.201413520000074],[121.00159230100007,12.219654458000036],[121.00755031800009,12.232320660000028],[121.01358447700011,12.235024072000044]]],[[[121.07428948900008,12.297352560000036],[121.0865930110001,12.276194684000075],[121.09274652600004,12.25607885100004],[121.102502576,12.239251178000075],[121.1058824800001,12.227924586000029],[121.10144754500004,12.20092158400007],[121.11577244900002,12.198583619000033],[121.12403664400006,12.182697406000045],[121.1334368140001,12.170207184000049],[121.13514097400002,12.159443421000049],[121.11819863700009,12.153010055000038],[121.10512202500001,12.17132232800003],[121.0886720210001,12.172634541000036],[121.0881319880001,12.189923608000072],[121.08047013200007,12.206671990000075],[121.06873986200003,12.215370586000063],[121.03919181300012,12.223300556000027],[121.03329911900005,12.243876983000064],[121.03506012300011,12.272325569000031],[121.04290208200007,12.289966467000056],[121.05056855600003,12.293938633000039],[121.07428948900008,12.297352560000036]]],[[[120.8837778190001,13.500751612000045],[120.88823823500002,13.477842441000064],[120.88701512600005,13.422209404000057],[120.80067606600005,13.280248262000043],[120.86773544400012,13.24703289200005],[120.90952363600002,13.227908476000039],[120.95167571400009,13.206755686000065],[120.97327831700011,13.197198405000051],[121.00383125200005,13.180538426000055],[121.11848852900005,13.105488950000051],[121.16962748900005,13.093317855000066],[121.18545674800009,13.081633324000052],[121.24088143400002,13.065091710000047],[121.23957866800004,13.010270545000026],[121.24308735500006,12.978253805000065],[121.24529862100007,12.923056417000055],[121.24354899100001,12.899506232000022],[121.2470242930001,12.826554369000064],[121.2587411290001,12.756897567000067],[121.25628676000008,12.728058734000058],[121.261273361,12.694725695000045],[121.2586164600001,12.650692021000054],[121.24943248000011,12.545303128000057],[121.23873678200005,12.522414437000066],[121.23510219400009,12.48842621700004],[121.23222803800002,12.440650479000055],[121.2294951020001,12.411468316000025],[121.23585117000005,12.319666766000068],[121.24686917500003,12.291886716000022],[121.242770747,12.26584895800005],[121.24089554400007,12.243143603000021],[121.24350371600008,12.207783105000033],[121.2323294580001,12.223635932000036],[121.21942062300002,12.228524634000053],[121.21098967300009,12.237882374000037],[121.18949714900009,12.244013404000043],[121.15083228800006,12.24547418700007],[121.12819542400007,12.240812916000039],[121.11416599100005,12.244523963000063],[121.11077491700007,12.254042585000036],[121.11252697100008,12.266284247000044],[121.10325879700008,12.275271344000032],[121.09482275900007,12.270025366000027],[121.09320334000006,12.28893985600007],[121.10309947300004,12.304918457000042],[121.11821471000007,12.320052118000035],[121.11970399400002,12.32833111900004],[121.1037567300001,12.327092435000054],[121.08755456500012,12.337426447000041],[121.08514299400008,12.328081962000056],[121.06749464300003,12.339855598000042],[121.05854617900002,12.352368202000036],[121.04147170100009,12.359665072000041],[121.0274908990001,12.377250490000051],[121.01676180100003,12.39858059200003],[121.00745252900003,12.411373962000027],[120.99017907900009,12.417304363000028],[120.98010639300003,12.423448437000047],[120.972080215,12.439876087000073],[120.96004863400003,12.456227555000055],[120.9437958630001,12.487675543000023],[120.93339971400007,12.494046264000076],[120.92460034300007,12.505793615000073],[120.9254969100001,12.514753682000048],[120.9195662190001,12.532348773000024],[120.92360172000008,12.549946022000029],[120.9343025170001,12.558834822000051],[120.93854947400007,12.580825373000039],[120.92824469900006,12.614455774000021],[120.91916307200006,12.619494609000071],[120.91201456400006,12.639113303000045],[120.90146461900008,12.656961366000075],[120.88757624900006,12.663096578000022],[120.87950452000007,12.677830076000077],[120.8701503100001,12.682738486000062],[120.85945118000006,12.712935992000041],[120.85297829900003,12.719055145000027],[120.83655768500012,12.727594016000069],[120.81905997800004,12.721174739000048],[120.80423164600006,12.72022516800007],[120.79619166500004,12.724348959000054],[120.78899065000007,12.734430004000046],[120.79251982300002,12.753259814000046],[120.78464413800009,12.784737781000047],[120.7886725400001,12.790123648000076],[120.78393965700002,12.823705027000074],[120.77341125900011,12.836381308000057],[120.77305419100003,12.84537223500007],[120.782458571,12.869182326000043],[120.78332065500001,12.889840502000027],[120.77962154200009,12.917398886000058],[120.77439830700007,12.93288202900004],[120.77139801900012,12.952553632000047],[120.76067512800012,13.002569031000064],[120.73720078500003,13.05509848500003],[120.73181595400001,13.064380409000023],[120.722949158,13.06727416800004],[120.70418807700003,13.10608906300007],[120.68324645000007,13.133734036000021],[120.67738559300005,13.151344281000036],[120.65728720700008,13.175805997000055],[120.65362338300008,13.187526114000036],[120.64790500700008,13.191938336000021],[120.63462856000001,13.193328257000076],[120.62164208400009,13.198152470000025],[120.6098776560001,13.198568678000072],[120.59369627700005,13.221072173000039],[120.57329242900005,13.221164849000047],[120.57295123400002,13.226951897000049],[120.55726798600006,13.225946708000038],[120.54517986500002,13.230839737000053],[120.53013986700012,13.227101528000048],[120.52508272000011,13.231103159000043],[120.52999459400007,13.247949722000044],[120.52318650200004,13.266436541000076],[120.51609246800001,13.269856052000023],[120.50488060900011,13.265128078000032],[120.48207239500005,13.293314112000076],[120.48776233700005,13.304359477000048],[120.48640964800006,13.320106725000073],[120.47403321400009,13.356905287000075],[120.46785317700005,13.367730049000045],[120.46641339200005,13.379206900000042],[120.474222112,13.396795127000075],[120.46329581000009,13.413886590000061],[120.4502946990001,13.42216905600003],[120.43568731500011,13.42713589300007],[120.42576141100005,13.424619798000037],[120.4116261040001,13.414590847000056],[120.39413816500007,13.411839410000027],[120.38880182000003,13.403519739000046],[120.3945445810001,13.385472898000046],[120.38673705500003,13.375043978000065],[120.372937492,13.377651851000053],[120.36109817400006,13.384414675000073],[120.34508311600007,13.382094476000077],[120.33487999800002,13.391958763000048],[120.32412864000003,13.406812655000067],[120.3106495510001,13.42018476800007],[120.30919437400007,13.431479728000056],[120.29917599100008,13.44516675500006],[120.31047649800007,13.455868321000025],[120.31333364500006,13.476236478000033],[120.32011422000005,13.479490019000025],[120.32719859300005,13.491132975000028],[120.34211065700003,13.497369588000026],[120.34544126500009,13.505214643000045],[120.36402446700004,13.51465640300006],[120.41326832000004,13.530840255000044],[120.45371284200007,13.518137227000068],[120.4649971120001,13.508510244000036],[120.4782204070001,13.503861353000048],[120.50545729300006,13.509846982000056],[120.52631248300008,13.504285680000066],[120.55162686300002,13.504378651000025],[120.56043521700008,13.508323020000034],[120.58583789400006,13.50176633500007],[120.59367624100003,13.496857040000066],[120.60964990800005,13.494662037000069],[120.61419522200003,13.48910294500007],[120.64777054300009,13.488710863000051],[120.65348829100003,13.49237210800004],[120.67247906900002,13.491943779000053],[120.67922616900012,13.488001370000063],[120.721437648,13.479395166000074],[120.73421838000002,13.470384610000053],[120.74723758500011,13.466042472000026],[120.76270750000003,13.464652527000055],[120.77887216900001,13.469991221000043],[120.78582836700002,13.468433221000055],[120.81309063700007,13.478439080000044],[120.84276594900007,13.486814472000049],[120.85515140900009,13.484727092000071],[120.8742962130001,13.497270232000062],[120.8837778190001,13.500751612000045]]],[[[120.304607916,13.682234509000068],[120.32677948900005,13.675167937000026],[120.34005288500009,13.675336285000071],[120.3554997220001,13.666331562000039],[120.3723157390001,13.666223097000056],[120.38004278400001,13.654374891000032],[120.40686980200007,13.654978769000024],[120.41877643700002,13.647378293000031],[120.42319438200002,13.640754578000042],[120.42242618500006,13.626579417000073],[120.40524104500003,13.62868129800006],[120.39874816800011,13.633019374000071],[120.38407600200003,13.635679763000041],[120.38446187200009,13.640805602000057],[120.36719050300007,13.650005990000068],[120.36109514400005,13.650138835000064],[120.34699723400001,13.661066681000023],[120.32895395000003,13.66304811200007],[120.317525423,13.66997045100004],[120.304607916,13.682234509000068]]],[[[120.2902480140001,13.836559649000037],[120.30523502100004,13.831948794000027],[120.30884914300009,13.823301508000043],[120.32353852000006,13.819446562000053],[120.32707639500006,13.807789725000077],[120.33519881200004,13.806161148000058],[120.33004386100004,13.787211295000077],[120.3147125370001,13.78261236700007],[120.31022625100002,13.775112397000044],[120.27706840300004,13.788082510000038],[120.27423348500008,13.806408271000066],[120.26385269500008,13.804629826000053],[120.25999405400012,13.811589532000028],[120.28408713300007,13.814954912000076],[120.28832045100012,13.822622888000069],[120.2845754110001,13.832276659000058],[120.2902480140001,13.836559649000037]]],[[[120.09042471700002,13.864472474000024],[120.10543769700007,13.863482031000046],[120.1325082830001,13.857781291000038],[120.14875890200005,13.849473365000051],[120.1637269260001,13.830203531000052],[120.17187965100004,13.825897433000023],[120.1925120630001,13.825744945000054],[120.20240632100001,13.810935963000077],[120.210547474,13.812238258000036],[120.21158271500008,13.822793041000068],[120.22328628200012,13.820672090000073],[120.23532256200008,13.810009728000068],[120.23964758200009,13.801349999000024],[120.23616282300009,13.792225719000044],[120.25431516600008,13.792349659000024],[120.25596737,13.784109504000071],[120.26374010400002,13.777289721000045],[120.26334825100002,13.765133735000063],[120.26831343000003,13.75094542200003],[120.27887556600001,13.74151861100006],[120.25669138,13.733890734000056],[120.25065965100009,13.725849982000057],[120.25305381500004,13.716661677000047],[120.26866719600002,13.705411269000024],[120.27568368700008,13.704371559000037],[120.2877367960001,13.711167919000047],[120.28690590100007,13.698434228000053],[120.29098108700009,13.68325823300006],[120.27996166100002,13.687601585000039],[120.26877970600003,13.670376759000021],[120.253754963,13.695526272000052],[120.25391911500003,13.702342792000024],[120.23451918400008,13.711482340000032],[120.21577379100006,13.713653806000025],[120.20985288100007,13.728197713000043],[120.20298017800008,13.733987002000049],[120.18478645900007,13.740772915000036],[120.17434889700007,13.736791960000062],[120.15617198300004,13.746355251000068],[120.15377221200004,13.758943768000051],[120.13992146500004,13.764983045000065],[120.12897845600003,13.764820290000046],[120.12119734300006,13.769867473000033],[120.11178104300006,13.781731384000068],[120.09956424900008,13.785622679000028],[120.09088033500007,13.810024699000053],[120.09427551300007,13.835650970000074],[120.08468640800004,13.839152030000037],[120.0767946410001,13.850167382000052],[120.09042471700002,13.864472474000024]]],[[[120.03979579400004,13.899117207000074],[120.04596729200011,13.896655501000055],[120.05479034600012,13.885160261000067],[120.05726840300008,13.872208980000039],[120.04642129700005,13.866545960000053],[120.03134108600011,13.877655533000052],[120.02204174300005,13.881558981000069],[120.0180315130001,13.888869303000035],[120.02539039300007,13.897023877000038],[120.03979579400004,13.899117207000074]]]]}},{"type":"Feature","properties":{"name":"Oriental Mindoro","psgc":"175200000","island_group":"luzon"},"geometry":{"type":"MultiPolygon","coordinates":[[[[121.38200935500004,12.27981346000007],[121.38579824300007,12.26817574000006],[121.37738320100004,12.263820448000047],[121.36903452000001,12.27853846000005],[121.38200935500004,12.27981346000007]]],[[[121.44418680900003,12.383747792000065],[121.45957411600011,12.376062309000076],[121.4555389090001,12.368678937000027],[121.44521940400011,12.369210033000059],[121.44418680900003,12.383747792000065]]],[[[121.24350371600008,12.207783105000033],[121.24089554400007,12.243143603000021],[121.242770747,12.26584895800005],[121.24686917500003,12.291886716000022],[121.23585117000005,12.319666766000068],[121.2294951020001,12.411468316000025],[121.23222803800002,12.440650479000055],[121.23510219400009,12.48842621700004],[121.23873678200005,12.522414437000066],[121.24943248000011,12.545303128000057],[121.2586164600001,12.650692021000054],[121.261273361,12.694725695000045],[121.25628676000008,12.728058734000058],[121.2587411290001,12.756897567000067],[121.2470242930001,12.826554369000064],[121.24354899100001,12.899506232000022],[121.24529862100007,12.923056417000055],[121.24308735500006,12.978253805000065],[121.23957866800004,13.010270545000026],[121.24088143400002,13.065091710000047],[121.18545674800009,13.081633324000052],[121.16962748900005,13.093317855000066],[121.11848852900005,13.105488950000051],[121.00383125200005,13.180538426000055],[120.97327831700011,13.197198405000051],[120.95167571400009,13.206755686000065],[120.90952363600002,13.227908476000039],[120.86773544400012,13.24703289200005],[120.80067606600005,13.280248262000043],[120.88701512600005,13.422209404000057],[120.88823823500002,13.477842441000064],[120.8837778190001,13.500751612000045],[120.89353463000009,13.498677563000058],[120.90720043700003,13.511006996000049],[120.92562996000004,13.51236847000007],[120.92996438800003,13.508258492000039],[120.95138102900012,13.502527110000074],[120.96108561300002,13.511072528000057],[120.96447492900006,13.526339248000056],[120.98270434900007,13.514996027000052],[120.9779344750001,13.50763542900006],[120.96015278100003,13.501621362000037],[120.95517496100001,13.496466357000031],[120.96717637800009,13.483595361000027],[120.97407608900005,13.469282908000025],[120.98633922700003,13.470611877000067],[121.00447005,13.44986128000005],[121.01823722200004,13.442102721000026],[121.02601607600002,13.429339635000076],[121.03652270300006,13.418454498000074],[121.04824382100003,13.413857041000028],[121.06271574900006,13.403941213000053],[121.08034670800009,13.40898418300003],[121.08964079700002,13.415864738000039],[121.10268151100001,13.41832149000004],[121.13686785700008,13.410699704000024],[121.15683770700002,13.411272395000026],[121.18064761100004,13.416046794000067],[121.19355146100008,13.423536272000035],[121.1973501550001,13.435961060000068],[121.20892174800008,13.41780985400004],[121.228124062,13.403561861000071],[121.2415374410001,13.384665269000038],[121.25292419700008,13.372678608000058],[121.28215342800002,13.35823719700005],[121.30427189000011,13.343813746000023],[121.31198979400006,13.329594243000031],[121.33152966900002,13.311268459000075],[121.3551221990001,13.285412675000032],[121.36863839000011,13.264595626000073],[121.370585935,13.257500578000077],[121.38118818300006,13.247343767000075],[121.37929628300003,13.239255101000026],[121.39211750200002,13.241213793000043],[121.39506600700008,13.237064050000072],[121.41496520700002,13.237473138000041],[121.43094262400007,13.225800853000067],[121.43711886900007,13.225055503000021],[121.44449154000006,13.214681650000045],[121.44516360600005,13.197195043000022],[121.44964697800003,13.189870744000075],[121.44342134600004,13.180079034000073],[121.43537209600004,13.160066680000057],[121.43908012600002,13.149932461000049],[121.4603963730001,13.138778923000075],[121.47518638500003,13.135852767000074],[121.48775644400007,13.146953412000073],[121.52556322300006,13.143245814000068],[121.53545781600008,13.139913221000029],[121.53934947400012,13.13165933700003],[121.5494830350001,13.121850763000054],[121.55833375500004,13.09583275600005],[121.55643824000003,13.088544728000045],[121.54127613900005,13.07473331600005],[121.51935326800003,13.065036367000062],[121.50507314900005,13.054728030000035],[121.489714305,13.028993634000074],[121.48600780000004,13.01639771500004],[121.4860682320001,12.998690951000071],[121.49233328100001,12.977559220000046],[121.4983428160001,12.939006965000033],[121.48302260000003,12.90474150700004],[121.48232636500006,12.895593463000068],[121.48602638600005,12.870013973000027],[121.49452013900009,12.848849236000035],[121.48381367500008,12.82751277500006],[121.48410368000009,12.814695025000049],[121.47937043000002,12.802111601000036],[121.482990717,12.793081432000065],[121.47593590800011,12.774380036000025],[121.48373513000001,12.756633674000057],[121.50011549600003,12.738214836000054],[121.51552108500005,12.737990702000047],[121.5174892770001,12.72478396300005],[121.53858612700003,12.696092925000073],[121.53944089100003,12.68590791400004],[121.54817716100001,12.670486760000074],[121.54829623600006,12.642310922000036],[121.5545837740001,12.623621039000056],[121.55695189700009,12.604407211000023],[121.5311622690001,12.59528798100007],[121.51597444700008,12.577349776000062],[121.50808458800009,12.551439806000076],[121.4907083490001,12.537698184000021],[121.46643758800008,12.524508035000053],[121.4627182270001,12.518003430000022],[121.44315023000001,12.521801367000023],[121.4348944510001,12.50930287600005],[121.44297051600006,12.504209718000027],[121.43746543200007,12.491435255000056],[121.43985548100011,12.48158021300003],[121.42166002800002,12.462847746000023],[121.42517368000006,12.453356174000021],[121.40966251400005,12.444514043000027],[121.41313713800002,12.433187173000022],[121.41452184100001,12.409827519000032],[121.41745266100008,12.399392327000044],[121.414447891,12.39185128500003],[121.42855874000008,12.385048640000036],[121.44141219100004,12.366788049000036],[121.44370767900011,12.355286048000039],[121.42531793100011,12.35981596800002],[121.41347500300003,12.367208874000028],[121.39295155700006,12.366567519000057],[121.38407667800004,12.36253177900005],[121.38451815100007,12.33488187000006],[121.38789933700002,12.326228978000074],[121.38722144400003,12.311250700000073],[121.39307065100002,12.308289884000033],[121.40115387800006,12.29474551900006],[121.39658539400011,12.285951252000075],[121.38324929900011,12.29552637200004],[121.37849283100002,12.283884029000035],[121.36963684300008,12.289903053000046],[121.37326404100008,12.296619049000071],[121.36463924700001,12.308852030000025],[121.36178671100004,12.324090474000059],[121.34516088500004,12.325955426000064],[121.33193730100004,12.294139467000036],[121.30531764200009,12.293491780000068],[121.2964992840001,12.286198196000043],[121.27904720900005,12.287470806000044],[121.27414600300006,12.277368976000048],[121.26389846600011,12.267229776000022],[121.26294614100004,12.238838823000037],[121.24789841900008,12.21003799600004],[121.24350371600008,12.207783105000033]]]]}},{"type":"Feature","properties":{"name":"Palawan","psgc":"175300000","island_group":"luzon"},"geometry":{"type":"MultiPolygon","coordinates":[[[[117.06552744600003,8.080091683000035],[117.0719354580001,8.076373904000036],[117.0774480560001,8.062950142000034],[117.08052469000006,8.046066218000021],[117.077618518,8.003180147000023],[117.06454406000012,8.002077831000065],[117.05208231000006,7.990901214000075],[117.05365822600004,7.984709767000027],[117.07504911300009,7.991416359000027],[117.08086636200005,7.963678203000029],[117.08136938000007,7.940720495000051],[117.08591886300007,7.933044318000043],[117.08654084300008,7.911597197000049],[117.08030891200008,7.903621752000049],[117.07057648200009,7.900315486000068],[117.06764102500006,7.886992713000041],[117.0788698450001,7.880177994000064],[117.07253069800004,7.862712239000075],[117.06061554100006,7.842148719000022],[117.0464610890001,7.831186143000025],[117.02774366000006,7.812708530000066],[117.01015433100008,7.804620066000041],[116.993377484,7.814250108000067],[116.99632701500002,7.823651539000025],[116.98956554900008,7.849153883000042],[116.9826023710001,7.853887833000044],[116.9804771580001,7.865299709000055],[116.96498660100008,7.898524670000029],[116.95148390400004,7.918148871000028],[116.9416572780001,7.913349792000076],[116.92886449600007,7.935494727000048],[116.94224658500002,7.929612115000054],[116.96561367900006,7.948248781000075],[116.96720784200011,7.961474294000027],[116.9602799910001,7.990336163000052],[116.9522231090001,8.001007160000029],[116.95993208100003,8.014181088000043],[116.95484995100003,8.028886051000029],[116.96650318000002,8.054158980000068],[116.97278052600007,8.048262919000024],[116.9716229920001,8.04082270500004],[116.96315022500005,8.030932918000076],[116.97523512500004,8.020266116000073],[116.97862235600007,8.025873256000068],[116.98872579700003,8.025957623000068],[116.99537337000004,8.034028306000039],[117.00029005300007,8.050796594000076],[116.99819024600004,8.062562950000029],[117.02519950500005,8.066976191000037],[117.042872396,8.06645243500003],[117.05214126500005,8.075508557000035],[117.06552744600003,8.080091683000035]]],[[[117.10670039000001,8.092460218000042],[117.11102139700006,8.08251408600006],[117.10740004700006,8.071172681000064],[117.09810879500003,8.072442156000022],[117.10670039000001,8.092460218000042]]],[[[117.028958525,8.13001756500006],[117.03796469500003,8.128243272000077],[117.0513280030001,8.116840387000025],[117.05382573500003,8.09865650300003],[117.06128522200004,8.082673407000073],[117.04395148900005,8.081524999000067],[117.0219591990001,8.070693047000077],[117.00750413500009,8.076539453000066],[117.00381808100008,8.082765810000069],[116.99077134900006,8.09039417100007],[116.99035530900005,8.098844998000061],[116.99832402100003,8.10948686200004],[117.0243577550001,8.128743199000041],[117.028958525,8.13001756500006]]],[[[117.13053658800004,8.135096235000049],[117.1363636640001,8.125588420000042],[117.15439187700008,8.11725171200004],[117.14873795400001,8.111878958000034],[117.13699214700011,8.120090272000027],[117.13053658800004,8.135096235000049]]],[[[117.14015332200006,8.179950629000075],[117.18514197700006,8.177222358000051],[117.19543905700004,8.172938152000029],[117.20384380500002,8.164180392000048],[117.20178052500012,8.151466583000058],[117.1724509820001,8.14858842500007],[117.14854163500002,8.15127003400005],[117.14525232500011,8.158369110000024],[117.13167920400008,8.173516107000069],[117.14015332200006,8.179950629000075]]],[[[117.0811001620001,8.248246230000063],[117.09832363900011,8.247354549000022],[117.11674196400008,8.239647682000054],[117.1265166290001,8.223699803000045],[117.12429074500005,8.215269375000048],[117.1157085100001,8.212679708000053],[117.09056054500002,8.213988701000062],[117.08073703000002,8.221759640000073],[117.0811001620001,8.248246230000063]]],[[[117.3069265790001,8.330478263000032],[117.32462826100004,8.323826540000027],[117.33811241900003,8.308162647000074],[117.34340645200007,8.308028334000028],[117.352212602,8.290773534000039],[117.35268321500007,8.280698080000036],[117.34899225400011,8.266410174000043],[117.34397624400003,8.259573528000033],[117.342360514,8.240450096000075],[117.34667132000004,8.211932746000059],[117.3369111720001,8.195634533000032],[117.3121846680001,8.188616065000076],[117.29550945300002,8.178032381000037],[117.28021881100005,8.195070435000048],[117.26947334600004,8.201438535000023],[117.26281150900002,8.209508570000025],[117.26402610200012,8.22141864300005],[117.271216116,8.244689854000057],[117.26724471400007,8.267746027000044],[117.26962280200007,8.276960833000032],[117.2666297180001,8.284736399000053],[117.27021292500001,8.312495434000027],[117.2789972380001,8.32278500600006],[117.29491622600005,8.314979021000056],[117.3042810930001,8.322946990000048],[117.3069265790001,8.330478263000032]]],[[[117.23108121000007,8.338854892000029],[117.23359751500004,8.333362633000036],[117.22299148800005,8.31456801400003],[117.240788414,8.308194155000024],[117.2475963170001,8.316509448000033],[117.25948720400004,8.31210763100006],[117.26199471300004,8.305578381000032],[117.25679944400008,8.288269680000042],[117.23876693400007,8.276108039000064],[117.22897900100008,8.266499295000074],[117.2177421020001,8.261894753000036],[117.20917411900007,8.265771624000024],[117.1757155890001,8.255559969000046],[117.17603895400009,8.267214826000043],[117.16439019500001,8.284267956000065],[117.17599639600007,8.284434483000041],[117.19204962900005,8.289920795000057],[117.19675713000004,8.29666063600007],[117.21176761400011,8.307867731000044],[117.22477137200008,8.325264536000077],[117.23108121000007,8.338854892000029]]],[[[118.44078088900005,9.248988835000034],[118.44072795900001,9.237144227000044],[118.45294571200009,9.236072445000048],[118.45773584100004,9.225422249000076],[118.45209871000009,9.21317865800006],[118.44212567200009,9.209938418000036],[118.42545569700007,9.213457235000021],[118.43331881400002,9.225879365000026],[118.4312181900001,9.239133106000054],[118.44078088900005,9.248988835000034]]],[[[118.6285802760001,9.46208034600005],[118.63218055300001,9.448613153000053],[118.62712079000005,9.43685443000004],[118.611699928,9.431102361000057],[118.61014912000007,9.446565002000057],[118.6177712540001,9.450473027000044],[118.6285802760001,9.46208034600005]]],[[[121.23045128600006,9.645014720000063],[121.22589161500002,9.616609655000047],[121.22795531100007,9.60164431000004],[121.20163547900006,9.58332176500005],[121.19959862500002,9.576209045000041],[121.18839310500005,9.56730271500004],[121.18588260500007,9.577761003000035],[121.205996421,9.596560064000073],[121.22256745000004,9.606327172000022],[121.22103195000011,9.619994680000048],[121.22451461600008,9.63879077100006],[121.23045128600006,9.645014720000063]]],[[[118.92196739200006,9.940244060000055],[118.93134238400012,9.931165523000061],[118.9234534200001,9.926161121000064],[118.91720253500011,9.93238881600007],[118.92196739200006,9.940244060000055]]],[[[119.2404558830001,10.127435525000067],[119.2468330260001,10.116213965000043],[119.2470563280001,10.103149761000054],[119.23847727400005,10.086469984000075],[119.22941453600004,10.092777761000036],[119.23371674100008,10.101106920000063],[119.23273512300011,10.122501470000032],[119.2404558830001,10.127435525000067]]],[[[119.015651047,10.442270862000044],[119.02620557000012,10.435032019000062],[119.02207777100011,10.420233948000032],[119.01572203,10.422064359000046],[119.01173270800007,10.433460818000071],[119.015651047,10.442270862000044]]],[[[119.06909012100004,10.512517925000054],[119.08189924400006,10.500184451000052],[119.0773020800001,10.489272542000037],[119.06853295300004,10.490435151000042],[119.05609625500006,10.50432765000005],[119.06909012100004,10.512517925000054]]],[[[119.16086065600007,10.592758097000058],[119.15652905900004,10.582436565000023],[119.16597311800001,10.570651059000056],[119.14987512000005,10.565791252000054],[119.14818768700002,10.559082772000068],[119.13829261300009,10.55475038700007],[119.12608776800005,10.564413795000064],[119.135327587,10.569189676000065],[119.12572397400004,10.577453956000056],[119.1395226090001,10.58041720600005],[119.16086065600007,10.592758097000058]]],[[[119.82768619100011,10.652520525000057],[119.84132396300004,10.64100908000006],[119.86587431700002,10.63186610400004],[119.87528637600008,10.624023080000029],[119.89423868000006,10.614042601000051],[119.90545534400007,10.60081967800005],[119.93927177300009,10.607775547000074],[119.952013899,10.600796947000049],[119.96609833100001,10.597860294000043],[119.97492427800012,10.601941786000054],[119.983452972,10.599544904000027],[119.9918949800001,10.589686056000062],[119.9904701690001,10.57953770100005],[119.99574698700008,10.570210755000062],[120.00310869900011,10.567195078000054],[119.99880664500006,10.557011744000022],[119.98761310000009,10.551771760000065],[119.98942101000011,10.564762809000058],[119.97836359300004,10.569899277000047],[119.97221294100007,10.549220405000028],[119.98583004500006,10.536574901000051],[119.98080726800004,10.529634932000022],[119.97091704600007,10.530932875000076],[119.95840995900005,10.517499832000055],[119.948474701,10.518762908000042],[119.9357101280001,10.527794568000047],[119.936083155,10.507443945000034],[119.92890943000009,10.505224045000034],[119.92419398600009,10.518478420000065],[119.91324254400001,10.517633364000062],[119.90985961400008,10.531597141000077],[119.90176368100003,10.547768556000051],[119.8892399240001,10.551718281000035],[119.88578187300004,10.547639815000025],[119.89662711000005,10.535891390000074],[119.89806200700002,10.521236827000052],[119.9053305110001,10.521596266000074],[119.90903579200005,10.506595022000056],[119.92348747200003,10.48349877000004],[119.91260205800006,10.474648337000076],[119.90092818900007,10.482344390000037],[119.89663231400004,10.479449587000033],[119.8784152390001,10.481215574000032],[119.86676003700006,10.485874715000023],[119.85840212200003,10.478552358000059],[119.87573930700012,10.462938321000024],[119.86697321200006,10.459131180000043],[119.85055843000009,10.458267532000036],[119.83240664800007,10.451877041000046],[119.8152559880001,10.442902668000045],[119.79672772900005,10.451796175000027],[119.78100470900006,10.453565802000071],[119.77400306100003,10.450589290000039],[119.76260460900005,10.463948583000047],[119.7697581330001,10.472080616000028],[119.76529850600002,10.494922219000046],[119.76863112900003,10.505889610000054],[119.76421927800004,10.513150626000026],[119.76334143400004,10.531166504000055],[119.74421101700011,10.529701815000067],[119.74357209900006,10.542276215000072],[119.74991283600002,10.549291499000049],[119.75187019400005,10.560442991000059],[119.76147621500002,10.565102287000059],[119.78137066300008,10.559018263000041],[119.7917301110001,10.545907885000076],[119.80300030600006,10.569279541000071],[119.80469610500006,10.587453396000058],[119.82281603000001,10.59858808000007],[119.82591319300002,10.609289844000045],[119.83413739100001,10.61259614200003],[119.83330885400005,10.635270991000027],[119.82768619100011,10.652520525000057]]],[[[120.24608706600009,10.674788703000047],[120.25403068800006,10.661000386000069],[120.25429148,10.652004606000048],[120.2480964240001,10.640640833000077],[120.24209151000002,10.65944518200007],[120.24608706600009,10.674788703000047]]],[[[120.26581969900008,10.71283865600003],[120.26987023800007,10.704993607000063],[120.26627221900003,10.69521826700003],[120.2533254650001,10.707629225000062],[120.25584709700001,10.715202299000055],[120.26581969900008,10.71283865600003]]],[[[119.69850003400006,10.728203948000044],[119.6962937300001,10.710434028000066],[119.70239611600005,10.700295727000025],[119.69327450600008,10.687443246000043],[119.68971361800004,10.697883772000068],[119.69026381600008,10.716286179000065],[119.69850003400006,10.728203948000044]]],[[[120.90005692000011,10.739189042000021],[120.90907635700012,10.733988296000064],[120.89971764200004,10.723323579000066],[120.89209609700004,10.734226454000066],[120.90005692000011,10.739189042000021]]],[[[120.9822364040001,10.829290502000049],[120.98675487000003,10.824333325000055],[120.98366810000005,10.812303536000059],[120.96823751400007,10.809452624000073],[120.96484127100007,10.825048135000031],[120.9822364040001,10.829290502000049]]],[[[119.62579422400006,10.838149714000053],[119.63600912100003,10.822976150000045],[119.64131768000004,10.821388589000037],[119.63953523100008,10.802304064000054],[119.63050177200012,10.802575878000027],[119.63119033900011,10.811466776000032],[119.62148797400005,10.828723650000029],[119.62579422400006,10.838149714000053]]],[[[119.63424981900005,10.867567380000025],[119.63067682000008,10.854358061000028],[119.62153652100005,10.85748604400004],[119.63424981900005,10.867567380000025]]],[[[119.34601018800004,10.880331553000076],[119.34353541400003,10.868603476000033],[119.331052838,10.868285883000055],[119.33202907700002,10.876457051000045],[119.34601018800004,10.880331553000076]]],[[[121.19795161400009,10.893401875000052],[121.20729494200009,10.889255899000034],[121.20100386800004,10.879078346000028],[121.194098101,10.88639439900004],[121.19795161400009,10.893401875000052]]],[[[121.06687377700007,10.907999898000071],[121.07550204400002,10.905791091000026],[121.07990477100009,10.895248637000066],[121.07600732900005,10.890009604000056],[121.06177175800008,10.883671389000028],[121.06138247900003,10.875467621000041],[121.0775308210001,10.867603196000061],[121.08103309500007,10.852314685000067],[121.05896726500009,10.84012142000006],[121.06545684700006,10.808134601000063],[121.0549426990001,10.805125652000072],[121.04962254800012,10.808353038000064],[121.03943435700012,10.798623529000054],[121.0257443050001,10.798788633000072],[121.01266037700009,10.806054566000057],[120.99881225100012,10.830588231000036],[121.00728003200004,10.843104891000053],[121.00637703500001,10.855062665000048],[121.05312012500008,10.882755278000047],[121.0518662720001,10.904913987000043],[121.06687377700007,10.907999898000071]]],[[[120.723918894,10.971570295000049],[120.73411217400007,10.964221186000032],[120.72783850500002,10.954072555000039],[120.72230683300006,10.956801276000022],[120.7192904200001,10.967985369000075],[120.723918894,10.971570295000049]]],[[[121.21718262900004,10.980083414000035],[121.23179912400008,10.973482918000059],[121.2249358040001,10.96545192800005],[121.20954636700003,10.970096168000055],[121.21718262900004,10.980083414000035]]],[[[120.94945859600011,10.99851134100004],[120.95953661900012,10.991307006000056],[120.96506573300007,10.980212307000045],[120.958984772,10.974772192000046],[120.94620341600012,10.973749403000056],[120.9383062170001,10.98509879900007],[120.93998830900011,10.99458375000006],[120.94945859600011,10.99851134100004]]],[[[119.2915019300001,11.02299570300005],[119.30412972300007,11.015237177000074],[119.29943250600002,10.99994360200003],[119.28902862900009,10.983499818000041],[119.29279620900002,10.966413776000024],[119.30051666700001,10.956671465000056],[119.29196328100011,10.948058464000042],[119.27157124400003,10.966048401000023],[119.26262756800008,10.984694335000029],[119.27406572100006,10.997249968000062],[119.268996119,11.003351447000057],[119.27327652100007,11.014337073000036],[119.2915019300001,11.02299570300005]]],[[[119.73100162700007,11.03025790700002],[119.74635519700007,11.016796616000022],[119.73646187300005,11.007992476000027],[119.72722871300004,11.017771113000038],[119.73100162700007,11.03025790700002]]],[[[119.70814201000007,11.057499886000073],[119.71445974200003,11.054794257000026],[119.71809276200008,11.034469374000025],[119.70284623900011,11.026564786000051],[119.69849972500003,11.031124086000034],[119.6987227300001,11.053195905000052],[119.70814201000007,11.057499886000073]]],[[[119.68450696900004,11.072104945000035],[119.69513188100007,11.06552501300007],[119.6911738550001,11.046947572000022],[119.68669632300009,11.046533104000048],[119.6746879850001,11.029071385000066],[119.67166656100005,11.032728855000073],[119.6718679390001,11.055049150000059],[119.6859610890001,11.065961861000062],[119.68450696900004,11.072104945000035]]],[[[119.392306415,11.098549238000032],[119.40233150200004,11.092208649000042],[119.40824722900004,11.082847210000068],[119.39009814400004,11.085682421000058],[119.38669343700008,11.093421791000026],[119.392306415,11.098549238000032]]],[[[119.58496897100008,11.100130372000024],[119.58953390300007,11.087560051000025],[119.6004704390001,11.091240286000073],[119.60633928200002,11.083065401000056],[119.62100082100005,11.088451242000076],[119.61701170800006,11.065960490000066],[119.62516920100006,11.036835061000033],[119.6426270070001,11.024870940000028],[119.64230122600009,11.015757679000046],[119.6358817260001,11.009756713000058],[119.6275717850001,11.011908113000061],[119.62222862300007,11.022440317000076],[119.61050786600003,11.004990422000049],[119.59746994700004,11.011752303000037],[119.59853513700011,11.031817194000041],[119.57868035000001,11.03710140000004],[119.57026117800001,11.043513282000049],[119.56170017000011,11.043115919000059],[119.56020757700003,11.062664794000057],[119.569878431,11.074601726000026],[119.57247572100005,11.082600567000043],[119.58496897100008,11.100130372000024]]],[[[119.68776960900004,11.123053654000046],[119.69241852300001,11.118872744000043],[119.6911963340001,11.106963345000054],[119.69798242500008,11.102521316000036],[119.69727682500002,11.093810118000022],[119.68806348700002,11.081975872000044],[119.68258671100011,11.103138667000053],[119.67722470600006,11.100542522000069],[119.66702198400003,11.12171313500005],[119.67542411000011,11.125365163000026],[119.68776960900004,11.123053654000046]]],[[[119.3199266470001,11.159263923000026],[119.32421932700004,11.15270145900007],[119.3174567430001,11.143831251000051],[119.3049022240001,11.145306909000055],[119.30960668800003,11.155708299000025],[119.3199266470001,11.159263923000026]]],[[[120.97864360400001,11.173845162000077],[120.98767833200009,11.167989745000057],[120.98734085600006,11.154200958000047],[120.97451045000003,11.145738852000022],[120.96596420700007,11.133666032000065],[120.95520985400003,11.132131381000022],[120.94563768500007,11.13511094200004],[120.93849580900007,11.14383980100007],[120.93841399300004,11.153240027000038],[120.94758436200004,11.160132171000043],[120.961537356,11.161428178000051],[120.97864360400001,11.173845162000077]]],[[[119.5987259740001,11.196637718000034],[119.62493005300007,11.189003290000073],[119.63090239700011,11.17500738700005],[119.62509588800003,11.162078350000058],[119.60617950200003,11.150651934000052],[119.60171879400002,11.159451197000067],[119.59249915300006,11.14146071700003],[119.58466324200003,11.147064693000061],[119.57387975000006,11.139092551000033],[119.56387438900003,11.137638337000055],[119.55557535000003,11.151696697000034],[119.55613454600007,11.173240365000026],[119.564305912,11.179715489000046],[119.58195934700007,11.17936609000003],[119.58959281800003,11.174936720000062],[119.59207451000009,11.19330825000003],[119.5987259740001,11.196637718000034]]],[[[119.25921472000005,11.226420522000069],[119.26651057000004,11.219605095000077],[119.2722344660001,11.196709326000075],[119.253802145,11.214719518000038],[119.25921472000005,11.226420522000069]]],[[[119.3475004280001,11.247065373000055],[119.35389410500011,11.236874469000043],[119.3596267800001,11.218941972000039],[119.37540600400007,11.217263030000026],[119.37631573200008,11.203332075000048],[119.36688221000009,11.201415681000071],[119.357717621,11.208703447000062],[119.34575585900006,11.209347370000046],[119.34057976600002,11.216024331000028],[119.34535208900002,11.223485408000045],[119.3475004280001,11.247065373000055]]],[[[120.9365918630001,11.257996927000022],[120.94457586500005,11.246976170000039],[120.94059802800007,11.234950664000053],[120.93389330600007,11.231037356000058],[120.92594741200003,11.234367337000037],[120.92348079800001,11.24305303400007],[120.92847665900001,11.255165356000077],[120.9365918630001,11.257996927000022]]],[[[119.71433708100005,11.257295553000063],[119.72983983400002,11.25251449500007],[119.69961176600009,11.236217289000024],[119.70163383500005,11.247117894000041],[119.70762088000004,11.247852959000056],[119.71433708100005,11.257295553000063]]],[[[119.62801687100011,11.263156987000059],[119.63419667000005,11.25820619500007],[119.62493081800005,11.231536633000076],[119.61980988900007,11.237352705000035],[119.62801687100011,11.263156987000059]]],[[[120.68862931900003,11.320567012000026],[120.69643330500003,11.318099466000035],[120.69346320800003,11.306298712000057],[120.687411827,11.297861986000044],[120.67727429500007,11.30838587200003],[120.67714783200006,11.318520016000036],[120.68862931900003,11.320567012000026]]],[[[119.6903665210001,11.32562673600006],[119.69607791100009,11.31199114900005],[119.68989582100005,11.295248232000063],[119.67872084700002,11.281901288000029],[119.68105169300009,11.271988374000045],[119.67692832300008,11.263085355000044],[119.665889278,11.268924533000074],[119.65707313000007,11.292212753000058],[119.65647060300012,11.299432553000031],[119.66323170400005,11.309256764000054],[119.67669519800006,11.309875913000042],[119.6903665210001,11.32562673600006]]],[[[120.08985885600009,11.392219754000052],[120.10066623300008,11.383327558000076],[120.10705307500007,11.386419906000071],[120.11370660400007,11.377677364000021],[120.10816217500007,11.364194518000033],[120.09108792600011,11.365757245000054],[120.09001927700001,11.378539598000032],[120.09436770500008,11.38432331100006],[120.08985885600009,11.392219754000052]]],[[[119.47685016300011,11.425364440000067],[119.47897508400001,11.421174175000033],[119.4980125830001,11.418415164000066],[119.50855862800006,11.400642144000074],[119.50510230400005,11.379587309000044],[119.5098076910001,11.36451672100003],[119.50724285000001,11.356483547000039],[119.51124409700003,11.346641159000058],[119.50893200100006,11.336583448000056],[119.51666669800011,11.32625482800006],[119.53679789300008,11.321802545000025],[119.54513507600007,11.334802700000068],[119.5517476230001,11.336428626000043],[119.55588162000004,11.318867453000053],[119.56138617400006,11.311906019000048],[119.56235640600005,11.298900694000054],[119.56792755600009,11.291647956000077],[119.56464086400001,11.280772383000055],[119.56629245900001,11.271702345000051],[119.56289112200011,11.257583961000023],[119.55520686000011,11.239724024000054],[119.5546638940001,11.21764250800004],[119.54055942200011,11.196939346000022],[119.53828922000002,11.174726067000051],[119.52801634500008,11.159813374000066],[119.51499156300008,11.147167305000039],[119.50652042700005,11.145445313000039],[119.50051873100006,11.13418835300007],[119.50239699400004,11.125465423000037],[119.51010509200012,11.116885671000034],[119.512249988,11.098080246000052],[119.52520865800011,11.09367386200006],[119.5311051540001,11.083253723000041],[119.53096062600002,11.075731795000024],[119.53746344700005,11.06881461300003],[119.56018800600009,11.084503417000064],[119.55967112600001,11.075689594000039],[119.55112284400002,11.062017360000027],[119.55790836100005,11.05343190900004],[119.55874141200002,11.041705542000045],[119.56615057200008,11.024220281000055],[119.56829796800002,11.000847316000034],[119.54628579300004,11.000384140000051],[119.537248,11.013656440000034],[119.52432908500009,11.010344403000033],[119.52062031800006,11.016036023000026],[119.50231278000001,11.007514337000032],[119.49905852400002,10.995269621000034],[119.49266304500009,10.990507414000035],[119.49369210100008,10.963981011000044],[119.48751828700006,10.96145182600003],[119.49623140200003,10.948564220000037],[119.49522313600005,10.941002739000055],[119.49894671800007,10.925129391000041],[119.49258788400005,10.912194764000049],[119.49000418300011,10.89189594100003],[119.48392315100011,10.88101066300004],[119.48409554400007,10.873523718000058],[119.509123412,10.861163488000045],[119.51279143800002,10.845980489000056],[119.50912372500011,10.840355656000042],[119.51062670700003,10.82911582500003],[119.52332732400009,10.826678668000056],[119.53309716700005,10.814521736000074],[119.55080807500008,10.826452679000056],[119.57478886800004,10.838432822000073],[119.58645884400005,10.836754265000025],[119.59905537300006,10.813615302000073],[119.59078094900008,10.807469559000026],[119.59532078000007,10.79814239700005],[119.58285177000005,10.773384720000024],[119.59398995400011,10.771191826000063],[119.59456570100008,10.759594743000036],[119.58701335800004,10.745835966000072],[119.58976477700003,10.734671801000047],[119.60085634600011,10.725105513000074],[119.59310148600002,10.718997966000074],[119.59514733000003,10.708816202000037],[119.58469656700004,10.693551454000044],[119.58636495500002,10.686964414000045],[119.57523839600003,10.678806721000058],[119.5704309360001,10.665955216000043],[119.57591336100006,10.659257835000062],[119.58739001200001,10.669192018000047],[119.59303248900005,10.661867734000054],[119.60196893600005,10.670306734000064],[119.61201251000011,10.664025856000023],[119.62492745000009,10.669756419000066],[119.63224319500011,10.686452683000027],[119.64553604600007,10.676468764000049],[119.64826259000006,10.664628745000073],[119.64485307000007,10.657251813000073],[119.62718520400006,10.653746664000039],[119.63660424800003,10.641307187000052],[119.6396804640001,10.622717540000053],[119.64532612000005,10.60674864400005],[119.65332153700001,10.598358543000074],[119.66301853800007,10.573396084000024],[119.66179002900003,10.560639468000034],[119.67385266800011,10.556275649000042],[119.67095001700011,10.547104490000038],[119.69107371300004,10.544231349000029],[119.69796113400002,10.538950054000054],[119.69954943500011,10.526315752000073],[119.70796610000002,10.53197235600004],[119.71706543900007,10.518931880000025],[119.71731490700006,10.509287198000038],[119.69592247000003,10.492989613000077],[119.67679518500006,10.49260724800007],[119.65825372200004,10.471849226000074],[119.65292698400003,10.461074127000074],[119.63114003200008,10.443175820000022],[119.61959866000007,10.442136702000028],[119.59488919400007,10.42180958800003],[119.58813523700007,10.419817453000064],[119.57592148800006,10.400685485000054],[119.57069413400006,10.373167121000051],[119.53613906400005,10.369495849000032],[119.52151262000007,10.36326478500007],[119.49711198800003,10.365876035000042],[119.48482708400002,10.372583753000072],[119.47488994500009,10.370324933000063],[119.46331728000007,10.37585561800006],[119.44538022600011,10.369933856000046],[119.43450961000008,10.355873799000051],[119.4277843970001,10.352194394000037],[119.41488240900003,10.35553150000004],[119.4058829380001,10.347184038000023],[119.38031222000006,10.34618739800004],[119.36516760300003,10.340381293000064],[119.35565800600011,10.328696126000068],[119.35246195200011,10.315052385000058],[119.33213536400001,10.31497905200007],[119.32175788600011,10.30850074600005],[119.30040233800003,10.284735903000069],[119.29445093800007,10.283697551000046],[119.2856866950001,10.263340365000033],[119.28496190800001,10.255674724000073],[119.26706139800001,10.240011751000054],[119.24990779600012,10.215711946000056],[119.2420632950001,10.19465017500005],[119.2465550500001,10.181854460000068],[119.23429852400011,10.178181006000045],[119.22886617200004,10.167379315000062],[119.23140898800011,10.149033111000051],[119.22415046800006,10.139048870000067],[119.22717710500001,10.118737873000043],[119.21892090500012,10.103627037000024],[119.21614630900001,10.074231174000033],[119.20346742800007,10.06145953500004],[119.19711689400003,10.047823479000044],[119.18074612100008,10.043345288000069],[119.16605291300004,10.032536882000045],[119.14698617200008,10.02599200900005],[119.106767869,10.023440434000065],[119.07771982800011,10.018166431000054],[119.07200837100004,10.01248470400003],[119.03031758100008,10.004182091000075],[119.0223532010001,9.998169436000069],[119.00321048400008,9.997265147000064],[118.9837852600001,9.986234674000059],[118.96136762800006,9.983197459000053],[118.94965985500005,9.98369014900004],[118.93925174300011,9.977982936000046],[118.9248328430001,9.97978487000006],[118.91250193600001,9.974749907000046],[118.89723949900008,9.979414373000054],[118.88185959900011,9.981267445000071],[118.85322624900004,9.97185199300003],[118.84177547400009,9.962149143000033],[118.82255668900007,9.93810415300004],[118.79807167100012,9.939605027000027],[118.79143179700009,9.94487657600007],[118.77474789700011,9.939184430000068],[118.76996629100006,9.92911715400004],[118.75786911000012,9.932005317000062],[118.74609137200002,9.912414196000043],[118.74104554900009,9.896524113000055],[118.7474044700001,9.882567278000067],[118.74316137500011,9.866279744000053],[118.7457128740001,9.857480182000074],[118.74174260400002,9.844382341000028],[118.75604841300003,9.827164089000064],[118.7548494020001,9.815081468000074],[118.76436583800012,9.815941469000052],[118.77197933100001,9.805950923000069],[118.7738743970001,9.771878566000055],[118.7719580810001,9.767922346000034],[118.7726911310001,9.728759030000049],[118.76887049200002,9.72155927800003],[118.75655249300007,9.727060876000053],[118.7335466610001,9.72971526200007],[118.72750089300007,9.74195489400006],[118.73686073500005,9.74445399700005],[118.73373582900001,9.761212278000073],[118.7356848390001,9.773436901000025],[118.7144876860001,9.770657293000056],[118.70649575300001,9.775358608000033],[118.69166256000005,9.769642778000048],[118.69317176800007,9.748040304000028],[118.697139418,9.743925080000054],[118.70065522200002,9.728695593000054],[118.69451117300002,9.723253587000045],[118.69944205600007,9.708872523000025],[118.72462465100011,9.70814524800005],[118.70754330000011,9.680894023000064],[118.71961947000011,9.684603163000077],[118.72399982600007,9.695064800000068],[118.7325933080001,9.698175844000048],[118.73125360900008,9.68415047600007],[118.74466365900003,9.682602117000044],[118.7559254470001,9.690337460000023],[118.7619447720001,9.687291197000036],[118.76059294900006,9.666600343000027],[118.7477345740001,9.657253222000065],[118.7405199430001,9.662324020000028],[118.73466857100004,9.653520488000026],[118.72268639100002,9.657259404000058],[118.72094327400009,9.648422922000066],[118.734732957,9.642067616000077],[118.722323716,9.625857359000065],[118.70354834800003,9.610417011000038],[118.69577498700005,9.591597773000046],[118.69531847500002,9.584766012000046],[118.67881488000012,9.569979878000026],[118.67492726900002,9.561979798000038],[118.66074944800005,9.559793249000052],[118.6550926650001,9.55040249600006],[118.65288240100006,9.538373525000054],[118.64530460800006,9.527065160000063],[118.64437398300004,9.51486593200002],[118.63780639200002,9.50473792400004],[118.62908580600003,9.508970439000052],[118.62207986300007,9.505238916000053],[118.62291592300005,9.488138529000025],[118.61100129300007,9.485013499000047],[118.60313254500011,9.462653548000048],[118.58643370000004,9.455351452000059],[118.5868755140001,9.442199419000076],[118.574574417,9.442578785000023],[118.56569604600008,9.423902356000042],[118.5684969030001,9.420398958000021],[118.55436192700006,9.410327934000065],[118.53774696300002,9.388674387000037],[118.53613674500002,9.371558392000054],[118.54432447800002,9.369974933000037],[118.52536914400002,9.354743337000059],[118.51684687900001,9.331388662000052],[118.50576690100002,9.329889302000026],[118.49948684900005,9.32120687500003],[118.49559861600005,9.307298091000064],[118.48462151900003,9.298813873000029],[118.47315348300003,9.302871950000053],[118.4600036170001,9.298530092000021],[118.45249986800002,9.291698489000055],[118.44413149500008,9.277570173000072],[118.43555094200008,9.280957659000023],[118.42634842700011,9.274460865000037],[118.42051909700001,9.263820891000023],[118.41619847600009,9.24577834400003],[118.39808183100001,9.243201162000048],[118.37107198700005,9.214357041000028],[118.36227562700003,9.209062429000028],[118.36060564000002,9.195948954000073],[118.34283907300005,9.177744185000051],[118.32945129300003,9.17387235800004],[118.30938558000003,9.181982687000072],[118.29594307200011,9.18265554200002],[118.26776364000011,9.17564648900003],[118.24467415400011,9.164953045000061],[118.22033038900008,9.157519119000028],[118.21603673200002,9.168217508000055],[118.19192492200011,9.15882220800006],[118.1816638040001,9.151713034000068],[118.17438455800004,9.154992658000026],[118.15199455700008,9.144864410000025],[118.14533810000012,9.136545948000048],[118.13957042200002,9.146307006000029],[118.13330812100003,9.14871610800003],[118.12201352700004,9.142825825000045],[118.11476892400003,9.11591240100006],[118.1050307810001,9.102799152000046],[118.10616583300009,9.078369616000032],[118.10194077300002,9.061322522000069],[118.10238962900007,9.052021484000022],[118.09407093400011,9.045670699000027],[118.08959853400006,9.053131757000074],[118.07722024500003,9.046680691000063],[118.07754305900005,9.037571754000055],[118.08553305700002,9.030202554000027],[118.08086658400009,9.014326547000053],[118.07362547000002,9.00888502500004],[118.05969833900008,9.008959384000036],[118.06739763200005,8.998567390000062],[118.05513465800004,8.990457344000049],[118.06047647700007,8.98629393300007],[118.04035011100007,8.947273817000053],[118.02995025200005,8.94505687700007],[118.024562779,8.92159263000002],[118.00903306700002,8.895734851000043],[118.00351801800002,8.881273704000023],[117.98986736800009,8.881375915000035],[117.98140920800006,8.869739090000053],[117.9634648870001,8.872436995000044],[117.94842275300005,8.864097572000048],[117.94017393000001,8.85390465100005],[117.93144631700011,8.850631306000025],[117.92627028700008,8.843014529000072],[117.91915470600009,8.84593452200005],[117.90788191800004,8.843055881000055],[117.89689237200002,8.831174740000051],[117.8850604160001,8.826796842000022],[117.88212960300007,8.81874583800004],[117.87317721600004,8.81748089100006],[117.863331764,8.798921808000046],[117.86212135500011,8.791501152000023],[117.85334144100011,8.788151363000054],[117.8395527890001,8.77087655400004],[117.82216568400008,8.77460043900004],[117.806993594,8.765912264000065],[117.80257032700001,8.753521858000056],[117.78538199700006,8.72762550400006],[117.77935209600003,8.71418490800005],[117.7592463520001,8.704731904000027],[117.7419052680001,8.686958493000077],[117.71381634700003,8.682640331000073],[117.70130680400007,8.686733053000069],[117.68340053000009,8.679635494000024],[117.67417916500006,8.669239590000075],[117.64545553700009,8.66603225700004],[117.6241486560001,8.657228287000066],[117.60377485300012,8.66322880100006],[117.58904312800007,8.672442873000023],[117.57093423300012,8.67583200100006],[117.563835476,8.67210985500003],[117.55395742400003,8.65764819900005],[117.53540787800011,8.63999485100004],[117.53885082800002,8.63565604200005],[117.5308547940001,8.625196067000047],[117.53914473600003,8.615289713000038],[117.54708947800009,8.596792179000033],[117.5381492140001,8.565440451000029],[117.52792602000011,8.55634260200003],[117.5138412770001,8.533883933000027],[117.50114933200007,8.501052905000051],[117.4861196710001,8.494690152000032],[117.47863046500004,8.508114885000055],[117.46287670900006,8.509293355000068],[117.46511920900002,8.517500659000063],[117.45254070800002,8.516272744000048],[117.4532309970001,8.505432679000023],[117.43946201200004,8.500584591000063],[117.43147439000006,8.503294291000032],[117.42583026500006,8.498067454000022],[117.41456581300008,8.499626009000053],[117.39743755400002,8.489272988000039],[117.37294803800012,8.494061152000029],[117.36609274400007,8.479821098000059],[117.33073698600003,8.45428011000007],[117.31998273500005,8.450707496000064],[117.31355920700003,8.441729440000074],[117.290443922,8.425353200000075],[117.28337692600007,8.41040791200004],[117.27347903900011,8.412680864000038],[117.26116521300003,8.405648340000027],[117.24020061200008,8.370675104000043],[117.22941055800004,8.362364530000036],[117.21162165500004,8.35503222400007],[117.21854262400007,8.350889926000036],[117.213199572,8.339917496000055],[117.202590299,8.331071219000023],[117.18187861900003,8.332586315000071],[117.17424600900006,8.340622559000053],[117.17357486500009,8.351346319000072],[117.17738698900007,8.368599954000047],[117.18629210300003,8.383304090000024],[117.1956484640001,8.40892051700007],[117.20355512000003,8.41357049100003],[117.20687288600004,8.425030182000057],[117.21470898300004,8.430325159000063],[117.2162510600001,8.447601667000072],[117.21409359900008,8.464292941000053],[117.21897316200011,8.477826698000058],[117.21118073700006,8.489097490000063],[117.21428845600008,8.501541412000051],[117.22220096100011,8.506907973000068],[117.22457658700012,8.51463609700005],[117.22093743800008,8.525858490000076],[117.23948645400003,8.539017138000077],[117.23492520000002,8.548946585000067],[117.24353797700007,8.559102819000032],[117.24711728500006,8.568423315000075],[117.2597757100001,8.573843874000033],[117.26518434700006,8.581025226000065],[117.25361097000007,8.60568313400006],[117.2619920200001,8.61008057500004],[117.27042733500002,8.604218543000059],[117.27712832000009,8.606765499000062],[117.27911163400006,8.628189809000048],[117.2943069910001,8.654547770000022],[117.30993414600005,8.667452370000035],[117.32709681100005,8.673600590000035],[117.33323063500006,8.690036862000056],[117.32650751100005,8.698176626000077],[117.34662312300009,8.713227608000068],[117.34894117200008,8.73153172700006],[117.35759996900003,8.73436722300005],[117.3687807660001,8.746788163000076],[117.37756392800009,8.750493173000052],[117.38691170100003,8.748312566000038],[117.39506662400004,8.751694487000066],[117.4087240990001,8.751781557000072],[117.42090846100007,8.756777133000071],[117.42548281600011,8.771928452000054],[117.41924218400004,8.785826770000028],[117.43121560200007,8.801693434000072],[117.44883605700011,8.810820986000067],[117.45515372800003,8.810544659000072],[117.45626350900011,8.82477018000003],[117.46523887500007,8.83853821300005],[117.4677834370001,8.852890950000074],[117.47953680700004,8.856239215000073],[117.4936650630001,8.874796842000023],[117.4909206640001,8.888314330000071],[117.50623219200008,8.894687309000062],[117.51092882400008,8.906993199000055],[117.52918206200002,8.920988350000073],[117.53186441500009,8.927601571000025],[117.54422605000002,8.93536819700006],[117.54741453500003,8.956657273000076],[117.57196984900008,8.956703576000052],[117.58348604000003,8.962298756000052],[117.59468196900002,8.980406472000027],[117.609880642,8.993587895000076],[117.62146731700011,8.999535212000069],[117.62144068500004,9.03011345300007],[117.62991608400012,9.034269119000044],[117.6318780260001,9.04450292100006],[117.63977929100008,9.048250254000038],[117.659342121,9.066254059000073],[117.66372294900009,9.073955730000023],[117.67403805200001,9.069136480000054],[117.6892410700001,9.075875887000052],[117.69152870200003,9.08918906100007],[117.7002937100001,9.079034635000028],[117.69975717000011,9.070459981000056],[117.71193803300002,9.060256266000067],[117.72780832600006,9.065011285000026],[117.73645735900004,9.062992182000073],[117.74882349600011,9.070351965000043],[117.75175977200001,9.083665761000077],[117.75881574200002,9.094789327000058],[117.75418295700001,9.109353482000074],[117.75911007500008,9.112144321000073],[117.76191598500009,9.128087795000056],[117.7679962420001,9.135444647000043],[117.77705725600003,9.137018263000073],[117.77806973400004,9.152703520000046],[117.77573074500003,9.164873870000065],[117.78805316300009,9.176025429000049],[117.79752202800012,9.176151806000064],[117.80447968800001,9.181450546000065],[117.80845342200007,9.194526966000069],[117.82701396400012,9.189176278000048],[117.83481188700011,9.201112829000067],[117.84684206000009,9.206639694000046],[117.85544343800007,9.217517641000029],[117.86550204500008,9.213941832000046],[117.8720763990001,9.228044537000073],[117.88462778400003,9.234875751000061],[117.88343862200009,9.244200973000034],[117.9059648860001,9.261184596000021],[117.92278397900009,9.26140276600006],[117.92949821000002,9.252623852000056],[117.942546536,9.258031379000045],[117.94658352400006,9.252042559000074],[117.96234483800004,9.270334768000055],[117.9725625100001,9.271912364000059],[117.9823733830001,9.280002707000051],[117.98527165300004,9.27057955400005],[117.97932010400007,9.263569329000063],[117.97794303,9.251691205000043],[117.99228157100004,9.238887359000046],[118.00447647600004,9.246631396000055],[118.01286308400006,9.241723991000072],[118.02111466100007,9.244348813000045],[118.02792846300008,9.252875336000045],[118.02265750600009,9.262379972000076],[118.03762152000002,9.277570590000039],[118.04999731600003,9.281420685000057],[118.04680516600001,9.295055982000065],[118.05193909800005,9.300014098000077],[118.06588069700001,9.299690938000026],[118.07240328600005,9.303476235000062],[118.07344072800004,9.312179588000049],[118.08691778100001,9.316072912000038],[118.08993095200003,9.323793501000068],[118.08786521700006,9.33408607900003],[118.09961923700007,9.338412021000067],[118.10571485900005,9.328452398000024],[118.11605160300007,9.339778719000037],[118.12652813900002,9.34249545800003],[118.12445408600001,9.356940705000056],[118.11675969600003,9.367920259000073],[118.11644032100003,9.375141436000035],[118.12637337100011,9.381535535000069],[118.12908577700011,9.398199158000068],[118.14278956800001,9.395497248000027],[118.16548448700007,9.403605027000026],[118.1723911690001,9.402097539000067],[118.18613211200011,9.411007157000029],[118.18912220700008,9.42108584500005],[118.18920583800002,9.437978042000054],[118.19836457600002,9.458500111000035],[118.199347138,9.473107908000031],[118.20543286200007,9.473945929000024],[118.21163184700004,9.486397431000057],[118.23020399800009,9.496011933000034],[118.23660467200011,9.49197857300004],[118.2442966320001,9.507886627000062],[118.25391648800007,9.51486529500005],[118.27136265200011,9.521310654000047],[118.27655487100003,9.531387729000073],[118.28650675200004,9.538753945000053],[118.289072228,9.549883886000032],[118.29525114800003,9.559168667000051],[118.3107475170001,9.573637361000067],[118.32835423600011,9.58032158800006],[118.33389157400006,9.591432596000061],[118.34099109800002,9.615964035000047],[118.33095488100003,9.630659741000045],[118.3407093940001,9.648942681000051],[118.35519467900008,9.656344344000047],[118.37340446500002,9.64493331500006],[118.38526643900002,9.652700075000041],[118.39177124600008,9.662691531000064],[118.40707057500003,9.663829399000065],[118.40914953900005,9.686928297000065],[118.419732113,9.69474810500003],[118.42268230200011,9.703311327000051],[118.43279004100009,9.715038804000073],[118.44301574600001,9.720151756000064],[118.4486715050001,9.727814756000043],[118.4559584970001,9.726967865000063],[118.462755248,9.733170013000063],[118.47543260200007,9.732640199000059],[118.49101248700003,9.749941910000075],[118.5024902780001,9.759274951000066],[118.51222529300003,9.760783814000035],[118.52177362100008,9.777284723000037],[118.54092378700011,9.80069899700004],[118.54065985200009,9.806378584000072],[118.55380124400006,9.816136520000043],[118.56833757800007,9.834682202000067],[118.56918126800008,9.847500382000021],[118.57614750100004,9.848180435000074],[118.588921808,9.855846730000053],[118.59435536600006,9.867886789000067],[118.60619905700003,9.871529703000022],[118.61417441200001,9.888184416000058],[118.60642985800007,9.908108423000044],[118.60992701300006,9.916161936000037],[118.61925093500008,9.915818212000033],[118.64598631600006,9.937721488000022],[118.64228142700006,9.947540803000038],[118.64789041000006,9.953126973000053],[118.64681521200009,9.96407268300004],[118.65474563900011,9.964684215000034],[118.66336100400008,9.97544633800004],[118.6614532970001,9.981841755000062],[118.652182175,9.98273647700006],[118.64926668300006,9.999769394000054],[118.66060880100008,9.998572241000034],[118.66310769800009,10.005647829000054],[118.67311557800008,10.012061458000062],[118.67852914200012,10.009812701000044],[118.69297406200008,10.019328639000037],[118.69213076100004,10.028635307000059],[118.72147976500003,10.035079865000057],[118.72763991800002,10.043046289000074],[118.72529400700012,10.059316565000074],[118.73706720400003,10.080879578000065],[118.745830866,10.08481192000005],[118.74659775900011,10.106350152000061],[118.763588174,10.113989508000031],[118.77158316200007,10.102397881000059],[118.76705384500008,10.087735394000049],[118.77351128100008,10.085780286000045],[118.77383096100004,10.070986850000054],[118.74663873500003,10.079242119000071],[118.74317749800002,10.072413133000055],[118.75215400500008,10.06484019000004],[118.77304623200007,10.061359154000058],[118.77616898500003,10.049587646000077],[118.77307308000002,10.038289514000041],[118.77451903500003,10.024450365000064],[118.79589881900006,10.023350998000069],[118.79560022400005,10.032527261000041],[118.80815629300002,10.028180729000042],[118.80976751100002,10.03476485400006],[118.80647575900002,10.051868188000071],[118.80915518300003,10.062444492000054],[118.82144989800008,10.08185383600005],[118.82331602800002,10.09358278700006],[118.83005717200001,10.102728695000053],[118.82701283500012,10.111490783000022],[118.81022310600008,10.111396713000033],[118.80741316100011,10.124164414000063],[118.81343952400005,10.13272293600005],[118.80923416600001,10.152468602000056],[118.81227008300004,10.164631154000062],[118.80470512800002,10.174015218000022],[118.80830714500007,10.184233822000067],[118.80608380900003,10.192632269000057],[118.81966098300006,10.196086636000075],[118.83116246200007,10.186357530000066],[118.84452367800009,10.190085510000074],[118.85007603200006,10.202828863000036],[118.86219267600006,10.20945567900003],[118.8807303970001,10.209037704000025],[118.89718570900004,10.196290431000023],[118.91544034300011,10.20140189600005],[118.92672596500006,10.200444485000048],[118.93648759500002,10.205777753000064],[118.94363912100005,10.219864091000034],[118.95069645500007,10.241205104000073],[118.95104340000012,10.256299501000058],[118.95941739500006,10.275136187000044],[118.95889396300004,10.283039841000061],[118.97115812000004,10.288551476000066],[118.9780550700001,10.298975339000037],[118.99094380200006,10.301476283000056],[119.00145192800005,10.316677851000065],[118.99657166100008,10.321872800000051],[119.01186065600007,10.343435516000056],[119.02017146300011,10.350146848000065],[119.01863837500002,10.375389713000061],[119.00686934900011,10.371563661000039],[118.99601234600004,10.353461505000041],[118.9868166330001,10.351417200000071],[118.97556938100001,10.356070424000052],[118.96829338700002,10.363481188000037],[118.9835509080001,10.376856295000039],[118.9812931680001,10.386905093000053],[118.9910987940001,10.390763814000024],[118.98670274800008,10.407121332000031],[118.99540258200011,10.410812183000075],[119.00145875400005,10.40255034200004],[119.02134809800009,10.407858990000022],[119.02419332200009,10.416500196000072],[119.03635278900003,10.408833784000024],[119.04885957800002,10.39075000300005],[119.0571996440001,10.386423664000063],[119.07314860000008,10.397333967000066],[119.07626031000007,10.409298801000034],[119.07002974200009,10.416204211000036],[119.08485462300007,10.421928362000074],[119.09661793600003,10.420585868000046],[119.09731728000008,10.42768766100005],[119.10492628400004,10.434951458000057],[119.09380784000007,10.442719375000024],[119.0903294950001,10.451997486000039],[119.09102400100005,10.47063974300005],[119.09697031500002,10.482755078000025],[119.113088145,10.474115725000047],[119.10375665600009,10.46780633700007],[119.11083718800012,10.459599340000068],[119.11381404200006,10.446256281000046],[119.1191261130001,10.445115229000066],[119.11372128200003,10.422709519000023],[119.11481907900009,10.406930153000076],[119.126321759,10.383836061000068],[119.139059341,10.381394607000061],[119.14403022400006,10.398831818000076],[119.16399442700003,10.413119779000056],[119.1710742250001,10.410066226000026],[119.17880912800001,10.415834208000035],[119.1774258050001,10.427201632000049],[119.18796113300004,10.433280943000057],[119.19104651400005,10.452168480000068],[119.19866728200009,10.456932875000064],[119.21283245300003,10.460004845000071],[119.21439570600012,10.475630636000062],[119.22672492100003,10.486068938000074],[119.25540266400003,10.483593241000051],[119.26291122400005,10.50220528500006],[119.26854661300001,10.507077692000053],[119.26498719500012,10.51860120400005],[119.25348016100008,10.525299135000068],[119.24832490900008,10.533557646000077],[119.23939740700007,10.531616424000049],[119.23853404500005,10.544354488000067],[119.24754185300003,10.545414214000061],[119.25603745700005,10.53696859300004],[119.26595958000007,10.538816828000051],[119.28446129400004,10.54956945400005],[119.29237591900005,10.556569326000044],[119.30585995000001,10.574338978000071],[119.30934868600002,10.582631099000025],[119.3182603890001,10.590779605000023],[119.32430839200003,10.608153663000053],[119.31760845100007,10.613846916000057],[119.32703406200005,10.640241666000065],[119.33006327500004,10.669267997000077],[119.34054743900003,10.697177284000077],[119.34346088000007,10.715168686000027],[119.34266719200002,10.735804763000033],[119.32909373900009,10.74691248800002],[119.32320406500003,10.746735452000053],[119.32414012800007,10.760112367000033],[119.31789121300005,10.769395168000074],[119.30312273100003,10.775435053000024],[119.27505004500006,10.764524035000022],[119.26716627300004,10.78032898300006],[119.26198427300005,10.801393756000039],[119.26424900300003,10.810147671000038],[119.26065234600003,10.818950212000061],[119.26525984400007,10.825360815000067],[119.25201215000004,10.83791407800004],[119.24158756000008,10.833386404000066],[119.24134593300005,10.845941568000057],[119.23203246100002,10.843602683000029],[119.22308128000009,10.849395552000033],[119.212252164,10.846645801000022],[119.21002998600011,10.86011572800004],[119.23609045400008,10.854274729000053],[119.23783147800009,10.873129052000024],[119.24358643500011,10.882611518000033],[119.25905686400006,10.890284234000035],[119.24989535200007,10.90309448000005],[119.2414771120001,10.907641076000061],[119.22934742000007,10.903823276000026],[119.22442109200006,10.91476614100003],[119.2323787680001,10.932572144000062],[119.22812997800008,10.938783876000059],[119.2169570750001,10.93777334500004],[119.22076870400008,10.951379531000043],[119.22935785200002,10.948089120000077],[119.23881066800004,10.95222876500003],[119.24421873400001,10.94564271300004],[119.23579346000008,10.92886323600004],[119.24549905300012,10.921522204000041],[119.24376001500002,10.91054319500006],[119.2546160600001,10.91312622700002],[119.25958485300009,10.918770381000058],[119.25118535500008,10.930266852000045],[119.2634509290001,10.944628558000034],[119.27406283800008,10.935088318000055],[119.27588934500011,10.923207914000045],[119.28287673300008,10.922687383000039],[119.28455483900007,10.912795158000051],[119.27768193300005,10.892373488000032],[119.2968957170001,10.892956198000036],[119.28882361700005,10.882831500000066],[119.27501788300003,10.884167140000045],[119.27005224600009,10.865317110000035],[119.29290314500008,10.872802723000063],[119.28796497100006,10.85258086400006],[119.29290136800012,10.844816280000032],[119.3121893770001,10.829242086000022],[119.32422124000004,10.826603627000054],[119.3240625950001,10.817192555000076],[119.34193517200003,10.814143929000068],[119.35078946300007,10.806360222000023],[119.36323938100008,10.803475993000063],[119.36739566400001,10.789452742000037],[119.38554184700001,10.794142048000026],[119.39221433300008,10.780059034000033],[119.40364913200006,10.772508807000065],[119.39671084600002,10.75600174400006],[119.4073406440001,10.752667127000052],[119.41824838800005,10.758262872000046],[119.42744531300002,10.740588352000032],[119.42894727600003,10.721912523000071],[119.44233035400009,10.725335708000046],[119.45387074100006,10.72080999700006],[119.46049434500003,10.722948317000032],[119.45877022600007,10.73896221900003],[119.45334687700006,10.74788841000003],[119.4507562870001,10.761617792000038],[119.44512129500004,10.768751121000037],[119.4444466440001,10.784710030000042],[119.43953286100009,10.796138897000048],[119.43838870700006,10.823152996000033],[119.45020871700001,10.82789103500005],[119.45447247200002,10.841341037000063],[119.45008600500012,10.847831004000057],[119.44182147400011,10.845006301000069],[119.43197561000011,10.848083540000061],[119.4166137630001,10.857845788000077],[119.4185157610001,10.866486653000038],[119.41298107400007,10.871940122000069],[119.38677199300002,10.86929660900006],[119.37445840400005,10.86172147800005],[119.36396679400002,10.874066741000036],[119.35925362600005,10.87310178100006],[119.34114545200009,10.902329592000058],[119.34188193300008,10.910145445000069],[119.34914058700008,10.915619101000061],[119.3611885900001,10.937914685000067],[119.35539260900009,10.946149632000072],[119.33798590900005,10.945267361000049],[119.32742837800004,10.936742415000026],[119.31838950600002,10.944350387000043],[119.30854690400008,10.96366537700004],[119.3093944850001,10.984830302000034],[119.30431438300002,11.005697674000032],[119.32040017600002,11.032381629000042],[119.32965535200003,11.024628036000024],[119.33038868500012,11.009658061000039],[119.33851186600009,10.995386487000076],[119.34795296900006,10.990909222000028],[119.34786723600007,11.002607298000044],[119.35803843100007,10.999634008000044],[119.36366969900007,11.006123307000053],[119.34540174000006,11.027949522000029],[119.333500834,11.031034723000062],[119.32808692600008,11.038975185000027],[119.33248123500005,11.050572394000028],[119.32791524400011,11.060255572000074],[119.32542218100002,11.07863323500004],[119.326549655,11.094051558000046],[119.33500230100003,11.099162482000054],[119.34633669400012,11.074076102000049],[119.35713763700005,11.06668744500007],[119.36623513600011,11.049137471000051],[119.3754476690001,11.042335051000066],[119.39302337700008,11.034948279000048],[119.414402375,11.03648142700007],[119.41609491600002,11.057785165000041],[119.41552192100005,11.077065922000031],[119.42215137900007,11.080998001000069],[119.41831621100005,11.097282221000057],[119.42395118200011,11.109443217000035],[119.42120470800012,11.127981162000026],[119.42686294600003,11.139125593000074],[119.42369262800003,11.145646286000044],[119.40487144200006,11.14415706400007],[119.39670541100008,11.146682501000043],[119.39676197500012,11.165569950000076],[119.39232598700005,11.170352955000055],[119.37597439600006,11.174538012000028],[119.39161362200002,11.182100640000044],[119.39615963800009,11.19587200500007],[119.41736813500006,11.213048380000032],[119.41596534500002,11.222449566000023],[119.4226598350001,11.233796916000074],[119.41502542100011,11.249822732000041],[119.42065670700003,11.257271538000055],[119.4181242840001,11.266280364000067],[119.41988761100004,11.293457403000048],[119.41618724400007,11.30584430700003],[119.42579873700004,11.317815775000042],[119.43672099300011,11.343454817000065],[119.4428834040001,11.335100727000054],[119.45380175900004,11.33482037500005],[119.45144905500001,11.348011561000021],[119.46405297100011,11.35254887700006],[119.47258767700009,11.362546508000037],[119.47719408300009,11.375326020000045],[119.46954280300008,11.403135621000047],[119.47774972800005,11.404889025000045],[119.4742446350001,11.41460926800005],[119.47685016300011,11.425364440000067]]],[[[120.83045451700002,11.44997767700005],[120.8330870100001,11.444536939000045],[120.85072765600012,11.428930088000072],[120.83453497300002,11.417595701000039],[120.83028870300006,11.421573261000049],[120.82480787100008,11.441818170000033],[120.83045451700002,11.44997767700005]]],[[[120.18490784200003,11.463403189000076],[120.19630666500007,11.455444925000052],[120.19732512200005,11.44966966800007],[120.18251298900009,11.448270067000067],[120.1745659610001,11.43789761100004],[120.16325979300007,11.437720133000028],[120.17813860000001,11.460712141000045],[120.18490784200003,11.463403189000076]]],[[[119.89519991300006,11.505417290000025],[119.89877750100004,11.502575512000021],[119.89967067600003,11.487510537000048],[119.881570194,11.491270303000022],[119.89519991300006,11.505417290000025]]],[[[119.81494800500002,11.519309412000041],[119.83023216200002,11.50925373800004],[119.84579744700011,11.515833684000029],[119.85631789100012,11.507036395000057],[119.86842683500004,11.506232225000076],[119.87120564200006,11.49130255600005],[119.86234720000004,11.463749982000024],[119.86857325000005,11.453241817000048],[119.86142853900003,11.446965158000069],[119.86018970500004,11.435507291000022],[119.8510154820001,11.434049998000035],[119.85512523400007,11.425000072000046],[119.85131665400002,11.413571697000066],[119.84329991200002,11.40891193300007],[119.8304669910001,11.390827233000039],[119.83080181100001,11.377970466000022],[119.81956498900001,11.37648725400004],[119.80849921400011,11.37925331100007],[119.81452908900008,11.387116263000053],[119.81030101200008,11.40245406400004],[119.81597925800008,11.415053516000057],[119.82588686000008,11.419313096000053],[119.82170986900007,11.428822051000054],[119.811471202,11.425618482000061],[119.80119880000007,11.416683689000024],[119.79626777700003,11.423080233000064],[119.78587038600006,11.425625753000077],[119.77486893900004,11.41316295100006],[119.78075986600004,11.40423802600003],[119.7717613750001,11.398473446000025],[119.76082241600011,11.404332838000073],[119.76029114800008,11.419541743000025],[119.74951909700007,11.416809306000061],[119.73610448700003,11.431060025000022],[119.72700752500009,11.433046754000031],[119.73864413600006,11.44806453600006],[119.72597601200005,11.451112046000048],[119.71451666400003,11.465756898000052],[119.71530822500006,11.472008655000025],[119.72933598800012,11.475965207000058],[119.72743381600003,11.466322106000064],[119.73828857600006,11.466601420000075],[119.74437982000006,11.457119659000057],[119.76491052900008,11.451203013000054],[119.77504128100009,11.459252071000037],[119.78229180800008,11.452661641000077],[119.78595655800007,11.46540753100004],[119.77802247800003,11.46985079700005],[119.76571404700007,11.47088358600007],[119.76835094300009,11.480212212000026],[119.78443305400003,11.479919887000051],[119.80102117900003,11.451878247000025],[119.81448878300012,11.45509828300004],[119.80707968500008,11.464549107000039],[119.81158230300002,11.47115357000007],[119.82096221400002,11.468681849000063],[119.82977563200006,11.455980071000056],[119.83535909300008,11.460204291000025],[119.8333736400001,11.473222159000045],[119.84413766400007,11.476135237000051],[119.84751581600005,11.486197678000053],[119.84029593000002,11.497931548000054],[119.83305181700007,11.497293856000056],[119.82761906200005,11.505064271000037],[119.81469230300002,11.508758342000021],[119.81494800500002,11.519309412000041]]],[[[119.95393719200001,11.657218723000028],[119.95924494500002,11.650216426000043],[119.96646832800002,11.65476723100005],[119.9725285070001,11.639143686000068],[119.95856553400006,11.640610164000066],[119.94965108600002,11.653968839000072],[119.95393719200001,11.657218723000028]]],[[[120.10824462500011,11.664713243000051],[120.12178628900006,11.656471104000047],[120.10851503600009,11.650338112000043],[120.10824462500011,11.664713243000051]]],[[[120.17484008000008,11.783699399000056],[120.18888748200004,11.779808575000061],[120.19328653500008,11.76528984500004],[120.1930344110001,11.754856808000056],[120.18099800200002,11.750948153000024],[120.17521426400003,11.742135043000076],[120.15203041500001,11.753531758000065],[120.14415158400004,11.75092924200004],[120.139633333,11.76060805000003],[120.15116516700004,11.76715716700005],[120.18333082000004,11.75643169500006],[120.17484008000008,11.783699399000056]]],[[[120.31724205000012,11.85076155300004],[120.319525225,11.841995479000047],[120.30991091800001,11.831501339000056],[120.30761019500005,11.844401982000022],[120.31724205000012,11.85076155300004]]],[[[120.07238993100009,11.851293799000075],[120.08168355400005,11.844346579000046],[120.10043881500008,11.846220201000051],[120.10073323200004,11.824573888000032],[120.1144011770001,11.828628184000024],[120.11552086400002,11.818982170000027],[120.10478382400004,11.812643237000032],[120.09545173600009,11.81641585400007],[120.08285741400005,11.826915774000042],[120.0817813320001,11.832026851000023],[120.06939789500007,11.847322017000067],[120.07238993100009,11.851293799000075]]],[[[120.04313249200004,11.934205789000032],[120.05419527100003,11.93314435800005],[120.06678919100011,11.925641462000044],[120.0675679530001,11.916167851000068],[120.0587977670001,11.914594209000029],[120.04435937800008,11.920786289000034],[120.04313249200004,11.934205789000032]]],[[[119.99648395600002,11.969884311000044],[120.0197604660001,11.952253134000046],[120.00463314400008,11.947938549000071],[119.996652691,11.94928651600003],[119.99167102100012,11.941689874000076],[119.98354360500002,11.948755413000072],[119.98768978600003,11.967208572000061],[119.99648395600002,11.969884311000044]]],[[[119.90267817900008,11.979596301000072],[119.91465992300004,11.96948463900003],[119.92123271700007,11.95723319900003],[119.94150408900009,11.949741544000062],[119.95302965500002,11.95274501800003],[119.95904417400004,11.942225381000071],[119.95185082300009,11.94008530900004],[119.94423639500008,11.930041587000062],[119.95851716200002,11.913784498000041],[119.969663018,11.919666980000045],[119.97947690300009,11.920396236000045],[119.99879324400001,11.934264075000044],[120.0123729390001,11.933867419000023],[120.02374406000001,11.925702927000032],[120.02863445300011,11.914648714000066],[120.0170395780001,11.914872138000021],[119.9870070500001,11.899946112000066],[119.99313034500005,11.892786553000064],[120.0038977700001,11.898126580000053],[120.02238704700005,11.892881936000038],[120.0202946820001,11.88270901900006],[120.04934077200005,11.875527866000027],[120.06205358800003,11.869953615000043],[120.07324287300003,11.859165289000032],[120.06316848400002,11.85696075800007],[120.04793563100009,11.84606760500003],[120.03728557900001,11.854464151000059],[120.03442276800001,11.848182088000044],[120.044240177,11.836727893000045],[120.03515029200003,11.83245014800002],[120.03812098600008,11.808440304000044],[120.05556912200007,11.80475091300002],[120.06036668000002,11.796149521000075],[120.0714997550001,11.785828554000034],[120.05720140000005,11.780231419000074],[120.034984054,11.75764510600004],[120.04277433100003,11.753484172000071],[120.0536566610001,11.759935128000052],[120.05474366800001,11.740611411000032],[120.04545870200002,11.734460979000062],[120.04569200100002,11.716583849000074],[120.03725765500008,11.717680289000043],[120.02528171100005,11.70658357700006],[120.0210243790001,11.697790515000065],[120.00535746100002,11.691242697000064],[120.0023599430001,11.67737309100005],[119.98662654300006,11.67846711900006],[119.98580556800005,11.66981566100003],[119.97195611500001,11.678650598000047],[119.96265286900007,11.662339356000075],[119.95267300400008,11.661246548000065],[119.95310532000008,11.671847699000068],[119.94631673900005,11.680562861000055],[119.93726507600002,11.723405445000026],[119.94073286200012,11.734046755000065],[119.96394178100002,11.748552317000076],[119.97097787200005,11.762828556000045],[119.99188650100007,11.775873949000072],[119.99086888500005,11.796418731000074],[119.98454284600007,11.800708025000063],[119.97280477800007,11.790501824000046],[119.96346413000003,11.800351703000047],[119.9590559940001,11.786599327000033],[119.96279678700012,11.76761687100003],[119.96115233800003,11.763025809000055],[119.94445274100008,11.763615709000021],[119.92857051300007,11.76029132900004],[119.92260928100006,11.767548476000059],[119.9255394170001,11.774388121000072],[119.91969598900005,11.785033552000073],[119.91038531200002,11.791596276000064],[119.91176340900006,11.805245424000077],[119.9053260290001,11.822275800000057],[119.89518367800008,11.828461830000037],[119.91525864500011,11.843903111000031],[119.90660724100007,11.853996923000068],[119.89491204400008,11.861051845000077],[119.89060216300004,11.877990809000039],[119.88221309500011,11.876336534000075],[119.86947701800011,11.896553526000048],[119.86860809100006,11.911822593000068],[119.87234939100006,11.925619182000048],[119.86045345500008,11.933445405000043],[119.84600953900008,11.947369869000056],[119.85158608000006,11.956208505000063],[119.86612557400008,11.94162073700005],[119.87388135700007,11.94374609600004],[119.87556315300003,11.93348344900005],[119.88673929300012,11.934092289000034],[119.89435246700009,11.944231375000072],[119.88372663700011,11.955971436000027],[119.87501217500005,11.953694591000044],[119.87215840100009,11.969493285000055],[119.88622172100008,11.978180816000076],[119.89086995900004,11.96968509100003],[119.90267817900008,11.979596301000072]]],[[[119.94345904400006,11.981617301000028],[119.95892241700005,11.977244816000052],[119.9685417720001,11.96523413400007],[119.95758744900002,11.963557970000068],[119.95371304500009,11.95596345100006],[119.93706575800002,11.959137902000066],[119.94406246000005,11.969904502000077],[119.94345904400006,11.981617301000028]]],[[[119.87214718300004,11.982463594000023],[119.86088735700002,11.974173115000042],[119.85404063100009,11.975356285000032],[119.84687651200011,11.966692195000064],[119.83997926200004,11.950252121000062],[119.8349208520001,11.958180731000027],[119.84727845700002,11.981652491000034],[119.86338954100006,11.979998248000072],[119.87214718300004,11.982463594000023]]],[[[120.24527796200005,11.98714489200006],[120.27205810500004,11.968468073000054],[120.26613601200006,11.959851970000045],[120.27365969000004,11.952383265000037],[120.27649378600006,11.935001208000074],[120.26484135800001,11.914779319000047],[120.2533712290001,11.917675210000027],[120.24903726200012,11.908548790000054],[120.2597376110001,11.885346017000074],[120.25892988200007,11.863853493000022],[120.25295101600011,11.850808043000029],[120.24654617300007,11.848782809000056],[120.25252356700003,11.830228891000047],[120.25807666300011,11.827438482000048],[120.25464883000006,11.815183395000076],[120.23668757200005,11.846676940000066],[120.23083109700008,11.879588656000067],[120.22017303900009,11.89912208000004],[120.2089642840001,11.911243351000053],[120.20400283800006,11.926367038000024],[120.19475718500007,11.933499636000022],[120.1934383790001,11.949474251000026],[120.20838726900001,11.944639743000039],[120.21592959700001,11.95725522600003],[120.22952725500011,11.962647627000024],[120.24235949600006,11.974661295000033],[120.24527796200005,11.98714489200006]]],[[[120.18030328300006,11.992650570000023],[120.19607987600011,11.981973649000054],[120.19737110400001,11.968484600000068],[120.18930854100006,11.966307714000038],[120.17806836900002,11.975673768000036],[120.17681617900007,11.98197177700007],[120.16312822200007,11.975880914000072],[120.1389133350001,11.97006023800003],[120.13278625300006,11.974493490000043],[120.1352738810001,11.991906135000022],[120.14560952600004,11.98635527700003],[120.16734326300002,11.98275923400007],[120.18030328300006,11.992650570000023]]],[[[120.06134090500007,11.995306208000045],[120.07298306300004,11.987185018000048],[120.08247217500002,11.96957818900006],[120.08251060300006,11.96016443700006],[120.06691406300001,11.961323840000034],[120.06134090500007,11.995306208000045]]],[[[119.9473727620001,11.996040480000033],[119.96108147600012,11.987142406000032],[119.95045834200005,11.983171106000043],[119.93592400800003,11.986413700000071],[119.93582100100002,11.993796548000034],[119.9473727620001,11.996040480000033]]],[[[119.84017923400006,12.000360687000068],[119.85473497700002,11.998302152000065],[119.8518162690001,11.989464878000035],[119.8362767430001,11.988357223000037],[119.84017923400006,12.000360687000068]]],[[[120.14697522200004,12.01988822900006],[120.1615593040001,12.008066166000049],[120.16973831100006,12.00994922700005],[120.17946217800011,12.006111911000062],[120.17752346700001,11.99842099700004],[120.15839077500004,12.005318463000037],[120.14697522200004,12.01988822900006]]],[[[119.90652664100003,12.037222963000033],[119.91597090000005,12.024392177000038],[119.91023258500002,12.018853837000051],[119.90652664100003,12.037222963000033]]],[[[119.8718589990001,12.167588238000064],[119.87642383000002,12.157397672000059],[119.87318839000011,12.139566496000043],[119.8749336940001,12.12443412400006],[119.86762282900008,12.120017984000071],[119.8650065600001,12.141372790000048],[119.86803912200003,12.16393417100005],[119.8718589990001,12.167588238000064]]],[[[120.13841642800003,12.199445995000076],[120.15419733300007,12.187325131000023],[120.15698563400008,12.17997925000003],[120.17978328000004,12.160847482000065],[120.18481265100002,12.162759334000043],[120.19786907000002,12.15552513700004],[120.19247150000001,12.14932662700005],[120.1847538290001,12.155920619000028],[120.17483504300003,12.157122283000035],[120.16165615600005,12.17158818200005],[120.1556622170001,12.170064797000066],[120.14757059200008,12.178994514000067],[120.15006286800008,12.186604592000037],[120.13841642800003,12.199445995000076]]],[[[120.34870982100006,12.306912428000032],[120.36056749800002,12.304061541000067],[120.36641334100011,12.293841581000038],[120.37176061200012,12.27080599900006],[120.34647978800001,12.302886006000051],[120.34870982100006,12.306912428000032]]],[[[119.89471935400002,12.329604364000033],[119.90553951200002,12.322031684000024],[119.92346293700007,12.319622195000022],[119.92679964800004,12.314318036000031],[119.92313634700008,12.298673587000053],[119.93217387700008,12.28913750700002],[119.93516926100006,12.27944231600003],[119.929646348,12.270133907000059],[119.9485079420001,12.265147042000024],[119.96616752200009,12.270793808000064],[119.98472402100003,12.259233021000057],[119.99732502100005,12.260894207000035],[120.00999376000004,12.25517764400007],[120.022041037,12.239596560000052],[120.028497904,12.239679437000063],[120.04817341500006,12.226660705000029],[120.04954821700005,12.216263456000036],[120.05996328900005,12.201577923000059],[120.06180787200003,12.191802778000067],[120.0760111400001,12.189712529000076],[120.08538281100004,12.195390819000067],[120.08755367100002,12.203413381000075],[120.09922474700011,12.200938834000056],[120.09354974700011,12.173577697000042],[120.10577655400004,12.17143598000007],[120.10994074700011,12.163171805000047],[120.12187779700002,12.159135224000067],[120.12834449700006,12.148236699000051],[120.14539091900008,12.142060978000075],[120.16212017100008,12.122399840000071],[120.18624913000008,12.11691625700007],[120.17968353900005,12.133032541000034],[120.19210378000002,12.135160335000023],[120.21319623600004,12.131518381000035],[120.2152901710001,12.145674198000052],[120.20704872700003,12.154495023000038],[120.21308526500002,12.170203129000072],[120.22127313300007,12.206985320000058],[120.22544422100009,12.197516476000033],[120.24042686300004,12.194650336000052],[120.23832183800005,12.183250100000066],[120.24279770300006,12.176034321000031],[120.24192231100005,12.160448281000072],[120.2522035830001,12.145733807000056],[120.24586075600007,12.13245519700007],[120.25382023200007,12.128617290000022],[120.26601186700009,12.130807436000055],[120.27305606200002,12.143761512000026],[120.28375518300004,12.128217824000046],[120.28419050900004,12.117506497000022],[120.30490462500006,12.117346979000047],[120.30312210300008,12.105630246000032],[120.30690844600008,12.098581654000043],[120.31806087200005,12.091270868000038],[120.32364102200006,12.097209286000066],[120.33273296000004,12.09137183300004],[120.3258898260001,12.083641250000028],[120.33589454800006,12.073636676000035],[120.34098486700009,12.05772227600005],[120.33544093900002,12.046647706000044],[120.32466955600012,12.037959014000023],[120.32418042800009,12.031050708000066],[120.33991087700008,12.012359020000076],[120.32872098000007,11.995762714000023],[120.32139101400003,12.000485148000053],[120.309819833,11.997787322000022],[120.30252791600003,11.98235089700006],[120.2913111690001,11.983403834000057],[120.27035945400007,11.998610118000045],[120.26757019600007,12.005039580000073],[120.25164249600004,12.006602833000045],[120.24427853200007,11.998454085000049],[120.22704736900005,11.990252012000042],[120.21413314100005,11.990963279000027],[120.1772810760001,12.008473975000072],[120.17578698800003,12.02394091800005],[120.1652923690001,12.029702071000031],[120.1609998890001,12.022575005000022],[120.14020857100002,12.023673349000035],[120.1331212660001,12.031986320000044],[120.12626001700005,12.028694120000068],[120.12446651500011,12.01731660300004],[120.13737151400005,12.002740102000075],[120.126835991,11.990930351000031],[120.11424202700005,11.988812472000063],[120.11261634800007,11.975183364000031],[120.09251932500001,11.97247647100005],[120.08037632800006,11.985961449000058],[120.08802929900003,11.995421669000052],[120.06148459100007,12.014430484000059],[120.04754629500007,11.994877947000077],[120.03759726400006,11.996706680000045],[120.02068658100006,11.98789024100006],[120.01610528000003,12.003581246000067],[119.99757135100003,12.005955117000042],[119.99189277500011,12.003285979000054],[119.97777770700009,12.009687750000069],[119.99639326300007,12.02298627500005],[119.98554959500007,12.031126448000066],[119.97220210000012,12.024090578000028],[119.96920967400001,12.06283103000004],[119.95191880300001,12.056683750000047],[119.94728408000003,12.06869714000004],[119.95097042300006,12.078874917000064],[119.93301786600011,12.087426987000072],[119.93001314600008,12.101415003000056],[119.93478747000006,12.12170731200007],[119.9260503810001,12.140915135000057],[119.91466034500002,12.156372844000032],[119.90017257500006,12.163333917000045],[119.90543026900002,12.181137303000071],[119.89883822400009,12.190429824000034],[119.89661708900007,12.201473720000024],[119.88572850500009,12.20542088600007],[119.87794549600005,12.199672156000076],[119.872300031,12.185507991000065],[119.86175636400003,12.167452448000063],[119.86069637000003,12.154727525000055],[119.84966462200009,12.165968797000062],[119.84825736300002,12.174899865000043],[119.85333025300008,12.184245538000027],[119.86432440300007,12.194159548000073],[119.86577762500008,12.209612684000035],[119.875406515,12.223237448000077],[119.87311048900006,12.23001688000005],[119.85909523900011,12.235254811000061],[119.85962396800005,12.249894397000048],[119.86965379600008,12.253950974000077],[119.87823713600005,12.265373416000045],[119.88670764800008,12.263580620000027],[119.90218848300003,12.267480611000053],[119.91319119000002,12.277472715000044],[119.87684859600006,12.26951056400003],[119.8786566230001,12.289665048000074],[119.86873392400003,12.288371798000071],[119.86801836100005,12.30363862200005],[119.86427391900008,12.310385838000059],[119.873744052,12.31546028300005],[119.88030076500002,12.327439257000037],[119.89471935400002,12.329604364000033]]]]}},{"type":"Feature","properties":{"name":"Pampanga","psgc":"035400000","island_group":"luzon"},"geometry":{"type":"Polygon","coordinates":[[[120.73421095200001,15.27715833800005],[120.73540473100002,15.25724563600005],[120.76835413100002,15.251208298000051],[120.7901530040001,15.212853917000075],[120.83818354700009,15.201553705000038],[120.86542324400011,15.176232549000076],[120.890312246,15.18523474500006],[120.90346552800008,15.213618034000035],[120.92865891600002,15.216318620000038],[120.92127848400003,15.155285676000062],[120.94784750500003,15.136836239000047],[120.9332823950001,15.089088583000034],[120.90273443900003,15.085797942000056],[120.89808489900008,15.072300916000074],[120.91405588500004,15.051393264000069],[120.90889529800006,15.022694277000028],[120.8781569030001,15.00785464300003],[120.87914163500011,14.982093235000036],[120.8562909960001,14.976220701000045],[120.83266964000006,14.957030230000044],[120.77246186800005,14.924464991000036],[120.74316107100003,14.930947609000043],[120.72575764100009,14.910641975000033],[120.7216121670001,14.873341453000023],[120.69810754800005,14.830804838000063],[120.69958991900012,14.81491780500005],[120.6872372140001,14.770876218000069],[120.65453697500004,14.768146356000045],[120.60266133400012,14.815377280000064],[120.58601226000008,14.82406656300003],[120.55426459000012,14.820737035000036],[120.52996468200001,14.832459915000072],[120.50599482300004,14.861656435000043],[120.47641131900002,14.919620462000069],[120.46126986800004,14.921266418000073],[120.44769220100011,14.960627217000024],[120.42091735000008,14.99012314600003],[120.422285224,15.041691793000041],[120.406873,15.074102701000072],[120.36503970000001,15.108136663000039],[120.35605737500009,15.135023511000043],[120.36759662500003,15.167097115000047],[120.41835810200007,15.181353086000058],[120.44022761600002,15.200999072000059],[120.49421364400007,15.22525719500004],[120.52199098000006,15.226423853000028],[120.54766076800001,15.25444006400005],[120.59331824100002,15.265997952000077],[120.63261738900007,15.259523647000037],[120.66793663200008,15.27776013700003],[120.70041309500004,15.263124283000025],[120.73421095200001,15.27715833800005]]]}},{"type":"Feature","properties":{"name":"Pangasinan","psgc":"015500000","island_group":"luzon"},"geometry":{"type":"MultiPolygon","coordinates":[[[[119.98987217600006,16.350072441000066],[119.99816665500009,16.323103896000077],[120.01982740800008,16.311025045000065],[119.99926111000002,16.281138707000025],[120.01938622500006,16.25083022800004],[119.99855842800002,16.223865776000025],[119.978251795,16.25043804200004],[119.94853015700005,16.26740234300007],[119.93343578000008,16.295498688000066],[119.95141277900007,16.33275043900005],[119.98987217600006,16.350072441000066]]],[[[120.41726211800005,16.204736093000065],[120.5066795030001,16.206713226000034],[120.51182322200009,16.23220132700004],[120.55802100200003,16.218416174000026],[120.628418151,16.18062420900003],[120.76891381100006,16.198050425000076],[120.84150888600004,16.168612326000073],[120.8961103580001,16.04252056300004],[120.9205294080001,15.966318216000047],[120.90151585000001,15.912567670000044],[120.87386427500007,15.896079757000052],[120.872612623,15.86806527300007],[120.8559375850001,15.836526259000038],[120.839224725,15.831207415000051],[120.81905751900001,15.793215701000065],[120.79019697800004,15.82718221700003],[120.73089299600008,15.851010298000062],[120.69093991700004,15.831160646000058],[120.6150636640001,15.815561238000043],[120.60363091200009,15.860894016000032],[120.58036818900007,15.829906405000031],[120.55103785800009,15.763746918000038],[120.52367794700001,15.756471077000072],[120.46759425200003,15.722242866000045],[120.42768256700003,15.753784435000057],[120.39426220400003,15.75567779100004],[120.36227633300007,15.735466716000076],[120.35839257600003,15.711756746000049],[120.3278619250001,15.680753150000044],[120.31116236500009,15.644613677000052],[120.26539332200002,15.639273167000056],[120.25285678400007,15.617769571000053],[120.21245195000006,15.687199554000074],[120.15845308700011,15.771714149000047],[120.14429317400004,15.826197594000064],[120.11266002500008,15.828911424000069],[120.06062831300005,15.843698523000057],[120.03641615200002,15.874149902000056],[120.01961753500007,15.872207125000045],[119.99890120200007,15.819663963000039],[119.97349795700006,15.804924678000077],[119.90178234400003,15.807124243000032],[119.91279496000004,15.835461123000073],[119.90487234400007,15.865743826000028],[119.85466878400007,15.962626218000025],[119.81211371200004,15.955791413000043],[119.80454822000002,15.922644882000043],[119.76501464700004,15.92609404700005],[119.74972090100005,15.965595011000062],[119.77356094800007,16.02139463000003],[119.75676450000003,16.05474917400005],[119.77799512500007,16.124330344000043],[119.76913519400011,16.165706982000074],[119.75490576600009,16.17147812500002],[119.7644079270001,16.21025369700004],[119.78354874100012,16.238800767000043],[119.77371314200002,16.28057295700006],[119.78877653500001,16.332683557000053],[119.81668234300002,16.360016235000046],[119.85646095800007,16.368207323000036],[119.87997107600006,16.390971771000068],[119.90264749900007,16.390689748000057],[119.93020722400001,16.36171084500006],[119.91421518900006,16.300979208000058],[119.91407560400012,16.26221283700005],[119.93556626400004,16.239864630000056],[119.97705281200001,16.228443819000063],[120.01650739200011,16.170192591000045],[120.02906665700004,16.190011248000076],[120.09609883400003,16.156413629000042],[120.10186390100012,16.130530905000057],[120.08852784300007,16.108407232000047],[120.09616972100002,16.069181764000064],[120.14400125200007,16.038412460000075],[120.18823561800002,16.04851483400006],[120.21752771900003,16.03684232300003],[120.28393004700001,16.050265633000038],[120.32808684000008,16.069481077000034],[120.35948532600003,16.093014466000056],[120.42313200600006,16.16237925400003],[120.41726211800005,16.204736093000065]]],[[[119.93586639800003,16.426587562000066],[119.96127291700009,16.398728659000028],[119.96124428600001,16.36946695300003],[119.9328498650001,16.377482607000047],[119.90938327100002,16.401926557000024],[119.91397544400002,16.422775155000068],[119.93586639800003,16.426587562000066]]]]}},{"type":"Feature","properties":{"name":"Quezon","psgc":"045600000","island_group":"luzon"},"geometry":{"type":"MultiPolygon","coordinates":[[[[122.7216452990001,13.36484783900005],[122.72438691000002,13.324930615000028],[122.71257620100005,13.327404485000045],[122.71495184200012,13.357957386000066],[122.7216452990001,13.36484783900005]]],[[[121.75544034400002,13.94330261400006],[121.78865056000006,13.93555196400007],[121.79177639600005,13.924515174000021],[121.78370312200002,13.909541626000077],[121.75382303600009,13.883622510000066],[121.73945740300007,13.899090826000077],[121.75467382500005,13.92871475100003],[121.75544034400002,13.94330261400006]]],[[[121.92953189500008,14.235899976000042],[122.02156097000011,14.152981259000057],[122.05828893000012,14.131725135000067],[122.07746252600009,14.114216487000022],[122.1277575470001,14.087310753000054],[122.1393889200001,14.067521443000032],[122.15052478300004,14.064486819000024],[122.17049225500011,14.04631869700006],[122.18538578400012,14.025397548000058],[122.18513729200004,14.00428510300003],[122.16675787600002,14.000324443000068],[122.12683292800011,14.019546355000045],[122.09008065800003,14.05193868400005],[122.05636937500003,14.06667703000005],[122.03809213400007,14.089898591000065],[121.9942166190001,14.105742861000067],[121.96722645900002,14.12982162700007],[121.94503155500001,14.158566670000027],[121.92962557100009,14.187418743000023],[121.91354023300005,14.19601911500007],[121.92953189500008,14.235899976000042]]],[[[121.82630932500001,14.306325829000059],[121.84859243000005,14.286829042000022],[121.83849565300011,14.279009296000027],[121.83179600100004,14.259762241000033],[121.80723218600008,14.271115683000062],[121.80551447700009,14.295245410000064],[121.82630932500001,14.306325829000059]]],[[[122.40357791800011,14.733756070000027],[122.41452274900007,14.720359657000074],[122.42955647800011,14.713420409000037],[122.43611228700001,14.695217537000076],[122.42118011800005,14.687132906000045],[122.37528000700001,14.679606041000056],[122.35017878000008,14.681508049000058],[122.32153507500004,14.674668697000072],[122.30986313000005,14.689345514000024],[122.33304913800009,14.710965414000043],[122.35882520300004,14.712029398000027],[122.38171471900012,14.72960845800003],[122.40357791800011,14.733756070000027]]],[[[122.18363433200011,14.845124357000032],[122.21218319200011,14.832923038000047],[122.19060851300003,14.811190815000032],[122.20160445600004,14.801296638000053],[122.23481612300009,14.786541191000026],[122.24187347300006,14.794246893000036],[122.26101084600009,14.783598576000031],[122.25224887000002,14.771585955000035],[122.25947774700012,14.759209523000038],[122.25818536100007,14.727114745000051],[122.24477751600011,14.720622598000034],[122.24160200200004,14.737967944000047],[122.22928445800005,14.750925411000026],[122.19125779800004,14.763788591000036],[122.13613356700012,14.798503331000063],[122.12539051800002,14.796562297000037],[122.10594970600005,14.806769321000047],[122.09626915800004,14.832393060000072],[122.12305275100005,14.841031216000033],[122.1331594400001,14.828476545000058],[122.18363433200011,14.845124357000032]]],[[[122.02330063200009,14.878453083000068],[122.04471864900006,14.87390016300003],[122.06322906600008,14.863304086000028],[122.04629403900003,14.841632891000074],[122.02643373800004,14.845248315000049],[122.01384395600007,14.874321898000062],[122.02330063200009,14.878453083000068]]],[[[121.935241356,15.058663221000074],[121.95529340700011,15.057591237000054],[121.97428569300007,15.050484697000059],[121.97764326100003,15.037985616000071],[121.9975558320001,15.04428848300006],[122.02104997300012,15.027864829000066],[122.014028284,15.009283984000035],[122.03525485600005,15.012771225000051],[122.04784374300004,15.003661774000022],[122.05525446400009,14.975048660000027],[122.04947621400004,14.962449113000048],[122.03132190200006,14.99173023800006],[122.00739686600002,14.986142413000039],[121.99126919100001,14.957719172000054],[122.01141202400004,14.951311142000066],[122.02023830200005,14.919766184000025],[121.99235064100003,14.91387291500007],[121.98196989300004,14.903137246000028],[121.96573109100007,14.900207688000023],[121.96773025300001,14.867880761000038],[121.9884088440001,14.836694712000053],[122.00788478200002,14.826831036000044],[122.02342901400004,14.808491812000057],[122.02483442800008,14.772614071000078],[122.03641732100004,14.717337928000063],[122.01056856800005,14.674729756000033],[121.94980680100002,14.628587202000062],[121.9392382850001,14.626554099000032],[121.91659065200008,14.638357765000023],[121.90290726400008,14.67931952500004],[121.90324063300011,14.706294076000063],[121.93342029500002,14.70599945500004],[121.93655507900007,14.729109401000073],[121.92698286100006,14.756164651000063],[121.91431616800003,14.777936713000031],[121.9120789430001,14.796126048000076],[121.88869981100004,14.817900287000043],[121.87851026700002,14.835420355000053],[121.8726937130001,14.876895735000062],[121.84911075200012,14.912626057000068],[121.8521689590001,14.921810150000056],[121.81999082200002,14.936966738000024],[121.80142751700009,14.935976593000078],[121.81795829400005,14.974184152000078],[121.8134272420001,14.981719722000037],[121.83716326500007,15.039383293000071],[121.85625065200009,15.039718821000065],[121.86379856300005,15.025732036000022],[121.87784892500008,15.034731209000029],[121.89112799500003,15.030265070000041],[121.935241356,15.058663221000074]]],[[[121.45665641300002,13.818242209000061],[121.41748513800007,13.843874380000045],[121.40740856500008,13.839231787000074],[121.37892195100005,13.850860930000067],[121.36747200700006,13.869398101000058],[121.34806799100011,13.862572201000035],[121.33214587900011,13.869742202000054],[121.30795183300006,13.867019690000063],[121.27160968300007,13.878059858000029],[121.26436672500006,13.89006069100003],[121.23998049000011,13.905983692000063],[121.23724036700003,13.934252107000077],[121.24647366500005,13.963490883000077],[121.26873271200009,13.966524442000036],[121.27842933000011,13.974127137000039],[121.29666784200003,13.971803668000064],[121.3293513110001,13.985808889000054],[121.35080923700002,14.012048831000072],[121.40637835300004,14.035973959000046],[121.42443541600005,14.047909082000047],[121.43090350800003,14.063428043000044],[121.47859448800011,14.064792674000046],[121.49208853200003,14.07325804800007],[121.51159650500006,14.101403309000034],[121.52919053500011,14.163656280000055],[121.5441269260001,14.17447531700003],[121.55521025700011,14.162746059000028],[121.59066469700008,14.160782652000023],[121.60319213900004,14.190359066000042],[121.5899512520001,14.199159350000059],[121.61794271500003,14.234942428000068],[121.6178985460001,14.249101967000058],[121.63412066400008,14.267710321000038],[121.63451880200012,14.289790898000035],[121.60825957700001,14.29685296200006],[121.57002646300009,14.398442990000035],[121.52409879000004,14.469167303000063],[121.55047443500007,14.492387305000022],[121.53463026500003,14.509421780000025],[121.52956397300011,14.53286397200003],[121.4811586080001,14.535665168000037],[121.48067421200005,14.556779521000067],[121.45105053500004,14.595215478000057],[121.43953569400003,14.603987708000034],[121.44173702300009,14.62248246400003],[121.41579713500005,14.627965106000033],[121.40486651800006,14.63926604900007],[121.40420229200004,14.660925983000027],[121.4108207590001,14.667812216000073],[121.40480679900008,14.690213882000023],[121.38062866200005,14.695232352000062],[121.36271785000008,14.708406480000065],[121.35387583300007,14.722557836000021],[121.33743612900003,14.727966391000052],[121.34179742200001,14.747120400000028],[121.32897826900012,14.788200564000022],[121.33550040000011,14.800851961000035],[121.33035662500004,14.834802543000023],[121.33555014700005,14.848280439000064],[121.34011224500011,14.886441354000056],[121.33820501900004,14.947222596000074],[121.34785653300003,14.996370968000065],[121.35710532600001,15.011749193000071],[121.35137018900002,15.035906006000062],[121.36131628900011,15.073161476000053],[121.37647404400002,15.08051352900003],[121.37400455200009,15.095887405000042],[121.3946038150001,15.105961485000023],[121.40341882900009,15.151331872000071],[121.39618145500003,15.162714643000072],[121.40809682500003,15.18293699800006],[121.40222658300002,15.195523378000075],[121.4171205020001,15.216888696000069],[121.43511708100004,15.210379016000047],[121.44803852100006,15.196346930000061],[121.46253959600006,15.20075498400007],[121.48093849800011,15.180228622000072],[121.48208764700007,15.161830551000037],[121.49504063600011,15.136151041000062],[121.49449537100008,15.104047127000058],[121.49972819400011,15.072824396000044],[121.51743571600002,15.03882709800007],[121.52707271000008,15.034892623000076],[121.5466605040001,15.004197357000066],[121.54846263000002,14.990863452000042],[121.56678846200009,14.966509539000072],[121.5730143400001,14.947551751000049],[121.57265884500009,14.928360748000046],[121.5816605760001,14.890369400000054],[121.58998576400006,14.875669953000056],[121.61164176700004,14.855757702000062],[121.60210874300003,14.827585130000045],[121.63338964800005,14.786349463000022],[121.6585604930001,14.775783390000072],[121.6774056370001,14.752004167000052],[121.70985591200008,14.72612904500005],[121.73378365000008,14.696942254000078],[121.72265856600006,14.690831028000048],[121.70013697800005,14.701876612000035],[121.67724272900011,14.695435136000071],[121.62933098100007,14.659126463000064],[121.62376291300006,14.672767192000038],[121.61118222100004,14.675472868000043],[121.60376832600002,14.652083388000051],[121.60907693200011,14.641233602000057],[121.60862523000003,14.599226437000027],[121.61866553100003,14.589663571000074],[121.62814511400006,14.534903568000061],[121.62370647700004,14.522929201000068],[121.65918751800007,14.42315787800004],[121.663318537,14.392045971000073],[121.68206498000006,14.379099813000039],[121.72766816,14.326294499000028],[121.73415384000009,14.290611389000048],[121.73333296500005,14.265962218000027],[121.75812446200007,14.247578691000058],[121.75968020700009,14.233937024000056],[121.75308791400005,14.207676924000054],[121.73368478600003,14.190967012000044],[121.73211506000007,14.172736651000037],[121.74884068100005,14.145731341000044],[121.77888026300002,14.117427925000072],[121.80582774100003,14.099078149000036],[121.82433548400002,14.081854814000053],[121.84668060400008,14.072705909000035],[121.88330458200005,14.041591311000047],[121.907282871,14.011075431000052],[121.94551379000006,13.988508341000056],[121.99243912500003,13.976199284000074],[122.00696268000002,13.961712910000074],[122.03555630100004,13.94768289600006],[122.11191195200001,13.92645956900003],[122.1372896470001,13.912853584000061],[122.1558126650001,13.920074615000033],[122.16916555300008,13.913349032000042],[122.18356065800003,13.916510965000043],[122.2319227370001,13.89536828100006],[122.24377755700004,13.911964510000075],[122.24800402300002,13.933704464000073],[122.23812119100012,13.946429891000037],[122.22021023100001,13.947387869000067],[122.19359634000011,13.96799826800003],[122.18119780200004,13.987641992000022],[122.19573073100003,13.996285628000066],[122.20504918000006,13.984237474000054],[122.23155963400006,13.978273434000073],[122.25042680700005,13.969497359000059],[122.26466833200004,13.970000924000033],[122.28295730400009,13.95783362700007],[122.29884230700009,13.959299013000077],[122.30660944800002,13.972539852000068],[122.2934708250001,13.991616277000048],[122.30787704000011,14.000976962000038],[122.30817487000002,14.011441863000073],[122.28541947400004,14.022700017000034],[122.28836274500009,14.038619913000048],[122.27286371900004,14.03923153900007],[122.22778587900007,14.077123481000058],[122.20868383000004,14.081919820000053],[122.19174247600006,14.094318461000057],[122.16460668500008,14.14070551900005],[122.1894496750001,14.139014141000075],[122.18417059500007,14.164707776000057],[122.20832913600009,14.183806354000069],[122.23019542000009,14.190356433000034],[122.25109638300012,14.202730970000061],[122.2456717010001,14.217679826000051],[122.24807506200011,14.236203036000063],[122.27184120200002,14.245823545000064],[122.27138694700011,14.207236551000051],[122.25998968200008,14.173952432000021],[122.2732287660001,14.162783313000034],[122.26603416300009,14.14925727800005],[122.26736044000006,14.124973338000075],[122.28989877200002,14.12143556600006],[122.29681243200002,14.133851008000022],[122.31148847400004,14.131091327000036],[122.3080357230001,14.100043253000024],[122.29877357100008,14.072661698000047],[122.32626999400009,14.062704842000073],[122.36204661600004,14.062866015000054],[122.38376856000002,14.066641330000039],[122.39616586800003,14.084713977000035],[122.40846578100002,14.090570176000028],[122.44662851400005,14.135111727000037],[122.45199363600011,14.150213563000023],[122.538911374,14.116739880000068],[122.6416175170001,14.070068482000067],[122.71850226100003,14.042740808000076],[122.79251799700012,14.013752262000025],[122.66522009700009,13.983192314000064],[122.6201502670001,13.967995488000042],[122.58387379100009,13.96181139500004],[122.55241423200005,13.947554817000025],[122.53642447800007,13.963503432000039],[122.53344986000002,13.943367887000022],[122.50600176000012,13.927294166000024],[122.48501380500011,13.927196221000031],[122.46922141700009,13.934145212000033],[122.44896102300004,13.926515023000036],[122.43633539600012,13.944239149000055],[122.4236599940001,13.930051547000062],[122.45138254200003,13.905343278000032],[122.48560219,13.848332600000049],[122.4994093580001,13.844463133000033],[122.50633524300008,13.823395688000062],[122.5128250570001,13.78447325600007],[122.50888940000004,13.769678094000028],[122.52128139600006,13.744645658000024],[122.5183272910001,13.73432417500004],[122.49347367000007,13.734055333000072],[122.48081352300005,13.71599090500007],[122.48059177300001,13.69939443900006],[122.5022181700001,13.66841290800005],[122.4968001850001,13.648013676000062],[122.51871177600003,13.628155315000072],[122.52707417300007,13.613742401000025],[122.54987068600008,13.59514329500007],[122.54547268200008,13.582016703000022],[122.56996793000008,13.577362703000063],[122.603644099,13.552623614000026],[122.61267053900008,13.54079349500006],[122.63422480100007,13.528953963000049],[122.62313947900009,13.512962862000052],[122.60723489700001,13.522154787000034],[122.5797621050001,13.563344994000033],[122.56464320700002,13.551563702000067],[122.57942176900008,13.530269143000055],[122.60081670000011,13.52183483300007],[122.60255800800007,13.502847802000076],[122.6188670900001,13.489154326000062],[122.63083933900009,13.468126399000028],[122.64340008900001,13.456395197000063],[122.66306359500004,13.419275066000068],[122.677769753,13.371168242000067],[122.67429725900001,13.358003778000068],[122.67870407200007,13.337128547000077],[122.67708590100005,13.275539310000056],[122.69101056400007,13.267999849000034],[122.70291340200004,13.225475459000052],[122.65779889300006,13.208398923000061],[122.64297067500002,13.196679473000074],[122.62208313100007,13.17144793600005],[122.59878267800002,13.162089163000076],[122.56464192300007,13.178826008000044],[122.54906437900001,13.198524920000068],[122.53933971600009,13.218898771000056],[122.50319771900001,13.246563469000023],[122.51468655800011,13.257053776000078],[122.5109500320001,13.27146639800003],[122.52332678500011,13.280357236000043],[122.51157066700011,13.290989930000023],[122.52241547200003,13.309181935000026],[122.52278669500004,13.328605631000073],[122.51616277000005,13.350051128000075],[122.48932020600012,13.396159208000029],[122.490124809,13.405739956000048],[122.47257576900006,13.42023434500004],[122.41318926500003,13.484109706000027],[122.40071531500007,13.523970587000065],[122.36971386900007,13.546263163000049],[122.35233919300003,13.547473634000028],[122.32925061700007,13.563895321000075],[122.3379441830001,13.574104104000071],[122.32175913100002,13.590393050000046],[122.29462543000011,13.592770057000052],[122.26652884100008,13.606635018000077],[122.22760816000005,13.599936552000031],[122.20757719200003,13.602519683000025],[122.19995003300005,13.616222911000023],[122.19533914100009,13.647957316000031],[122.17430450400002,13.669460971000035],[122.16117801200005,13.700554555000053],[122.13773675000004,13.720908896000026],[122.12392285200008,13.753943865000053],[122.09022455000002,13.78050134700004],[122.07391599300001,13.78630302700003],[122.05601823000006,13.775167195000051],[122.04165051700011,13.789082647000043],[122.00710616000003,13.809134518000064],[121.98111445600011,13.80631926500007],[121.97394871600011,13.839920198000073],[121.96102276800002,13.840662588000043],[121.9450043710001,13.852253050000058],[121.92836450200002,13.850634332000027],[121.89046050900004,13.862574023000036],[121.88344372200004,13.890486180000039],[121.8711045980001,13.896312285000022],[121.8572096480001,13.887257591000036],[121.84551963100012,13.901451176000023],[121.83045305000007,13.900417123000068],[121.80963326300002,13.913540819000048],[121.8180838180001,13.927989792000062],[121.81659586900003,13.941522666000026],[121.80246828100007,13.947775989000036],[121.77266409800006,13.94528856200003],[121.76129736900009,13.961736553000037],[121.71564828100009,13.970735347000073],[121.69538957800012,13.961661904000039],[121.695340901,13.918428206000044],[121.68038313300008,13.923599032000027],[121.64210939300006,13.907356496000034],[121.62595450200001,13.907978107000076],[121.61215150800001,13.894430111000077],[121.58906447100003,13.891895614000077],[121.55392163300007,13.871936233000042],[121.49649541400004,13.853481067000075],[121.47448112600011,13.839383071000043],[121.45665641300002,13.818242209000061]]]]}},{"type":"Feature","properties":{"name":"Quirino","psgc":"025700000","island_group":"luzon"},"geometry":{"type":"Polygon","coordinates":[[[122.05880819100003,16.50925477800007],[122.02489034700011,16.465353099000026],[121.96723491500006,16.40023248400007],[121.89353425500008,16.301854026000058],[121.84589590900009,16.249155589000054],[121.78125155300006,16.19321946900004],[121.76492361900011,16.173819910000077],[121.72325119700008,16.144655707000027],[121.62897873000009,16.063865467000028],[121.5706253940001,16.01126710500006],[121.5288264290001,15.969868599000051],[121.4745488740001,15.929847778000067],[121.46354427000006,15.926616156000023],[121.44036342000004,15.936710192000078],[121.34075960900009,16.02196998100004],[121.36543708700003,16.066626002000078],[121.32284322700002,16.093650980000064],[121.30264075500008,16.116559135000045],[121.2870362750001,16.148544101000027],[121.32651811800008,16.157835947000024],[121.29989098200008,16.209559719000026],[121.34825628400006,16.196709424000062],[121.38376232500002,16.201110999000036],[121.41985524200004,16.231628588000035],[121.432033595,16.254100451000056],[121.4670669950001,16.270934803000046],[121.520757752,16.339014960000043],[121.48150201400006,16.357183331000044],[121.43716017000008,16.383300146000067],[121.44860449300006,16.42811832900003],[121.40003235000006,16.434969730000034],[121.37686570300002,16.451005424000073],[121.3577187200001,16.498419118000072],[121.38468610900009,16.506486987000073],[121.39264336400004,16.541548798000065],[121.39985675100002,16.607053096000072],[121.44575299200005,16.634300799000073],[121.46601437900006,16.641396523000026],[121.5194712120001,16.631695926000077],[121.55481491400008,16.62891236200005],[121.57858267100005,16.598471049000068],[121.58379264000007,16.575755187000027],[121.59952867100003,16.57575489800007],[121.62547554000002,16.549078374000032],[121.65903144100002,16.49300911100005],[121.68380586400008,16.47574939900005],[121.69022134500005,16.459001794000073],[121.74500357300008,16.393169809000028],[121.79286491500011,16.40878079500004],[121.80059177500004,16.41774997600004],[121.88729434100003,16.44918003300006],[121.963870541,16.484835324000073],[122.0177337130001,16.517024527000046],[122.05880819100003,16.50925477800007]]]}},{"type":"Feature","properties":{"name":"Rizal","psgc":"045800000","island_group":"luzon"},"geometry":{"type":"MultiPolygon","coordinates":[[[[121.2310912150001,14.401883034000036],[121.24056106300009,14.349521148000065],[121.25867040000003,14.344750345000023],[121.24211410200007,14.329852956000025],[121.24537887300005,14.31089952700006],[121.22628229100008,14.31094936900007],[121.22605139900008,14.323951671000032],[121.21514231600008,14.346864679000078],[121.22005028100011,14.357883577000052],[121.22027881400004,14.383827091000057],[121.2310912150001,14.401883034000036]]],[[[121.45105053500004,14.595215478000057],[121.44111363900004,14.587291411000024],[121.44938626100009,14.56961988200004],[121.43933971500007,14.557175536000045],[121.44798978300003,14.544977906000042],[121.42044759500004,14.54176189900005],[121.4042819010001,14.54541404400004],[121.38110691500003,14.531527832000052],[121.36175347800008,14.477181419000033],[121.37614436800004,14.464246069000069],[121.36243190200003,14.45419388700003],[121.36919831600005,14.375142206000078],[121.365349949,14.355935850000037],[121.38049455900011,14.33794374300004],[121.35284235100005,14.328435214000024],[121.33459460300003,14.312053516000049],[121.31475987200008,14.287077226000065],[121.30372590800005,14.29592916200005],[121.30495614900008,14.32648548700007],[121.32015815500006,14.341119138000067],[121.31986819000008,14.358159276000038],[121.33319216100006,14.385630970000022],[121.33869553900001,14.411620088000063],[121.33623956200006,14.42965614800005],[121.32519509500003,14.447476062000021],[121.32510470500006,14.46085707900005],[121.308950965,14.467338821000055],[121.30132633200003,14.484151828000051],[121.28308143000004,14.482170546000077],[121.27457867700002,14.503246765000029],[121.24175233300002,14.502442474000077],[121.23394820300007,14.484886730000028],[121.2203872230001,14.47389143600003],[121.22269985100002,14.447992351000039],[121.21273222500008,14.43217613400003],[121.19989704500006,14.442357430000072],[121.18476833500006,14.483051347000071],[121.16483093600004,14.50948285100003],[121.15136547300006,14.517932543000029],[121.13776139700008,14.536233714000048],[121.11628393,14.527638483000032],[121.09812230000011,14.554700033000074],[121.0968965510001,14.569254547000071],[121.11044978200005,14.592235448000054],[121.10193275800009,14.615649672000075],[121.10549838300005,14.632654354000067],[121.12855805700008,14.643593338000073],[121.13486852200003,14.658852383000067],[121.1261471470001,14.669974177000029],[121.11188912900002,14.67116308900006],[121.11146916300004,14.695667682000021],[121.12461778900001,14.708744601000035],[121.1180229790001,14.729928850000022],[121.11822157000006,14.749419337000063],[121.1321174950001,14.776390408000054],[121.11488089400007,14.77896067000006],[121.1368658130001,14.801465402000076],[121.15052963000005,14.801784266000027],[121.16528463600002,14.823417534000043],[121.1879882930001,14.823554116000025],[121.20804184000008,14.81794121400003],[121.21925184400004,14.83322319000007],[121.25299686000005,14.829226646000052],[121.33035662500004,14.834802543000023],[121.33550040000011,14.800851961000035],[121.32897826900012,14.788200564000022],[121.34179742200001,14.747120400000028],[121.33743612900003,14.727966391000052],[121.35387583300007,14.722557836000021],[121.36271785000008,14.708406480000065],[121.38062866200005,14.695232352000062],[121.40480679900008,14.690213882000023],[121.4108207590001,14.667812216000073],[121.40420229200004,14.660925983000027],[121.40486651800006,14.63926604900007],[121.41579713500005,14.627965106000033],[121.44173702300009,14.62248246400003],[121.43953569400003,14.603987708000034],[121.45105053500004,14.595215478000057]]]]}},{"type":"Feature","properties":{"name":"Romblon","psgc":"175900000","island_group":"luzon"},"geometry":{"type":"MultiPolygon","coordinates":[[[[121.93699499800005,12.09667379900003],[121.94790395400003,12.095316984000021],[121.95252980200007,12.078501629000073],[121.96138833300006,12.06620961300007],[121.95750141000008,12.032654130000026],[121.94608459100004,12.033077217000027],[121.924225868,12.043435657000032],[121.91448430500009,12.05353142000007],[121.91069489900008,12.06301428100005],[121.91575736100003,12.084459866000032],[121.93699499800005,12.09667379900003]]],[[[122.54468839800006,12.505659712000067],[122.55505752400006,12.49775175600007],[122.56336563200011,12.499040217000072],[122.59700155900009,12.489860632000045],[122.60577846600006,12.494197212000074],[122.63490709300004,12.492198191000057],[122.6382135560001,12.483640389000072],[122.65468045500006,12.483956369000055],[122.65325026500011,12.476767909000046],[122.66287966900006,12.466821265000021],[122.67511831500008,12.43949675500005],[122.68535894600006,12.429334035000068],[122.68550748400003,12.420698648000041],[122.69495901300002,12.40810392000003],[122.6983129780001,12.39814877300006],[122.6859511880001,12.381244184000025],[122.69269709600007,12.364839897000024],[122.68669874300008,12.350648312000033],[122.68637673100011,12.34072732900006],[122.67946628700008,12.324141573000077],[122.66989734700007,12.310137503000021],[122.63406047700005,12.28369716800006],[122.62950641000009,12.27033212200007],[122.61898873300004,12.28693108400006],[122.60962552800004,12.296281474000068],[122.59647202300005,12.304040943000075],[122.58035162700003,12.302856001000066],[122.56374368100012,12.311459865000074],[122.55239349400006,12.348327835000077],[122.54332082600001,12.359259903000066],[122.52697890900004,12.370952917000068],[122.50419736800006,12.377573594000069],[122.49301896100008,12.385972347000063],[122.48364787700007,12.386210335000044],[122.45233277800003,12.395814121000058],[122.43383758300001,12.412760486000025],[122.42481638100003,12.432760373000065],[122.42330962100004,12.442802436000022],[122.4293235350001,12.458090773000038],[122.44686625800011,12.46685934900006],[122.45632522500011,12.482223764000025],[122.47997565500009,12.488251775000037],[122.49401186000011,12.498618196000052],[122.51744472000007,12.492912183000044],[122.54468839800006,12.505659712000067]]],[[[122.28370532000008,12.62531966000006],[122.29300442700003,12.619854630000077],[122.29392250700005,12.603824286000076],[122.29831448000004,12.59288734300003],[122.29528176000008,12.584753246000048],[122.309173901,12.571363976000043],[122.30854950800006,12.55613048400005],[122.3219703630001,12.547915765000027],[122.32673840100006,12.541130532000068],[122.32672329900004,12.50345956700005],[122.31908543400004,12.48957002800006],[122.30229985200003,12.478061281000066],[122.2844825740001,12.481434896000053],[122.2711893290001,12.490980347000061],[122.26590439000006,12.509791502000041],[122.26005279900005,12.51538617400007],[122.25877963000005,12.533770942000046],[122.26168547600003,12.543165208000062],[122.25177744300004,12.552801147000025],[122.24678453800004,12.569998622000071],[122.25490229500008,12.578783950000059],[122.26880139000002,12.58352357900003],[122.27522638800008,12.590963827000053],[122.26836898600004,12.597942999000054],[122.27037383700008,12.60786919900005],[122.27699120700004,12.61182042200005],[122.28370532000008,12.62531966000006]]],[[[122.26075381800001,12.630742779000059],[122.26556421400005,12.625917468000068],[122.25346848700008,12.616205602000036],[122.24015440900007,12.623158803000024],[122.26075381800001,12.630742779000059]]],[[[122.23998607300007,12.671417481000049],[122.24576386100011,12.667159647000062],[122.24539389100005,12.65662715600007],[122.24062720900008,12.650008438000043],[122.23312957600001,12.65347428900003],[122.230410387,12.662520202000053],[122.23998607300007,12.671417481000049]]],[[[122.11073341100007,12.67433965400005],[122.11616633300002,12.673929292000025],[122.12870171600002,12.663363838000066],[122.15267752700004,12.660733486000026],[122.1593386610001,12.648001453000063],[122.16241076900008,12.632170901000052],[122.13957589900008,12.627771087000042],[122.134054622,12.633998567000049],[122.126455555,12.632566488000066],[122.12242919900007,12.614613234000046],[122.13383564300011,12.60589213000003],[122.13142896800002,12.59767251900007],[122.13926223100009,12.58069527500004],[122.13181023800007,12.564058274000047],[122.13806633000002,12.536874889000046],[122.12374898000007,12.528857014000039],[122.11189114000001,12.497954015000062],[122.11131249900006,12.47674072500007],[122.10641007600009,12.460137892000034],[122.10549419400002,12.44135482300004],[122.10718481200001,12.424982553000063],[122.1018258790001,12.397818795000035],[122.09481496100011,12.388359721000029],[122.09777636900003,12.356581894000044],[122.08090188400001,12.320805110000038],[122.08807610600002,12.314321480000046],[122.0724397680001,12.295060023000076],[122.06779518200005,12.276309833000028],[122.05570482100006,12.25842625200005],[122.05786313200008,12.25108810300003],[122.04215789600005,12.221640702000059],[122.05240300900005,12.196608301000026],[122.05818645700003,12.188780178000059],[122.06634941800007,12.190300954000065],[122.0661312420001,12.17401103900005],[122.05496932100004,12.171543394000025],[122.0502772320001,12.180873786000063],[122.0380786610001,12.172002547000034],[122.03109506300007,12.157077812000068],[122.02131809100001,12.14880413700007],[122.01706875200011,12.13768645600004],[122.02270275,12.130023423000068],[122.02374705700004,12.111694292000038],[122.01231252700006,12.100913426000034],[122.0037689830001,12.12357354900007],[121.98723568700007,12.141720380000038],[121.9931970450001,12.156303305000051],[121.98266583200007,12.153780233000077],[121.96904799600009,12.155102352000029],[121.96454183000003,12.171204982000063],[121.96021269000005,12.174484884000037],[121.95989759600002,12.193352936000053],[121.96792195400008,12.217275327000038],[121.96523899300007,12.23431236700003],[121.97507788200005,12.228959347000057],[121.97330058500006,12.219365055000026],[121.97714315000007,12.19540965300007],[121.98864306400003,12.189520479000066],[121.99434485600011,12.192797509000059],[121.9960798730001,12.211021953000056],[122.01543896300007,12.222310782000022],[122.01847748700004,12.230195980000076],[122.01209887200002,12.241189657000064],[121.99935977100006,12.249269206000065],[121.99583507300008,12.255800932000056],[121.98141186700002,12.262747297000033],[121.966617788,12.258071766000057],[121.96286158200007,12.262942477000024],[121.96627067200006,12.27864459600005],[121.95048533900001,12.278135681000037],[121.94556383100007,12.287728625000057],[121.9476093400001,12.297148252000056],[121.937776213,12.299159572000065],[121.93491201200004,12.287209677000021],[121.92836149300001,12.286938219000035],[121.92084443100009,12.303356313000052],[121.92227894500002,12.318436404000067],[121.93034329400007,12.323939776000032],[121.93853168800001,12.339689538000073],[121.92927845300005,12.347565416000066],[121.94010458800005,12.355760343000043],[121.94399273800002,12.373760264000055],[121.94287016700002,12.393420939000066],[121.96202449900011,12.405088833000036],[121.97300119300007,12.401673579000033],[121.98465739400001,12.405413983000074],[121.99174947400002,12.413214445000051],[121.99798619500007,12.436937297000043],[122.0048531430001,12.442039793000049],[122.00281831600012,12.454055738000022],[122.00965361600004,12.460782693000056],[122.00930372000005,12.479677064000043],[122.01657862700006,12.494458204000068],[122.01120418900007,12.514297972000065],[122.00558962800005,12.523395059000052],[122.00974984400011,12.544909178000069],[121.99219192300006,12.570034564000025],[121.99995306400001,12.580696571000033],[122.00174926200009,12.596791549000045],[122.02163378600005,12.608358101000022],[122.02938796100011,12.608710423000048],[122.03553017500008,12.618838461000053],[122.04643907800005,12.622155862000056],[122.07209800200008,12.62103343900003],[122.098410252,12.645339457000034],[122.11908192100009,12.657295129000033],[122.12130531300011,12.667779245000077],[122.11073341100007,12.67433965400005]]],[[[122.08726657200009,12.837587427000074],[122.08916662900003,12.830224245000068],[122.07736360900003,12.813612828000032],[122.060906251,12.784443026000076],[122.05139988300004,12.781564356000047],[122.03136920200006,12.786825324000063],[122.0261654410001,12.806951565000077],[122.03599847400005,12.815741358000025],[122.0515741800001,12.817345740000064],[122.06170574300006,12.823534635000044],[122.0749645520001,12.826333102000035],[122.08023077300004,12.835351880000076],[122.08726657200009,12.837587427000074]]],[[[121.70534530900011,12.949107393000077],[121.71173341400004,12.943692044000045],[121.72570178,12.943388110000058],[121.72958302500001,12.931882142000063],[121.73611715600009,12.926856318000034],[121.72593723700004,12.915657329000055],[121.72126711300007,12.902114555000026],[121.71264916000007,12.89755262600005],[121.70985314200004,12.909416830000055],[121.70136884900012,12.90079398000006],[121.68407759800004,12.931044955000061],[121.69532075600011,12.94769640000004],[121.70534530900011,12.949107393000077]]],[[[122.06152351100002,12.963018927000064],[122.07587389700006,12.962783348000073],[122.0983994180001,12.957861781000076],[122.09681822700009,12.938564340000028],[122.09105021200003,12.92166502200007],[122.07867684900009,12.908809994000023],[122.06554910800003,12.909587133000059],[122.05650876600009,12.918976341000075],[122.05561752300002,12.931094797000071],[122.04965587900006,12.938473737000038],[122.04038117100004,12.939016250000066],[122.03455465900004,12.954116715000055],[122.04542578900009,12.961093972000072],[122.06152351100002,12.963018927000064]]]]}},{"type":"Feature","properties":{"name":"Samar","psgc":"086000000","island_group":"visayas"},"geometry":{"type":"MultiPolygon","coordinates":[[[[125.08506490000002,11.258251466000047],[125.0739363890001,11.259729690000029],[125.07902602900003,11.266682416000037],[125.08506490000002,11.258251466000047]]],[[[124.97142011800008,11.301783682000064],[124.97141280500011,11.30181041800006],[124.97141118600007,11.301816338000037],[124.97129919200006,11.302225840000062],[124.97129467100001,11.302242370000045],[124.97127183700002,11.302325862000032],[124.97126093100007,11.302365739000038],[124.97117797800001,11.302669054000035],[124.97142011800008,11.301783682000064]]],[[[124.8938587350001,11.612424185000066],[124.89307577600005,11.599896756000021],[124.89632757600009,11.586921124000071],[124.88698237000006,11.584941724000032],[124.87773953200008,11.59128961500005],[124.88515428300002,11.600433332000023],[124.88681039300002,11.608450866000055],[124.8938587350001,11.612424185000066]]],[[[124.82275249000008,11.70965575100007],[124.83106111300003,11.704745943000034],[124.82864780300008,11.69812597400005],[124.84600233800006,11.684979849000058],[124.85892404800006,11.692711711000072],[124.86520934300006,11.685777231000031],[124.86125050700002,11.676546492000057],[124.87155055500011,11.674323783000034],[124.88152850000006,11.680708079000055],[124.8894661920001,11.680880025000022],[124.89413986900001,11.67187548000004],[124.8899927980001,11.665627713000049],[124.87700081500009,11.657539879000069],[124.87161746700008,11.645388454000056],[124.8787105450001,11.639677734000031],[124.87707732400008,11.631993672000021],[124.88070963700011,11.624867437000034],[124.86273059500002,11.620314981000035],[124.85547363300009,11.629227559000071],[124.84617898700003,11.634617992000074],[124.84045241500007,11.628156615000023],[124.83512901800009,11.63437187900007],[124.8416916650001,11.640340140000035],[124.83095839300006,11.65899348000005],[124.83313376800004,11.667194005000056],[124.82609598300007,11.678130613000064],[124.82797327100002,11.68420715600007],[124.82275249000008,11.70965575100007]]],[[[124.86988217600003,11.715103336000027],[124.88028660100008,11.707573358000047],[124.87481633700008,11.704195274000028],[124.86988217600003,11.715103336000027]]],[[[124.72742492300006,11.73271184500004],[124.73261368900012,11.716657705000046],[124.74196286800009,11.712752680000051],[124.74060876100009,11.701689244000022],[124.7528854630001,11.700468302000047],[124.75713116800011,11.69502151000006],[124.75413780300005,11.686134689000028],[124.76913942200008,11.685808878000046],[124.77418179500012,11.691271968000024],[124.78233176800006,11.68414204100003],[124.767767251,11.670630452000069],[124.77616784800011,11.670779433000064],[124.78669225500005,11.663633122000022],[124.7878033180001,11.656520602000057],[124.79989000000012,11.649575877000075],[124.80198546600002,11.643540758000029],[124.7915397920001,11.63004062500005],[124.79557507900006,11.621568757000034],[124.78749341900004,11.620823415000075],[124.79503286200008,11.600040663000073],[124.80004543000007,11.608851384000047],[124.80883536700003,11.609604551000075],[124.81364824700006,11.602385730000037],[124.82325073900006,11.607321409000065],[124.83258471600004,11.603148120000071],[124.84198424400006,11.605152477000047],[124.84370491700008,11.596663204000038],[124.83653604800008,11.590280437000047],[124.83390712000005,11.556606217000024],[124.83917322900004,11.549467884000023],[124.82782515500003,11.533304522000037],[124.81085683000003,11.535605456000042],[124.8042320300001,11.543275443000027],[124.79470703000004,11.543813295000064],[124.7936499440001,11.55529847300005],[124.80207803600001,11.557839685000033],[124.80715273600003,11.565160964000029],[124.79217279000011,11.569603979000021],[124.78098989900002,11.567858853000075],[124.76496737500008,11.576471034000065],[124.76076943500004,11.599141573000054],[124.76621654100006,11.605617676000065],[124.7814131670001,11.594977289000042],[124.78647379400002,11.599727969000071],[124.78221648300007,11.60946145400004],[124.76860414900011,11.627795639000055],[124.76062805000004,11.629519057000039],[124.75591719800002,11.640494279000052],[124.74989932800008,11.64250320900004],[124.74798574800002,11.649947027000053],[124.74105082200003,11.650356155000054],[124.732341313,11.663427051000042],[124.73188226700006,11.67327113500005],[124.72024177800006,11.673059806000026],[124.7247140400001,11.695927237000035],[124.70839987700003,11.712657429000046],[124.72218421700006,11.708628333000036],[124.72948077300009,11.71669184600006],[124.72083843500002,11.719135625000035],[124.72007727700009,11.728004745000021],[124.72742492300006,11.73271184500004]]],[[[124.74571436500003,11.739035472000069],[124.75415354300003,11.738634914000045],[124.76030519500011,11.732642354000063],[124.75752207300002,11.726056795000034],[124.77510368800006,11.730083850000028],[124.77076350700008,11.712200661000054],[124.7744031960001,11.707297262000054],[124.76131237200002,11.698477870000033],[124.75523547700004,11.704221730000029],[124.74943827000004,11.723213491000024],[124.75606444700009,11.729606476000072],[124.74575173100004,11.734258856000054],[124.74571436500003,11.739035472000069]]],[[[124.68402637100007,11.830386238000074],[124.68609542900003,11.81852346200003],[124.67847477600003,11.816683518000048],[124.67452681600003,11.821541913000033],[124.68402637100007,11.830386238000074]]],[[[124.69660726900008,11.837003128000049],[124.7002130300001,11.82844318900004],[124.6950684730001,11.818875522000042],[124.68896375000008,11.835940105000077],[124.69660726900008,11.837003128000049]]],[[[124.64053440900011,11.920964710000021],[124.64413079500002,11.908615474000044],[124.66447313100002,11.908622080000043],[124.65877660700005,11.90117248100006],[124.65802136200011,11.892005549000032],[124.6482104690001,11.89928657400003],[124.6371805980001,11.902428815000064],[124.632219082,11.915586898000072],[124.64053440900011,11.920964710000021]]],[[[124.44385164900007,11.932969549000063],[124.46067968500006,11.916305327000032],[124.46301248000009,11.902520759000026],[124.4600192050001,11.89849939000004],[124.4669763820001,11.890715585000066],[124.44900879000011,11.87972575200007],[124.4425215440001,11.884847382000032],[124.43330941500005,11.885644883000055],[124.42450703100008,11.890579348000074],[124.41658243300003,11.89095573700007],[124.4135125460001,11.898444562000066],[124.42019947000006,11.907146209000075],[124.42337165200001,11.92145541800005],[124.42814897000005,11.920672123000031],[124.44385164900007,11.932969549000063]]],[[[124.33232972000008,11.960314149000055],[124.33451554800001,11.939131044000021],[124.31603809700005,11.923242497000047],[124.31326339500004,11.906963578000045],[124.3032390730001,11.898869089000073],[124.28246421300003,11.897738268000069],[124.28593624000007,11.909912973000075],[124.27793898400012,11.908338143000037],[124.27878152100004,11.921720942000036],[124.28759321900009,11.925287706000063],[124.30105853000009,11.934764834000077],[124.29918240300003,11.941004848000034],[124.33232972000008,11.960314149000055]]],[[[124.422194181,11.991895379000027],[124.4289056880001,11.988547323000034],[124.43634386100007,11.977470909000033],[124.4338927120001,11.966933442000027],[124.42884945100002,11.960440536000021],[124.41211987800011,11.958373841000025],[124.40354300900003,11.966782088000059],[124.40950001100009,11.979876814000022],[124.40391239400003,11.98580084300005],[124.422194181,11.991895379000027]]],[[[124.22148487800007,12.08404015900004],[124.23616731700008,12.077295119000041],[124.2369006030001,12.064651843000036],[124.22631671200008,12.06385640700006],[124.20192293500008,12.053424118000066],[124.19722620100003,12.046239243000059],[124.18987988700007,12.047749862000046],[124.17830399400009,12.040405675000045],[124.1754365160001,12.031001742000058],[124.16031902800012,12.042940460000068],[124.1481795520001,12.042543183000078],[124.14517634300012,12.046776657000066],[124.15163964700002,12.053692901000034],[124.15009180900006,12.06243082800006],[124.15761520900003,12.062625536000041],[124.1681956330001,12.076779183000042],[124.17232435300002,12.07380132000003],[124.18190233100006,12.081075992000024],[124.18841779700006,12.077821456000038],[124.20455951500003,12.07892019600007],[124.21056198700012,12.075555928000028],[124.22148487800007,12.08404015900004]]],[[[125.168291457,12.282900013000074],[125.155553,12.206284656000037],[125.1274242930001,12.178810312000053],[125.12540541300007,12.075039856000046],[125.14155645500011,12.009628130000067],[125.19247005000011,12.00366525800007],[125.22550176000004,11.937736278000045],[125.2339716670001,11.918785394000054],[125.24062638200007,11.895869560000051],[125.25328902000001,11.872149295000042],[125.2688080260001,11.827750626000068],[125.27049977200011,11.757305849000034],[125.2790049240001,11.714472447000048],[125.28287505800006,11.675657267000076],[125.2541905280001,11.657900176000055],[125.23009378200004,11.639759928000046],[125.21763722100002,11.627072688000055],[125.18022646500003,11.63843292000007],[125.17756998200002,11.603603475000057],[125.1716666860001,11.583237104000034],[125.16104075300007,11.564051392000067],[125.21038826200004,11.55084104100007],[125.21642020100012,11.52838463300003],[125.2223409830001,11.516194788000064],[125.22197650300006,11.486198664000028],[125.21329426300008,11.471111887000063],[125.22074837000002,11.446147317000054],[125.24267355900008,11.43326102800006],[125.28565771500007,11.422534495000036],[125.30911645700007,11.396150008000063],[125.28066316600007,11.361909573000048],[125.24633591700001,11.311455266000053],[125.24690071700002,11.21118228000006],[125.24516387200003,11.173809959000039],[125.24661632000004,11.158922365000024],[125.24096438700008,11.151653059000068],[125.2466330740001,11.122447398000077],[125.24251935400002,11.093029469000044],[125.23529021200011,11.085927619000074],[125.20929185500006,11.098093531000075],[125.2072002760001,11.10622578300007],[125.21230663800009,11.11612715900003],[125.20226612400006,11.134233295000058],[125.20459173200004,11.142644443000052],[125.20027251200008,11.146767707000038],[125.1936960060001,11.171948326000063],[125.19425552300004,11.183798696000053],[125.18956427000012,11.191481276000047],[125.1822203270001,11.194794860000059],[125.17955675500002,11.201993473000073],[125.182517888,11.212833906000071],[125.17471012600004,11.229000900000074],[125.1771483550001,11.234171503000027],[125.16735820100007,11.249816011000064],[125.16705414000012,11.25627776400006],[125.160217396,11.260540803000026],[125.15104971800008,11.27535613200007],[125.13821140400012,11.282091320000063],[125.12442659700002,11.284242653000035],[125.10222233500008,11.279791834000036],[125.08581716900005,11.279753112000037],[125.071721679,11.282526439000037],[125.06622868600004,11.277869864000024],[125.04480258000001,11.281249925000054],[125.02783221200002,11.274521514000071],[125.01946788500004,11.277622990000054],[125.01145685200004,11.276220568000042],[125.00499343600006,11.267873593000047],[124.98857088600005,11.28562678700007],[124.97662115800006,11.288552080000045],[124.97961426600011,11.296041868000032],[124.97394935700004,11.30924058200003],[124.97552797300011,11.325835520000055],[124.98201532300004,11.33153721900004],[124.98550647900004,11.341636641000036],[124.993349093,11.351249747000054],[124.993178037,11.369885965000037],[124.98614517300007,11.381542722000063],[124.99007184700008,11.38751383400006],[124.98601447600004,11.395148807000055],[124.98811453300004,11.416668103000063],[124.97773140800007,11.430082699000025],[124.9636307500001,11.43224096800003],[124.96504928700006,11.444560466000041],[124.95979590400009,11.454299623000054],[124.94774070800008,11.452489806000074],[124.94064937900009,11.448705848000031],[124.935176092,11.454134450000026],[124.91929552400006,11.459594894000077],[124.91470574200002,11.46802357100006],[124.9023363020001,11.470665944000075],[124.90290890800009,11.481681362000074],[124.89955414400004,11.492502149000074],[124.90648552800008,11.497041079000041],[124.8941745840001,11.507199826000033],[124.89285706100009,11.494676183000024],[124.88484799200012,11.485543920000055],[124.88632217500003,11.471965215000068],[124.87551906300007,11.472506008000039],[124.85189658900003,11.463243043000034],[124.84029821400009,11.46554119600006],[124.83806273300002,11.474824350000063],[124.83157768600006,11.478183748000049],[124.82972555800006,11.490716957000075],[124.8316991050001,11.498439267000037],[124.82185201400011,11.510847351000052],[124.832573851,11.512758531000031],[124.83475633500007,11.530468032000044],[124.84162823300005,11.531532981000055],[124.84879388800005,11.541725489000044],[124.86020649600005,11.547161321000033],[124.86751052900001,11.54232367800006],[124.87190364300011,11.533336769000073],[124.8868841200001,11.533938273000047],[124.89366355600009,11.53872960700005],[124.89602715100011,11.54731517700003],[124.89321638700005,11.55445897800007],[124.88269037100008,11.555411423000066],[124.87771721800004,11.560437181000054],[124.88017804800006,11.568405244000076],[124.88935916900004,11.578650049000032],[124.89622711900006,11.573141297000063],[124.91051250500004,11.576535902000046],[124.92716583000004,11.567218217000061],[124.93727553300005,11.573967995000032],[124.94950290700001,11.57194529800006],[124.960235011,11.582479101000047],[124.9572988330001,11.596382164000033],[124.96683944100005,11.600740716000075],[124.9718429300001,11.608382609000046],[124.98497889900011,11.616965401000073],[124.99469819800004,11.619385221000073],[124.98965839800007,11.627288400000054],[124.98883159700006,11.638584516000037],[124.97712043500007,11.654256821000047],[124.97348665900006,11.667136438000057],[124.981386014,11.680819381000049],[124.99290998600009,11.686142037000025],[125.00967931000002,11.702848536000033],[125.02357843400011,11.729388201000063],[125.0444190820001,11.749525153000036],[125.032458098,11.765026393000028],[125.02238681100005,11.76552994900004],[125.01731253700007,11.773721626000054],[125.00688404300001,11.778259311000056],[124.99475736400007,11.777709164000044],[124.97225471700006,11.767916462000073],[124.95989328000007,11.767300541000054],[124.95131353800002,11.761197849000041],[124.91895434100002,11.743232873000068],[124.90864400900011,11.740830519000042],[124.90097564400003,11.754975434000073],[124.89269365200005,11.750743330000034],[124.88457887800007,11.756700386000034],[124.88515147100009,11.76243677900004],[124.87730224400002,11.782188536000035],[124.8682619430001,11.782089449000068],[124.86364373900005,11.786953489000041],[124.86511246600003,11.797995806000074],[124.85643458100003,11.813658492000059],[124.85000278000007,11.812226396000028],[124.84262379400002,11.81687121300007],[124.8363928010001,11.812405897000076],[124.8399537470001,11.802729998000075],[124.83465235900007,11.794947379000064],[124.82578779200003,11.805697595000026],[124.83031606100008,11.81224297500006],[124.83934680800007,11.817300286000034],[124.83588722700006,11.830416181000032],[124.82421033900005,11.83586996200006],[124.81882848100008,11.845888372000047],[124.80446892100008,11.84398795900006],[124.8039375840001,11.851580543000068],[124.79791092900007,11.858703984000044],[124.78504106600008,11.862094586000069],[124.78925355600006,11.868978712000057],[124.78071844300007,11.881643585000063],[124.79896102200007,11.886424188000035],[124.79320790200006,11.894640690000074],[124.79719290900005,11.904557203000024],[124.80344389200002,11.893184877000067],[124.80759241200008,11.90105199800007],[124.79403236900009,11.912978500000065],[124.78870499300001,11.909745275000034],[124.75591930700011,11.902690578000033],[124.74499381100009,11.896082118000038],[124.74916456400001,11.913428144000022],[124.74216854300005,11.92667817000006],[124.72654023600012,11.933695802000045],[124.72086235100005,11.944224035000047],[124.71323040700008,11.942154814000048],[124.70508225600008,11.945016593000048],[124.69145434300003,11.962474210000039],[124.68650774900004,11.976528758000029],[124.69259872000009,11.985363246000077],[124.69023594200007,12.003768380000054],[124.67677984800002,12.015673761000073],[124.67457875000002,12.021085439000046],[124.66462003000004,12.027874155000063],[124.64941737800007,12.043323365000049],[124.63517852300004,12.052539806000027],[124.61658138400003,12.056535555000039],[124.59427351600004,12.065973749000023],[124.5773886070001,12.065143564000039],[124.56638506700006,12.066567253000073],[124.54623300700007,12.059011906000023],[124.53574273400011,12.05826361100003],[124.52789562600003,12.063508741000021],[124.5212517760001,12.075997147000066],[124.51197414,12.08271436900003],[124.50018923700009,12.083190622000075],[124.50390595100009,12.090715921000026],[124.49379306100002,12.09916891000006],[124.48381957600009,12.103002034000042],[124.47383139500005,12.11261876900005],[124.47252815500008,12.12186482900006],[124.46185805400012,12.13715466900004],[124.45453407700006,12.142666993000034],[124.45047214500005,12.152978216000065],[124.43877267700009,12.163596664000067],[124.42651788500007,12.169871210000053],[124.42189864400007,12.168433981000021],[124.41634454900009,12.180249944000025],[124.40226768000002,12.18961347100003],[124.39045583900008,12.195106796000061],[124.38351597000008,12.217789693000043],[124.37026357900004,12.243760336000037],[124.3667250090001,12.256282593000037],[124.36023033100003,12.266708808000033],[124.35739338700012,12.281708523000077],[124.36841836500003,12.283196331000056],[124.42632817100002,12.283301339000047],[124.47708579200003,12.340963423000062],[124.48980371500011,12.331030033000047],[124.51175930900001,12.326589778000027],[124.51666026800001,12.315449646000047],[124.5949738710001,12.252414318000035],[124.59298314000011,12.260343319000071],[124.60154314500005,12.264455994000059],[124.61633219400005,12.25347023200004],[124.60823009600006,12.242421337000053],[124.62653126700002,12.228430569000068],[124.64856456300004,12.234697057000062],[124.64881725600003,12.243071856000029],[124.65744595900003,12.24185818500007],[124.66395427800012,12.251582995000035],[124.67260615600003,12.254165949000026],[124.67746106000004,12.245325002000072],[124.70963361100007,12.277833312000041],[124.75239134100002,12.262225584000078],[124.7922166410001,12.240866625000024],[124.84402041200008,12.217657946000031],[124.83217120800009,12.174381966000055],[124.85798196200005,12.137552355000025],[124.86831908600004,12.16527340600004],[124.9007523780001,12.23327658900007],[124.90726746500002,12.252334253000072],[124.911418421,12.245613691000074],[124.92910333100008,12.235622284000044],[124.94864926500009,12.230541531000028],[124.97507719500004,12.227870578000022],[124.99363217000007,12.230696290000026],[125.01964139900008,12.240434260000029],[125.03602115700005,12.24528407500003],[125.11634618700009,12.28358204400007],[125.15079612000011,12.285214755000027],[125.168291457,12.282900013000074]]]]}},{"type":"Feature","properties":{"name":"Sarangani","psgc":"128000000","island_group":"mindanao"},"geometry":{"type":"MultiPolygon","coordinates":[[[[125.10392875000002,5.955319112000041],[125.0713414700001,5.857381504000045],[124.9237710650001,5.860094512000046],[124.82317743800002,5.889556564000031],[124.52080870600003,6.022002271000076],[124.36398694800005,6.115464183000029],[124.40645356900006,6.207580064000069],[124.47221333700008,6.185371538000027],[124.68774435900002,6.080597101000023],[124.84607298500009,6.013338533000024],[125.00603333200002,6.01072849600007],[125.05591612,5.961623284000041],[125.10392875000002,5.955319112000041]]],[[[125.23695430400005,6.095554413000059],[125.24666173900005,6.263597311000069],[125.16472306000003,6.339224147000039],[125.07620906500006,6.359238639000068],[125.11303874600003,6.43504862900005],[125.20054683600006,6.461880608000058],[125.24867405900011,6.434868996000034],[125.34045833300002,6.49375],[125.393206071,6.503467441000055],[125.42545114400002,6.324122651000039],[125.47366583400003,6.295944447000068],[125.50458349500002,6.229850343000066],[125.50715002400011,6.149780336000049],[125.5385663830001,6.070512973000064],[125.48104653400003,5.908264889000066],[125.48315330700007,5.837673675000076],[125.39701450700011,5.67960411200005],[125.39418835800006,5.649428832000069],[125.30839548500012,5.63411394700006],[125.27792387900001,5.705713247000062],[125.1746176480001,5.797777429000064],[125.2919848030001,5.982389793000038],[125.2715563270001,6.083907102000069],[125.23695430400005,6.095554413000059]]]]}},{"type":"Feature","properties":{"name":"Siquijor","psgc":"076100000","island_group":"visayas"},"geometry":{"type":"Polygon","coordinates":[[[123.61380577900002,9.30094611100003],[123.62314232000006,9.300774431000036],[123.63284291100001,9.29514301000006],[123.644777814,9.28193417700004],[123.65459832400006,9.258606875000055],[123.65634958700002,9.245063333000076],[123.66663240500009,9.230982790000041],[123.68666246900011,9.221334869000032],[123.68540247900012,9.213047114000062],[123.66907731300012,9.212178576000042],[123.66065306000007,9.203090145000033],[123.65632237700004,9.192040467000027],[123.66402615000004,9.171854622000069],[123.67431245600005,9.160350495000046],[123.68472592100011,9.161131677000071],[123.69932304200006,9.157529774000068],[123.701962578,9.144879168000045],[123.69698420300006,9.14019585400007],[123.69365002000006,9.129746214000022],[123.68127558600008,9.121173439000074],[123.67631184600009,9.123050568000053],[123.66813999500005,9.115957839000032],[123.65720282000007,9.115143119000038],[123.65110998500006,9.123144978000028],[123.6400485370001,9.125878086000057],[123.63486766100004,9.123854215000051],[123.62555108300012,9.113185952000038],[123.62370653700009,9.10264064300003],[123.60580333700011,9.097007872000063],[123.58708359100001,9.095770904000062],[123.57262349700011,9.101411423000059],[123.55962346600006,9.101145716000076],[123.55140887000005,9.114847222000037],[123.54295757400007,9.115679807000049],[123.5336947940001,9.12741193200003],[123.5222119120001,9.135819294000044],[123.51466283000002,9.137711242000023],[123.50077488700003,9.14935063400003],[123.4855839700001,9.164989929000058],[123.47207277700011,9.174672085000054],[123.4648056530001,9.175434653000025],[123.45610420000003,9.182807139000033],[123.45245190600008,9.19266884800004],[123.46063676800009,9.197662094000066],[123.4600610760001,9.211584479000066],[123.4650803400001,9.22183301800004],[123.47061691400006,9.224323464000065],[123.48571140800004,9.219664971000043],[123.49177686500002,9.214980999000034],[123.51087693800002,9.214235908000035],[123.52418640000008,9.225730687000066],[123.55044993000001,9.223954151000044],[123.562371041,9.228097714000057],[123.56937134900011,9.24034122200004],[123.5752857980001,9.24584201600004],[123.58732183100005,9.248234164000053],[123.59654061700007,9.264693435000027],[123.59600830500005,9.286745089000021],[123.60305823300007,9.300876666000022],[123.61380577900002,9.30094611100003]]]}},{"type":"Feature","properties":{"name":"Sorsogon","psgc":"056200000","island_group":"luzon"},"geometry":{"type":"MultiPolygon","coordinates":[[[[124.10701618100006,12.550443775000076],[124.10453201700011,12.529762819000041],[124.09671549000007,12.524635484000044],[124.08896375400002,12.528257736000057],[124.09627588700005,12.54347148900007],[124.10701618100006,12.550443775000076]]],[[[123.80163155000002,12.839801129000023],[123.81676391700012,12.831310104000067],[123.82686770100008,12.831400706000068],[123.822090806,12.819450030000041],[123.809280983,12.82265267300005],[123.79430409000008,12.832090901000072],[123.80163155000002,12.839801129000023]]],[[[123.88664127200002,12.888577431000044],[123.89133071800006,12.880772800000045],[123.90097198100011,12.879778396000063],[123.90210949200002,12.867940175000058],[123.88423607100003,12.875020747000065],[123.88664127200002,12.888577431000044]]],[[[123.48226570000008,12.988444596000022],[123.49216108500002,13.000911147000068],[123.51782511400006,13.012754216000076],[123.53782893100004,13.018134173000021],[123.54809213600004,13.024415272000056],[123.56306575500003,13.023074812000061],[123.57486209300009,13.030070694000074],[123.58691683200004,13.022239605000038],[123.62025036900002,13.022980362000055],[123.62968937800008,13.010442943000044],[123.65000598900008,13.01932447300004],[123.68452626700002,13.028520850000064],[123.71473746600009,13.039926492000063],[123.72308167900007,13.034239268000022],[123.72238104200005,13.027039090000073],[123.73445022100009,13.026391080000053],[123.7364397980001,13.016215794000061],[123.74598040600006,12.996885520000035],[123.76215491200003,12.997107576000076],[123.76765605700007,12.986184890000061],[123.78231135300007,12.994530540000028],[123.78721564200009,13.004620741000053],[123.79577553900003,13.00827792900003],[123.80564823300006,13.01902807700003],[123.82253470700005,13.024403777000032],[123.85924674000012,13.040744482000036],[123.87528872400003,13.042301291000058],[123.89598666200004,13.03764349000005],[123.90670266300003,13.04093221100004],[123.91558972900009,13.05492922600007],[123.92101326300008,13.083766268000034],[123.92917038400003,13.102068074000044],[123.92676515300002,13.120887665000055],[123.92676340000003,13.121286570000052],[123.92675034000001,13.121362077000072],[123.939456618,13.118298482000057],[123.94799620100002,13.106125940000027],[123.9623214080001,13.10121003100005],[123.97384034900006,13.102009088000045],[123.97878366800012,13.093151440000042],[123.99197552600003,13.092285846000038],[124.0071188070001,13.076620243000036],[124.02221828100005,13.052212728000029],[124.03649328200004,13.041157854000062],[124.0454041270001,13.040861592000056],[124.06386762300008,13.033957506000036],[124.07085737700004,13.020598127000028],[124.07140861100004,13.01042192400007],[124.08264340100004,13.002029895000021],[124.08880485200007,13.003141693000032],[124.09697717400002,13.015240425000059],[124.10717200300007,13.04561275900005],[124.10691161200009,13.058676002000027],[124.11352144800003,13.065841269000032],[124.1351507810001,13.075707771000054],[124.17013276900002,13.067892248000021],[124.18791070500004,13.066762737000033],[124.19291605900003,13.06090385500005],[124.19610016600006,13.040766474000066],[124.1909415020001,13.031619290000037],[124.19828708700004,13.021977108000044],[124.18829003000008,13.009283795000044],[124.17359042300006,13.003987757000061],[124.1699062140001,13.007502503000069],[124.15150412300011,12.998062197000024],[124.14142512500007,12.979348510000023],[124.14116993300001,12.971229590000064],[124.148001023,12.965526690000047],[124.14219730100001,12.933617162000075],[124.12681722000002,12.928295954000077],[124.12781790400004,12.913475247000065],[124.11737146100006,12.908745986000042],[124.1215091680001,12.897657658000071],[124.13016341000002,12.891187729000023],[124.14365271300005,12.89907770900004],[124.1486411410001,12.89176217000005],[124.14137930700008,12.883197565000046],[124.13976054200009,12.873355076000053],[124.15156398700003,12.861752188000025],[124.14706130900004,12.84469622000006],[124.1551865350001,12.829460996000023],[124.15556476200004,12.808520696000073],[124.14770160600006,12.788666458000023],[124.14853845300001,12.772715160000075],[124.13742995900009,12.764558753000074],[124.14038171900006,12.756353286000035],[124.13735347900001,12.74287840900007],[124.13170167300007,12.734251369000049],[124.14215540600003,12.699786189000065],[124.13234856500003,12.694471841000052],[124.12950601200009,12.685916888000065],[124.13559203500006,12.670315444000039],[124.13389260000008,12.662086969000029],[124.11485640700005,12.651752332000058],[124.09413255400011,12.635989324000036],[124.09403249200011,12.621117555000069],[124.10297700800004,12.61395152700004],[124.10949149200007,12.596506126000065],[124.09032878500011,12.588011269000049],[124.08493469200005,12.58055876900005],[124.0959738890001,12.572572260000072],[124.09764514500012,12.556532570000059],[124.0699554040001,12.53826273900006],[124.0509434060001,12.539801157000056],[124.0441062210001,12.532966178000038],[124.00401763600007,12.540324514000076],[123.99526674600008,12.547416774000055],[123.98787218000007,12.546211454000058],[123.97473392900008,12.556372977000024],[123.9682895630001,12.568353922000028],[123.95764167100003,12.574745070000063],[123.94816666600002,12.589666818000069],[123.944693045,12.602571419000071],[123.93669675300009,12.614419982000072],[123.93743958100004,12.625328198000034],[123.93050974300002,12.628790070000036],[123.92426773800003,12.616748341000061],[123.91643574700004,12.619359121000059],[123.91279764,12.637402045000044],[123.90443930300012,12.642499742000041],[123.89141988800009,12.644521178000048],[123.87509012600003,12.65531693500003],[123.87125892200004,12.673751633000052],[123.8603369540001,12.687899834000063],[123.84980453800006,12.720648854000046],[123.84649551300004,12.74705633700006],[123.84588404300007,12.795602300000041],[123.83558168200011,12.825071714000046],[123.83689390200004,12.838088111000047],[123.84859464700003,12.848202807000064],[123.85563894900008,12.848235342000066],[123.86352448600007,12.861491552000075],[123.85786121000001,12.873825786000054],[123.87692118100006,12.870924913000067],[123.90966755000011,12.851363311000057],[123.93675364800004,12.844822186000044],[123.94462318500007,12.84947683400003],[123.94163075500012,12.865335681000033],[123.94747819300005,12.87488155400007],[123.97333772700006,12.876525216000061],[123.98303600500003,12.879476995000061],[123.99246562200005,12.868455077000021],[124.00395418100004,12.875521024000022],[124.0185593550001,12.87797211800006],[124.02680362000001,12.890079231000072],[124.03278417400008,12.909814479000033],[124.04186967300006,12.930591922000076],[124.0388210100001,12.945046012000034],[124.02972809700009,12.967084999000065],[124.01957866100008,12.97336030300005],[123.98588269000004,12.96358454500006],[123.96967589100007,12.95647901700005],[123.9430661990001,12.956916420000027],[123.92885884200007,12.965741550000075],[123.92370202400002,12.978449296000065],[123.89632934000008,12.973607014000038],[123.88430714800006,12.978461407000054],[123.88122531500005,12.957560885000078],[123.87742709000008,12.947531708000042],[123.8799565170001,12.936171512000044],[123.8711737000001,12.93484670600003],[123.86859142600008,12.925891325000066],[123.85938180200003,12.921820612000033],[123.85481788800007,12.897815445000049],[123.83336350700006,12.901842998000063],[123.8356056,12.891081463000035],[123.82792810500007,12.878459920000068],[123.8163587890001,12.881678599000054],[123.80622406400005,12.866088562000073],[123.7807641490001,12.868858919000047],[123.77197336200004,12.880885787000068],[123.76240178500007,12.875350942000068],[123.76331582500006,12.86716075000004],[123.74429792300009,12.845886503000031],[123.7339666470001,12.845356693000042],[123.72378867500004,12.86013861400005],[123.72875816600003,12.87004763300007],[123.71695356300006,12.884538500000076],[123.69847170800006,12.88980560500005],[123.68837043000008,12.886821249000036],[123.69887690300004,12.875910347000058],[123.69493367000007,12.866718129000049],[123.68229453600009,12.876126518000035],[123.67789513000002,12.901711466000052],[123.69057378900004,12.919089575000044],[123.67900517300006,12.921907341000065],[123.66213564400005,12.917684413000075],[123.65196709500003,12.898522215000071],[123.65893497000002,12.889977803000022],[123.65275190400007,12.870512329000064],[123.63529437200009,12.88747698900005],[123.62080686200011,12.897836895000069],[123.59360334500002,12.902323789000036],[123.5641796760001,12.938829519000024],[123.55597734900005,12.946071962000076],[123.5439990960001,12.950059346000046],[123.53540957900009,12.947913683000024],[123.53268252900011,12.93740772700005],[123.49864280300005,12.972962504000066],[123.49326801500001,12.982890014000077],[123.48226570000008,12.988444596000022]]]]}},{"type":"Feature","properties":{"name":"South Cotabato","psgc":"126300000","island_group":"mindanao"},"geometry":{"type":"Polygon","coordinates":[[[124.7250482720001,6.668010838000043],[124.76987000200006,6.591636409000046],[124.84102072400003,6.539709844000072],[124.91629619800005,6.577296666000052],[125.00209730600011,6.534317616000067],[125.10553101900007,6.553659048000043],[125.11303874600003,6.43504862900005],[125.07620906500006,6.359238639000068],[125.16472306000003,6.339224147000039],[125.24666173900005,6.263597311000069],[125.23695430400005,6.095554413000059],[125.17010944300011,6.106297129000041],[125.10403339400011,5.955440896000027],[125.10394295900005,5.955326634000073],[125.10392875000002,5.955319112000041],[125.05591612,5.961623284000041],[125.00603333200002,6.01072849600007],[124.84607298500009,6.013338533000024],[124.68774435900002,6.080597101000023],[124.47221333700008,6.185371538000027],[124.40645356900006,6.207580064000069],[124.40700939500005,6.350098604000038],[124.5328117150001,6.388598426000044],[124.57705243400005,6.356716961000075],[124.6331832300001,6.399346561000073],[124.61392695400002,6.558790609000027],[124.71950729800005,6.581370485000036],[124.7250482720001,6.668010838000043]]]}},{"type":"Feature","properties":{"name":"Southern Leyte","psgc":"086400000","island_group":"visayas"},"geometry":{"type":"MultiPolygon","coordinates":[[[[125.06042068800002,9.96466237200002],[125.06816906600011,9.95970879600003],[125.07109485800004,9.949842828000044],[125.07944802000009,9.935290673000054],[125.0774189650001,9.909680349000041],[125.07858451900006,9.899875146000056],[125.07331121800007,9.89522405200006],[125.06767612200008,9.903519729000038],[125.07379389200003,9.922802023000031],[125.07066031500005,9.927261825000073],[125.0663554460001,9.943797835000055],[125.06080055400002,9.953130859000055],[125.06042068800002,9.96466237200002]]],[[[125.12920936300009,10.16187869600003],[125.14699404800001,10.14984355100006],[125.1545735420001,10.140683128000035],[125.16742898100006,10.13261869300004],[125.18246657100008,10.13538883800004],[125.18727250000006,10.131332567000072],[125.20273361000011,10.126695084000062],[125.21070676900001,10.128491672000052],[125.21737094200012,10.115297329000043],[125.21840231200008,10.104983159000028],[125.22294284400004,10.09369825400006],[125.23424675600006,10.079808311000022],[125.24462838200009,10.041310074000023],[125.25244001700003,10.032034408000072],[125.2555245960001,10.022588002000077],[125.26705871600007,10.006995676000031],[125.2803676420001,9.992620247000048],[125.27261940300002,9.97301266900007],[125.27338200300005,9.965750789000026],[125.28864262000002,9.948891102000061],[125.29693668100003,9.935777206000068],[125.29885401700005,9.925342040000032],[125.2893326410001,9.913357756000039],[125.28292605100012,9.910472299000048],[125.26515591600003,9.909355290000065],[125.25572462600007,9.91399614200003],[125.24753061500007,9.93652863400007],[125.24846814000011,9.946849331000067],[125.2395129890001,9.961222260000056],[125.23036926900011,9.965086736000046],[125.2243335610001,9.96269895200004],[125.22038117900001,9.97423230000004],[125.21078917000011,9.984110409000039],[125.20061505500007,10.008809386000053],[125.19082922200005,10.022472117000063],[125.190685174,10.029213914000024],[125.18070988900001,10.043169238000075],[125.15601394700002,10.056402426000034],[125.14124551200007,10.058683229000053],[125.12286181700006,10.087084747000063],[125.12422662800009,10.093136937000054],[125.11918939000009,10.10001907800006],[125.11635023600002,10.112751959000036],[125.11785970100004,10.133837451000034],[125.12072692100003,10.138609503000055],[125.11603530900004,10.145338225000046],[125.1175628960001,10.152376187000073],[125.12920936300009,10.16187869600003]]],[[[125.17386775300008,10.600700517000064],[125.1842437140001,10.59456048100003],[125.18811752200008,10.560947954000028],[125.1761402630001,10.555556227000068],[125.17385595500002,10.54575091700002],[125.1644677490001,10.535021132000054],[125.16625118500008,10.519628734000037],[125.16992092300006,10.511299011000062],[125.17503097500003,10.51047027800007],[125.18151400900001,10.49415700700007],[125.18564899700004,10.49061204800006],[125.19104462900009,10.475180755000054],[125.18679696200002,10.464381403000061],[125.18475837400001,10.448277467000025],[125.18699870500006,10.440941905000045],[125.17983072100003,10.436925579000047],[125.18412220100004,10.422320884000044],[125.19399788200008,10.412090137000064],[125.20046791400011,10.39932483900003],[125.21009773300011,10.389285008000058],[125.22212198300008,10.382472103000055],[125.23378972700004,10.394544207000024],[125.23973135500012,10.394797665000056],[125.26033558200004,10.36706259500005],[125.25428473500006,10.35688304000007],[125.26058401900002,10.345684322000068],[125.26505400100007,10.32918664500005],[125.26802968100003,10.299925232000021],[125.25931665200005,10.271001910000052],[125.25432733600007,10.259786677000022],[125.24913462100005,10.254997875000072],[125.23069298500002,10.251595449000035],[125.21538054500002,10.246534939000071],[125.1988741130001,10.249691176000056],[125.18773981100003,10.25679561800007],[125.1752256960001,10.25959782800004],[125.15513776800003,10.268311424000046],[125.14127757300002,10.277266676000067],[125.13146648700001,10.275482170000032],[125.1257019740001,10.261616469000046],[125.12910516600004,10.212592303000065],[125.13337753600001,10.202943456000071],[125.13370387300006,10.186942144000056],[125.13898941900004,10.17399759500006],[125.13694929700011,10.167393477000076],[125.12640228900011,10.16417374100007],[125.10819840700003,10.192706968000039],[125.10281447700004,10.193090593000022],[125.08380889300008,10.217274562000057],[125.07741056000009,10.230424172000028],[125.07307945800005,10.24886162000007],[125.06458465500009,10.261245411000061],[125.06638923100002,10.267177139000069],[125.06033218300001,10.275202007000075],[125.05791815200007,10.288778020000052],[125.05209568200007,10.292053102000068],[125.0403301980001,10.309906582000053],[125.03597952500002,10.32769164900003],[125.03850197400004,10.331915716000026],[125.03487362800001,10.343158968000068],[125.02611314100011,10.357930460000034],[125.02505728300002,10.368596059000026],[125.00392690500007,10.38122155000002],[124.98782446000007,10.37942977800003],[124.98227010800008,10.383064906000072],[124.96983619700006,10.377046689000053],[124.97101994400009,10.361262226000065],[124.97597944300003,10.343457669000031],[124.97234688200001,10.32830681400003],[124.9756240480001,10.31477519300006],[124.98102187000006,10.308792690000075],[124.98074791600004,10.292030328000067],[124.98450095100009,10.269893998000043],[124.9849160760001,10.244173511000042],[124.97810496500006,10.232382034000068],[124.98140831100011,10.221875359000023],[124.9770693800001,10.214100494000036],[124.98327347200006,10.196840604000045],[124.98345718700011,10.186861975000056],[124.9920817090001,10.178162001000032],[125.00410588200009,10.15658359300005],[125.00018200200009,10.144654483000068],[125.00724020400003,10.133360520000053],[125.00867456300011,10.11495598700003],[125.01294623500007,10.102206286000069],[125.01795286900006,10.100396524000075],[125.02341602500007,10.089415358000053],[125.02318753400004,10.061074354000027],[125.02636936100009,10.048840962000043],[125.02556218500001,10.041398343000026],[125.0190117300001,10.028448828000023],[125.02727282900003,10.012832178000053],[125.0181854330001,10.010098925000023],[125.01017465300004,10.029063931000053],[124.99788110400004,10.034553527000071],[124.98322450900002,10.035065883000073],[124.96622103300001,10.046303529000056],[124.9567028890001,10.059749948000047],[124.94433542600007,10.069249769000066],[124.93721596500006,10.080898411000021],[124.91942396900004,10.089241661000074],[124.91235266400008,10.087403946000052],[124.90435331000003,10.090327040000034],[124.89889702200003,10.097218136000038],[124.8997147560001,10.107763053000042],[124.89258050900003,10.118685805000041],[124.88077816700002,10.125066846000038],[124.85740538900006,10.129103394000026],[124.84531475300003,10.132545997000022],[124.82116296200002,10.129719136000062],[124.80500773300002,10.129834488000029],[124.79217205500004,10.13650668300005],[124.78433934700001,10.13797597000007],[124.77778017800006,10.133591936000073],[124.77306322900006,10.143650800000046],[124.75675614400006,10.159038682000073],[124.75416689700012,10.170893112000044],[124.75392597100006,10.18592387600006],[124.76593470000012,10.185135720000062],[124.78402460300003,10.189466081000035],[124.78833147400007,10.19550324200003],[124.7964522850001,10.194318451000072],[124.80837727100004,10.201246336000054],[124.82104006800012,10.205224108000039],[124.83530130100007,10.229184520000047],[124.84594121700002,10.236326606000034],[124.85374092000006,10.233518227000047],[124.86250553100001,10.254237019000072],[124.8686900240001,10.254124042000058],[124.87659845900009,10.259937182000044],[124.89432458400006,10.262584280000056],[124.90265909000004,10.268111919000035],[124.90931299800002,10.278708334000044],[124.91096631200003,10.295398358000057],[124.90489518100003,10.303962679000051],[124.90007194000009,10.348885033000045],[124.8965453300001,10.35614085700007],[124.89254070800007,10.373493506000045],[124.87743280200004,10.394057130000022],[124.87688272700007,10.40891184800006],[124.88640328600002,10.433261347000041],[124.88905366100005,10.47384872200007],[124.89116449700009,10.480181229000038],[124.90562934700006,10.503658593000068],[124.9260221290001,10.503096587000073],[124.95839498300006,10.506104734000075],[124.9695324920001,10.505320462000043],[124.98778789500011,10.509048678000056],[125.01440322400003,10.519608377000054],[125.05259768000008,10.522242621000032],[125.07766168000012,10.525729142000046],[125.08260504700002,10.53358084000007],[125.07237411300002,10.541438199000027],[125.0859437580001,10.55539113900005],[125.11103820800008,10.568942070000048],[125.14374453800008,10.591694435000022],[125.15749515400012,10.58836569500005],[125.17386775300008,10.600700517000064]]]]}},{"type":"Feature","properties":{"name":"Sultan Kudarat","psgc":"126500000","island_group":"mindanao"},"geometry":{"type":"Polygon","coordinates":[[[124.7250482720001,6.668010838000043],[124.71950729800005,6.581370485000036],[124.61392695400002,6.558790609000027],[124.6331832300001,6.399346561000073],[124.57705243400005,6.356716961000075],[124.5328117150001,6.388598426000044],[124.40700939500005,6.350098604000038],[124.40645356900006,6.207580064000069],[124.36398694800005,6.115464183000029],[124.3231095750001,6.114332851000029],[124.18475064300003,6.210645933000023],[124.15435349400002,6.273950247000073],[124.04761814100004,6.398968457000024],[124.0211425650001,6.52400046200006],[124.05461363400002,6.606336272000021],[124.0223511580001,6.698965055000031],[124.0333427710001,6.740810256000032],[124.21014178200005,6.743249806000051],[124.27895399600004,6.69617573000005],[124.41355869200004,6.727836713000045],[124.51614574200005,6.727932620000047],[124.50931452600003,6.772891965000042],[124.57833560200004,6.783005277000029],[124.58028927100008,6.850143099000036],[124.63372708500003,6.887706705000028],[124.71708527800001,6.810847399000068],[124.78709570600006,6.67697144300007],[124.77892310200002,6.623288442000046],[124.86302203700006,6.608629873000041],[124.88680814300005,6.677562946000023],[125.00774339400004,6.734105528000043],[125.05218985700003,6.771758358000056],[125.07053354600009,6.738922535000029],[125.0467900320001,6.668458753000039],[125.10553101900007,6.553659048000043],[125.00209730600011,6.534317616000067],[124.91629619800005,6.577296666000052],[124.84102072400003,6.539709844000072],[124.76987000200006,6.591636409000046],[124.7250482720001,6.668010838000043]]]}},{"type":"Feature","properties":{"name":"Sulu","psgc":"156600000","island_group":"barmm"},"geometry":{"type":"MultiPolygon","coordinates":[[[[120.7216827200001,5.488077590000046],[120.73292856700004,5.478168584000059],[120.74320118900005,5.459479516000044],[120.7393063070001,5.453305315000023],[120.73360881600001,5.475556733000076],[120.7216827200001,5.488077590000046]]],[[[120.80366258000004,5.514685792000023],[120.8050068330001,5.499595498000076],[120.8001471870001,5.477262757000062],[120.78571269300005,5.472892131000037],[120.78305022100005,5.461281645000042],[120.7728138650001,5.477155627000059],[120.77813900700005,5.49394197700002],[120.7852668480001,5.501159233000067],[120.788484,5.51153417300003],[120.80366258000004,5.514685792000023]]],[[[120.91243098600012,5.556719807000036],[120.92699926700004,5.551872472000071],[120.91977762500005,5.546528835000061],[120.91243098600012,5.556719807000036]]],[[[120.79411646200003,5.569782560000021],[120.80896679700004,5.562581096000031],[120.8112017740001,5.554192866000051],[120.80369990000008,5.542446296000037],[120.80548038500001,5.53050832100007],[120.80013835200009,5.527771635000022],[120.79373208700008,5.517907459000071],[120.78254215800007,5.513947745000053],[120.78309269300007,5.504434400000036],[120.77767544700009,5.497712466000053],[120.7656360850001,5.495770050000033],[120.75878612500003,5.497786850000068],[120.74651555000003,5.511452309000049],[120.74450330500008,5.517647001000057],[120.75048876700009,5.53259837500002],[120.75601944100003,5.536010404000024],[120.75943528900007,5.552267778000044],[120.76473008700009,5.559690315000068],[120.79411646200003,5.569782560000021]]],[[[120.85073244300008,5.592251361000024],[120.8541992050001,5.586682830000029],[120.86743124500003,5.585524930000076],[120.88565288200004,5.562017357000059],[120.8885989800001,5.553852072000041],[120.89906193900003,5.549155646000031],[120.90794161500003,5.537873350000041],[120.89126191900004,5.513381252000045],[120.88951999300002,5.507819363000067],[120.87701411100011,5.493194308000056],[120.856914802,5.487558487000058],[120.83850138700006,5.500917030000039],[120.81708713800003,5.526016244000061],[120.81229303400005,5.544657001000076],[120.82048271600001,5.557589362000044],[120.82075719800002,5.568465902000071],[120.8262903640001,5.576550648000023],[120.85073244300008,5.592251361000024]]],[[[120.27564225000003,5.629650402000038],[120.28495885100006,5.623106670000027],[120.27585241200006,5.615180237000061],[120.2697219590001,5.61947327200005],[120.27564225000003,5.629650402000038]]],[[[121.06690138800002,5.694177133000039],[121.0729921410001,5.683744240000067],[121.07052627600001,5.674682917000041],[121.06199728500007,5.666801188000022],[121.04624812700001,5.659406344000047],[121.02835546400001,5.665080904000035],[121.01885717300001,5.671806747000062],[121.0123234460001,5.681861568000045],[121.02149203700003,5.683473220000053],[121.0306675700001,5.680754624000031],[121.04048889600006,5.682777411000075],[121.04349237400004,5.687552491000076],[121.06690138800002,5.694177133000039]]],[[[120.994292158,5.698180187000048],[121.01191471200002,5.671666350000066],[121.00876827000002,5.666852561000042],[120.99929371200005,5.673383680000029],[120.99177273400005,5.68603807300002],[120.994292158,5.698180187000048]]],[[[120.83627921200002,5.710169099000041],[120.8530965000001,5.708472250000057],[120.87517008900011,5.697427155000071],[120.88902601000007,5.693502243000069],[120.88550846800001,5.681597495000062],[120.87108278900007,5.681407673000024],[120.862575106,5.670669077000071],[120.86262454200005,5.666274346000023],[120.8401293600001,5.664186599000061],[120.82994542200004,5.669390226000075],[120.81675958100004,5.66859925600005],[120.80940616800001,5.662040442000034],[120.79923874500003,5.662940031000062],[120.79480990700006,5.669178685000077],[120.80347520900011,5.69783583800006],[120.83627921200002,5.710169099000041]]],[[[120.99796906300003,5.737726473000066],[121.00975165600005,5.736470448000034],[121.01652071400008,5.731845938000049],[121.01835312100002,5.723502577000033],[121.01209032100007,5.715741725000044],[121.00213211900007,5.716377117000036],[120.99529233500004,5.723041283000043],[120.99342991300011,5.735566758000061],[120.99796906300003,5.737726473000066]]],[[[120.91082791600002,5.759481673000039],[120.9224967560001,5.756140112000026],[120.93117291200008,5.746228328000029],[120.9360408010001,5.729487685000038],[120.93481607300009,5.718136884000046],[120.92452664100006,5.705726953000067],[120.91680398100004,5.702181985000038],[120.90460212200003,5.701470365000034],[120.89062180500002,5.694094820000032],[120.88108378900006,5.704300112000055],[120.88596721400006,5.74187140600003],[120.89376849200005,5.753253854000036],[120.91082791600002,5.759481673000039]]],[[[120.41566311200006,5.763638624000066],[120.41779910600007,5.756280799000024],[120.40834949000009,5.748323394000067],[120.40964929300003,5.761318485000061],[120.41566311200006,5.763638624000066]]],[[[120.39942147900001,5.811546514000042],[120.415767963,5.794287948000033],[120.419778489,5.792161211000064],[120.42163703500012,5.777971541000056],[120.41596850500002,5.773325343000067],[120.40874442800009,5.776485563000051],[120.40115273900005,5.787964395000074],[120.39563766900005,5.800943934000031],[120.39942147900001,5.811546514000042]]],[[[121.21010923600011,5.821240618000047],[121.22364889300002,5.817536076000067],[121.23688554800003,5.818471679000027],[121.23886118300004,5.811646265000036],[121.21805875600012,5.803820581000025],[121.21010923600011,5.821240618000047]]],[[[121.146611731,5.849783845000047],[121.15969526600009,5.843961802000024],[121.1663576950001,5.846473308000043],[121.18075032700006,5.842769395000062],[121.19369551400007,5.835933462000071],[121.20117795200008,5.818267496000033],[121.20825219500011,5.808720688000051],[121.20510380100006,5.799615109000058],[121.1990303990001,5.79833022300005],[121.1927037150001,5.789619450000032],[121.18000379400007,5.787538982000058],[121.16953016100001,5.781404345000055],[121.15088258800006,5.779838652000024],[121.13802287400006,5.789090546000068],[121.1308186440001,5.812347296000041],[121.13415972700011,5.826076645000057],[121.146611731,5.849783845000047]]],[[[121.08999997700005,5.85915667300003],[121.09520677100011,5.85027956700003],[121.08940630600011,5.842345447000071],[121.07945568000002,5.843708371000048],[121.0818262250001,5.855809572000055],[121.08999997700005,5.85915667300003]]],[[[121.21748693400002,5.859419372000048],[121.22857611900008,5.853831008000043],[121.23737292300007,5.839128994000021],[121.22792796300007,5.839606884000034],[121.21967793800002,5.848220572000059],[121.21748693400002,5.859419372000048]]],[[[119.93958933300007,5.884971500000063],[119.94650391000005,5.875789986000029],[119.95158946100003,5.880480896000051],[119.96179070900007,5.870008066000025],[119.96160424200002,5.862328277000074],[119.93395533000012,5.865442181000049],[119.9193315340001,5.874491203000048],[119.93282490800004,5.883560779000049],[119.93958933300007,5.884971500000063]]],[[[120.00999934700008,5.888587193000035],[120.01582933100008,5.881293252000034],[120.00722677600004,5.867780006000032],[119.99339992500006,5.863263817000075],[119.9727314800001,5.861362531000054],[119.97805753500006,5.867575066000029],[119.99156152600005,5.872683183000049],[120.00127372300005,5.871855930000038],[120.00999934700008,5.888587193000035]]],[[[119.97193920200004,5.893329273000063],[119.97100184200008,5.872646803000066],[119.96473307600002,5.881731666000064],[119.97193920200004,5.893329273000063]]],[[[120.07327194900006,5.893912439000076],[120.07915209700002,5.871663019000039],[120.0706300600001,5.874806776000071],[120.06897488800007,5.891435943000033],[120.07327194900006,5.893912439000076]]],[[[119.99176649300011,5.940498944000069],[120.00049534900006,5.938722503000065],[120.00269348800009,5.932487621000064],[119.99759270700008,5.923493238000049],[119.99097033800001,5.920122410000033],[119.97797000900005,5.926565691000064],[119.98350629600009,5.937739198000031],[119.99176649300011,5.940498944000069]]],[[[120.12054496700011,5.968905714000073],[120.12416846500003,5.956807792000063],[120.12099589800005,5.951100393000047],[120.1220682500001,5.940275883000027],[120.11424235700008,5.942700051000031],[120.10982768400004,5.954677270000047],[120.12054496700011,5.968905714000073]]],[[[121.57860546400002,5.979331108000054],[121.59070756100004,5.973174194000023],[121.59697144000006,5.961622728000066],[121.59604476100003,5.952312459000041],[121.58001445100001,5.936319436000076],[121.56874337800002,5.93319311700003],[121.55729211700009,5.945658699000035],[121.558112144,5.955211787000053],[121.57860546400002,5.979331108000054]]],[[[120.10283101100003,5.989327029000037],[120.11014574500007,5.988306744000056],[120.12094338300005,5.970633132000046],[120.10483635900005,5.970546350000063],[120.10239194700011,5.961433167000052],[120.1087385840001,5.959933607000039],[120.10924692700007,5.952830812000059],[120.11456670000007,5.93654944900004],[120.12231091900003,5.932259368000075],[120.121653809,5.919742094000071],[120.11705574900009,5.917697101000044],[120.10041760600006,5.95099417800003],[120.09609410200005,5.966093984000054],[120.08989946300005,5.974229951000041],[120.09486057000004,5.983661910000023],[120.10283101100003,5.989327029000037]]],[[[121.32738190000009,6.034086424000066],[121.32737265500009,6.024110048000068],[121.31817435900007,6.017531184000063],[121.31462677500008,6.026591959000029],[121.32738190000009,6.034086424000066]]],[[[121.5511122470001,6.042056303000038],[121.55794944100012,6.036310847000038],[121.55424457200002,6.013558318000037],[121.54111906500009,6.010667395000041],[121.5417539560001,6.004865063000068],[121.52945672700002,5.993937021000022],[121.52316308000002,6.001810669000065],[121.540758621,6.038161743000046],[121.5511122470001,6.042056303000038]]],[[[121.40752729000008,6.057120550000036],[121.41224544600004,6.057112422000046],[121.42603224200002,6.049491600000067],[121.43111925200003,6.04242421400005],[121.43330242800005,6.027541365000047],[121.42652323100003,6.015449032000049],[121.4183142070001,6.01277901900005],[121.40807492500005,6.019150377000074],[121.39587448200007,6.014559625000061],[121.38570335500003,6.017500842000061],[121.37988075300007,6.033246495000071],[121.39229108000006,6.04365020900002],[121.39952347200006,6.054434032000074],[121.40752729000008,6.057120550000036]]],[[[121.67759060700007,6.057386554000061],[121.69117370200001,6.055014307000022],[121.68962721300011,6.040869730000054],[121.70572106500003,6.042004103000068],[121.7251252740001,6.030945996000071],[121.72059428500006,6.023952890000032],[121.70308828500004,6.019459832000052],[121.6952415930001,6.010706068000047],[121.68954191800003,5.994324258000063],[121.6777352580001,5.993901086000051],[121.6705128110001,5.988901392000059],[121.65530111400005,5.99188226900003],[121.6525702460001,5.995874874000037],[121.6578146820001,6.004484687000058],[121.66749581700003,6.010658096000043],[121.67588869600002,6.012514043000067],[121.68677796200006,6.029046803000028],[121.6822426870001,6.037791801000026],[121.66945252700009,6.037368275000063],[121.67365111700008,6.05642679500005],[121.67759060700007,6.057386554000061]]],[[[121.4530357750001,6.076421529000072],[121.46133029500004,6.064683587000047],[121.45170272500002,6.05724593900004],[121.44161563800003,6.052979524000023],[121.44171474300003,6.071118470000044],[121.4530357750001,6.076421529000072]]],[[[121.7042341230001,6.076702089000037],[121.71716438100009,6.068915287000038],[121.70902125600003,6.063966317000052],[121.7012871600001,6.073421148000023],[121.7042341230001,6.076702089000037]]],[[[121.05967660600004,6.091090096000073],[121.06547004400011,6.086778284000047],[121.08838988500008,6.085834515000045],[121.11077353500002,6.09071250900007],[121.12156008700003,6.09042254700006],[121.13601926100011,6.078248676000044],[121.147844931,6.075866796000071],[121.15397972900007,6.077723048000053],[121.16283393700007,6.05667625500007],[121.18111422400011,6.040402934000042],[121.18526276900002,6.021739016000026],[121.19411897300006,6.008294550000073],[121.20498286200007,5.996685564000074],[121.21534154100004,5.995165067000073],[121.22500189800007,5.998824859000024],[121.24429654200003,6.012873762000027],[121.26067503600007,6.013773125000057],[121.27959852800007,6.018948006000073],[121.30793789900008,6.011160782000047],[121.31401382700005,6.002737358000047],[121.32691205900005,6.00172875100003],[121.33949827200001,6.008623960000023],[121.34771018300012,6.010200627000074],[121.3537042160001,6.005365265000023],[121.36396935300002,6.004829731000029],[121.36108432700007,5.990076316000057],[121.3665435260001,5.990460989000042],[121.37218706800002,6.000586923000071],[121.3689391370001,6.005279796000025],[121.38362097200002,6.010246011000049],[121.39420768800005,6.010007735000045],[121.41836919400009,5.995711345000075],[121.4254885250001,5.983022466000023],[121.42674783400003,5.965622601000064],[121.42484095500004,5.958081092000043],[121.41392428900008,5.945591981000064],[121.40631354400011,5.942458957000042],[121.39748606700005,5.943605973000047],[121.38361151100003,5.936984752000058],[121.38074784600008,5.926247285000045],[121.38894248100007,5.921679747000042],[121.38630913700001,5.907904859000041],[121.37831951100009,5.903453143000036],[121.3752666470001,5.915519152000059],[121.36664739900004,5.914529808000054],[121.35320147100003,5.917996381000023],[121.3383313270001,5.903589040000043],[121.32000978100007,5.894320854000057],[121.31103707500006,5.887585751000074],[121.3020503780001,5.876259767000022],[121.29326430000003,5.874163551000038],[121.29922959200007,5.866058953000049],[121.29529909900009,5.860336152000059],[121.27742913100008,5.862757378000026],[121.27965702000006,5.872093548000066],[121.25969192900004,5.884623103000024],[121.25490853400004,5.893257890000029],[121.241360858,5.888545644000033],[121.23556642300002,5.893815163000056],[121.23296921600001,5.906954461000055],[121.24036554500003,5.911645620000058],[121.24444131900009,5.920230237000055],[121.23750522000012,5.936352700000043],[121.232002985,5.940721566000036],[121.217890581,5.936964110000076],[121.21832026300001,5.944273764000059],[121.19975711900008,5.946590743000058],[121.1897685450001,5.949994076000053],[121.18404133400009,5.938734216000057],[121.17556209400004,5.943068351000022],[121.16760854300003,5.942839487000072],[121.16540309800007,5.929326240000023],[121.14283915100009,5.925392921000025],[121.13657481000007,5.920595472000059],[121.13429787600012,5.912225819000071],[121.12476125600006,5.906086023000057],[121.09986933100004,5.897120225000037],[121.08953962100009,5.897236712000051],[121.0819913360001,5.881891363000022],[121.07438532700007,5.87761305600003],[121.05897560800008,5.887424902000021],[121.05199334800011,5.902156583000021],[121.04074104300003,5.911578603000066],[121.03612520700005,5.922747318000063],[121.02247991100012,5.926827740000022],[121.00547406400005,5.922339821000037],[121.00083964900011,5.915540983000028],[120.99289905500007,5.915390478000063],[120.97599532000004,5.903575744000022],[120.9610549040001,5.90179054500004],[120.94770921800011,5.896330572000068],[120.94162287400002,5.890673684000035],[120.92275092500006,5.891672300000039],[120.91055869000002,5.909388673000024],[120.89622403400006,5.918492798000045],[120.88004436300002,5.920293024000046],[120.87560679300009,5.935638377000032],[120.87330668600009,5.954409310000074],[120.88465935200009,5.968851175000054],[120.8886328100001,5.977686188000064],[120.89102439600003,5.992063520000045],[120.89638812600003,6.001945232000025],[120.90744718300004,6.009798334000038],[120.91797141500001,6.024838789000057],[120.94152450000001,6.035014392000051],[120.94993158900002,6.033160788000032],[120.9653210780001,6.04388284700002],[120.98349990100007,6.044677389000071],[120.98581559200011,6.050535029000059],[120.99820202500007,6.054670087000034],[121.01290655000003,6.069311765000066],[121.01421653600005,6.084979146000023],[121.02710871500005,6.090094683000075],[121.03995670100005,6.085974865000026],[121.05967660600004,6.091090096000073]]],[[[121.76428985500002,6.094636853000054],[121.776727402,6.086310952000076],[121.78731528300011,6.068214672000067],[121.79745310100009,6.060152622000032],[121.81786645900002,6.03926029400003],[121.82961738400002,6.034649350000052],[121.83983985100008,6.033971718000032],[121.84518059700008,6.028868225000053],[121.8628085470001,6.019226812000056],[121.87761838900008,6.028232793000029],[121.89530097700003,6.032813625000074],[121.90514912700007,6.032784050000032],[121.930468141,6.047001701000056],[121.94420125800002,6.044294420000028],[121.92093728000009,6.028213504000064],[121.90953312800002,6.018021103000024],[121.90350009200006,6.016048548000072],[121.88263468700006,6.003245692000064],[121.8561343670001,5.998474002000023],[121.84625250300007,6.002635238000039],[121.82888889900005,6.018887724000024],[121.81723300800002,6.020251812000026],[121.80543149800008,6.028882872000054],[121.8020256100001,6.042449774000033],[121.78648225100005,6.051587330000075],[121.77734917100008,6.053343659000063],[121.7632144480001,6.073541463000026],[121.75641952600006,6.078358103000028],[121.76428985500002,6.094636853000054]]],[[[120.53500667300011,6.145129487000077],[120.54530061300011,6.141200233000063],[120.55335299400008,6.133820376000074],[120.55683849400009,6.124714930000039],[120.55297194500008,6.117089669000052],[120.54267648300004,6.112475896000035],[120.53510595800003,6.115401464000058],[120.53074683800003,6.126359067000067],[120.53140572000007,6.138782946000049],[120.53500667300011,6.145129487000077]]],[[[121.84104161200003,6.147588711000026],[121.84856793200004,6.145872832000066],[121.85263551000003,6.139260789000048],[121.85278853400007,6.125151323000068],[121.84622071000001,6.116664178000065],[121.82700813000008,6.115377369000043],[121.81284333000008,6.127500667000049],[121.82064296900012,6.136176082000077],[121.84104161200003,6.147588711000026]]],[[[120.458291744,6.171958564000022],[120.46337342800007,6.16834691400004],[120.46457255200005,6.156899384000042],[120.45855962100006,6.147729993000041],[120.45498962400006,6.136098403000062],[120.443034656,6.132998595000061],[120.43130408800005,6.138320547000035],[120.41712507300008,6.150088844000038],[120.41738799100006,6.157620104000046],[120.42659881800012,6.160621948000028],[120.4276310670001,6.16584802400007],[120.4435995020001,6.170608772000037],[120.458291744,6.171958564000022]]],[[[121.81758118700009,6.176278909000075],[121.82288321900012,6.170347137000022],[121.83026428000005,6.150883505000024],[121.82444439900007,6.140971709000041],[121.81437856000002,6.13841754200007],[121.80942605300004,6.130918570000063],[121.80233357600002,6.132232969000029],[121.79600340600007,6.139642105000064],[121.79608230100007,6.152533368000036],[121.80008791600005,6.163790390000031],[121.80583370300008,6.171081484000069],[121.81758118700009,6.176278909000075]]],[[[120.93007560100011,6.178108890000033],[120.91667743500011,6.16583382400006],[120.91406714300001,6.17206580900006],[120.93007560100011,6.178108890000033]]],[[[120.97057117000008,6.190764852000029],[120.97678661700002,6.189382932000058],[120.97900674000005,6.177849099000071],[120.968847116,6.180769192000071],[120.97057117000008,6.190764852000029]]],[[[120.96505995200005,6.206409592000057],[120.98860300600006,6.196672507000073],[120.99310437400004,6.191757343000063],[120.99208501800001,6.183733453000059],[120.98083585200004,6.177656088000049],[120.97553180600005,6.194311713000047],[120.96514297800002,6.189195429000051],[120.95756776700011,6.191555684000036],[120.96505995200005,6.206409592000057]]],[[[121.04389585500007,6.207875280000053],[121.05450587100006,6.199698730000023],[121.05009227000005,6.195392937000065],[121.04038558000002,6.203159292000066],[121.04389585500007,6.207875280000053]]],[[[120.85563451500002,6.21831923600007],[120.8606340980001,6.208129830000075],[120.85040402700008,6.205774936000068],[120.84805126200001,6.215138306000028],[120.85563451500002,6.21831923600007]]],[[[121.8343626090001,6.242493710000076],[121.84426979200009,6.237866745000076],[121.84578653800008,6.225357010000039],[121.83605809200003,6.215492741000048],[121.83138309200001,6.228316709000069],[121.8343626090001,6.242493710000076]]],[[[120.65358232800008,6.320532891000028],[120.66006623300007,6.310706172000039],[120.66748438000002,6.305578222000065],[120.66730258700011,6.294262435000064],[120.66315412200004,6.279231998000057],[120.64867553400006,6.258209239000053],[120.63377556300009,6.250089613000057],[120.62866451700006,6.253027180000061],[120.6211340750001,6.266866522000043],[120.64307553200001,6.291993748000039],[120.64820946200007,6.291863877000026],[120.65481346400009,6.281682921000026],[120.66055041200002,6.290047070000071],[120.65930254400007,6.298401057000035],[120.64358160300003,6.302131859000042],[120.64559773100007,6.311070317000031],[120.65358232800008,6.320532891000028]]],[[[120.85606471100004,6.342773267000041],[120.86670759700007,6.341149464000068],[120.874023394,6.336090657000057],[120.87598466700001,6.322779249000064],[120.87098957800004,6.314235478000057],[120.85703484100009,6.308060411000042],[120.8417581550001,6.309845669000026],[120.8430309370001,6.32438398000005],[120.84698184400008,6.33783410500007],[120.85606471100004,6.342773267000041]]],[[[120.59546068400005,6.394604762000029],[120.6017489510001,6.392399476000037],[120.5958405780001,6.360257965000073],[120.588794129,6.344859653000071],[120.586093559,6.322240816000033],[120.58222074300011,6.311596199000064],[120.58572178700001,6.307678333000069],[120.58504047000008,6.292272445000037],[120.57775249100007,6.250871606000032],[120.57143598800008,6.246510421000039],[120.53427461100011,6.238920612000072],[120.51142548400003,6.249433457000066],[120.49531644100011,6.248849445000076],[120.48005844000011,6.252946573000031],[120.47673134500008,6.26868501000007],[120.4877402090001,6.27260960600006],[120.4966247530001,6.269745725000064],[120.50792554300006,6.260978386000033],[120.51530630600007,6.261233968000056],[120.52146000500011,6.267976612000041],[120.521258224,6.28149013500007],[120.53484344500009,6.298635187000059],[120.54245491000006,6.328508960000022],[120.54156041300007,6.341293950000022],[120.5522303780001,6.354487380000023],[120.55179788800001,6.361886632000051],[120.55669941300005,6.374330690000022],[120.57143496300012,6.385308012000053],[120.58533572500005,6.387574408000035],[120.59546068400005,6.394604762000029]]],[[[120.71114813100007,6.437376265000069],[120.7159398450001,6.426482900000053],[120.71545119100006,6.412352314000032],[120.71181262400012,6.398176271000068],[120.69979404900005,6.393660017000059],[120.68963375100009,6.400715674000026],[120.6705244200001,6.403467708000051],[120.66886959900012,6.416865078000058],[120.67803035000009,6.423406020000073],[120.71114813100007,6.437376265000069]]]]}},{"type":"Feature","properties":{"name":"Surigao del Norte","psgc":"166700000","island_group":"mindanao"},"geometry":{"type":"MultiPolygon","coordinates":[[[[126.17969450900011,9.640197881000063],[126.17989109300004,9.623465847000034],[126.17305807700006,9.622621147000075],[126.17487359800009,9.63942830800005],[126.17969450900011,9.640197881000063]]],[[[125.627757169,9.727649467000049],[125.63876263100008,9.719107139000073],[125.64888318200008,9.726830007000046],[125.65699773900008,9.722398842000075],[125.6533359550001,9.708725529000048],[125.65744244100006,9.700840909000021],[125.65443066700004,9.663767755000038],[125.64486702800002,9.672365606000028],[125.64283764600009,9.69334327000007],[125.63845812700004,9.706030990000045],[125.6223959670001,9.710979443000042],[125.6219023760001,9.723409617000073],[125.627757169,9.727649467000049]]],[[[125.98269456700007,9.736551743000064],[125.99498398500009,9.725218841000071],[126.00868368300007,9.702648321000026],[125.99451619600006,9.692866157000026],[125.98450145900006,9.69538979400005],[125.97397559700005,9.689705185000037],[125.97325333600008,9.706883079000022],[125.96599913000011,9.713867329000038],[125.98070368200001,9.719237818000067],[125.98269456700007,9.736551743000064]]],[[[126.02770279700007,9.736939905000042],[126.03677871100001,9.726230045000023],[126.05369785900007,9.732705442000054],[126.06520290600008,9.724570774000028],[126.06784933500012,9.706764429000032],[126.05155794600012,9.707371530000046],[126.02798657500011,9.70433121800005],[126.0242660240001,9.693321926000067],[126.00710027100001,9.688899434000064],[126.01292675700006,9.708943184000077],[126.01100727800008,9.71537911400003],[126.02326595800002,9.720277580000072],[126.02770279700007,9.736939905000042]]],[[[125.69496854800002,9.753202853000062],[125.70520865000003,9.739683714000023],[125.69185296400008,9.738479906000066],[125.68896303000008,9.748688898000069],[125.69496854800002,9.753202853000062]]],[[[125.93367126700002,9.760426891000066],[125.94576120200009,9.756937378000032],[125.94172236600002,9.747741672000075],[125.95784162700011,9.735220516000027],[125.97049732300002,9.729323213000043],[125.9594009010001,9.720507148000024],[125.96391407500005,9.685929341000076],[125.98517189100005,9.683687018000057],[125.98527839100007,9.672811061000061],[125.99031927900012,9.662530268000069],[125.9861781190001,9.65432124800003],[125.9858858340001,9.640826025000024],[125.96529234000002,9.615343261000021],[125.97100535700008,9.585465707000026],[125.96290254500002,9.567885311000055],[125.93836555400003,9.560242773000027],[125.93593105000002,9.579213935000041],[125.91297239000005,9.583087488000047],[125.91370452900003,9.602707234000036],[125.89685007900005,9.616528002000052],[125.90626651600007,9.624440995000043],[125.90312802400001,9.636410604000048],[125.90879674300004,9.652887361000069],[125.9270763830001,9.654223935000061],[125.9275139130001,9.666691788000037],[125.91883214500001,9.681721503000063],[125.91941468300001,9.698777663000044],[125.91050863500004,9.706581421000067],[125.90625318800005,9.720481022000058],[125.92071199000009,9.726891787000056],[125.91632863200005,9.736628118000056],[125.9152761900001,9.756585038000026],[125.92725640000003,9.753886433000048],[125.93367126700002,9.760426891000066]]],[[[125.6124357000001,9.76556749200006],[125.61601464400007,9.75317590900005],[125.60399843100004,9.754866934000063],[125.6124357000001,9.76556749200006]]],[[[125.63615252200009,9.769160568000075],[125.64228101600008,9.759007197000074],[125.63534802100003,9.746398156000055],[125.62232673800008,9.741922130000034],[125.62664644600011,9.76460553000004],[125.63615252200009,9.769160568000075]]],[[[125.54295667000008,9.777838167000027],[125.56012855400002,9.776767165000024],[125.56152104300008,9.768391149000024],[125.53986958400003,9.771940261000054],[125.54295667000008,9.777838167000027]]],[[[125.6381163530001,9.798925299000075],[125.6506699140001,9.77894400300005],[125.66667894400007,9.767801322000025],[125.66734825500009,9.755343179000022],[125.65718902700007,9.757701007000037],[125.64722026400011,9.770379855000044],[125.63839614000005,9.77633897000004],[125.63021952800011,9.789757167000062],[125.6381163530001,9.798925299000075]]],[[[125.71638593400007,9.813072688000034],[125.71900426200011,9.787108484000044],[125.72994172800009,9.789571505000026],[125.73259620800002,9.776732941000034],[125.71918671200001,9.755817181000054],[125.71276321200003,9.762160379000022],[125.70111797600009,9.76397600200005],[125.70216678200006,9.77723944500002],[125.69688780100012,9.786830415000054],[125.71004987800006,9.79161210500007],[125.7156069890001,9.801567189000025],[125.71638593400007,9.813072688000034]]],[[[125.88395799400007,9.496625582000036],[125.87898235500006,9.489803780000045],[125.87907401600012,9.468664635000039],[125.8650845730001,9.467210005000027],[125.86584096000001,9.461034260000076],[125.83865007100007,9.43347602800003],[125.74861908000003,9.326040268000042],[125.74294281000005,9.386569977000022],[125.72396087600009,9.41349029600002],[125.70017242400002,9.429679871000076],[125.60279083300009,9.453109742000038],[125.58885829400003,9.457925490000036],[125.55367266100006,9.46576910300007],[125.55363592200001,9.465883789000031],[125.55490743500002,9.466234499000052],[125.56110318300011,9.478094296000052],[125.55953725900008,9.488347576000024],[125.56926766800007,9.511893455000063],[125.55855378800004,9.51289672300004],[125.54376380300005,9.528684203000068],[125.52739579700005,9.534750518000067],[125.50987103400007,9.533977777000075],[125.48975379700005,9.537949530000049],[125.47373141500009,9.516137769000068],[125.47831744600012,9.497679676000075],[125.47742439000001,9.476904586000046],[125.4872512820001,9.458290100000056],[125.4857359130001,9.454060698000035],[125.45334763300002,9.439441353000063],[125.4474905720001,9.45591100100006],[125.44771637500003,9.474242312000058],[125.43704597100009,9.484407782000062],[125.42777553300004,9.53429688400007],[125.42133832700006,9.556787704000044],[125.408768086,9.585737762000065],[125.39166760400008,9.655114295000033],[125.3950832270001,9.661022346000038],[125.39272327300012,9.675115450000021],[125.39612835800006,9.691876239000067],[125.39467290800008,9.727385905000062],[125.39658529600001,9.748610657000029],[125.40225687600002,9.769116199000052],[125.41000341800009,9.770555337000076],[125.44006926600002,9.795624873000065],[125.43596495100007,9.823183909000022],[125.44104104200005,9.824675981000041],[125.45855330400002,9.81066158300007],[125.45726968500003,9.80235050300007],[125.47660470100004,9.798178524000036],[125.48803344400005,9.791366474000029],[125.4957057150001,9.792543978000026],[125.50162070100009,9.78395286400007],[125.49625321400003,9.776680275000047],[125.50594656600003,9.766075104000038],[125.52759587000003,9.76687602900006],[125.53180904300007,9.772240443000044],[125.54967685500003,9.768499772000041],[125.55828461700003,9.751920215000041],[125.57648992400004,9.75805367700002],[125.57293243900006,9.745196934000035],[125.59320480000008,9.737932724000075],[125.59887583800003,9.754451532000076],[125.61878281000008,9.751011572000039],[125.60875122000004,9.708102918000066],[125.59057786900007,9.701284573000066],[125.59403565800005,9.686346719000028],[125.60366050800008,9.676897017000044],[125.59767707000003,9.660568604000048],[125.60568459800004,9.651800180000066],[125.60836038200011,9.633727516000022],[125.6251625000001,9.626495710000029],[125.63033367800006,9.617809923000038],[125.64479942000003,9.607502422000039],[125.665167515,9.600520911000046],[125.68741357500005,9.603027151000049],[125.71600743800002,9.589539865000063],[125.73608998600002,9.583215001000042],[125.7400452710001,9.56655833900004],[125.75269440900001,9.564064443000063],[125.76739412800009,9.552837961000023],[125.78270663700005,9.552671210000028],[125.79007765400002,9.558362464000027],[125.8169668490001,9.545073840000043],[125.84300401400003,9.541370968000024],[125.86085266500004,9.534326068000041],[125.8673252750001,9.519462834000024],[125.8777121380001,9.513118689000066],[125.8734775580001,9.50079842100007],[125.88395799400007,9.496625582000036]]],[[[125.95049340000003,9.89272208500006],[125.95934604100012,9.887834244000032],[125.95794016600007,9.87942042000003],[125.96756148100008,9.865999842000065],[125.95399254400002,9.851303423000047],[125.9367966640001,9.857525642000041],[125.9282390410001,9.87259328700003],[125.93492173900006,9.882540669000036],[125.95049340000003,9.89272208500006]]],[[[125.61128441700009,9.912129580000055],[125.60783835000007,9.901955703000056],[125.60918050300006,9.887831796000057],[125.59544793000009,9.889573060000032],[125.58259755200004,9.859508926000046],[125.5688972160001,9.888031814000044],[125.56489219000002,9.900358255000071],[125.57603163400006,9.904271225000059],[125.5867425570001,9.897896660000072],[125.59383305900008,9.908291526000028],[125.60155930000008,9.905023696000057],[125.61128441700009,9.912129580000055]]],[[[125.64159587100005,9.916011815000047],[125.64238227700002,9.915770400000042],[125.64154328900008,9.882926564000059],[125.6417710930001,9.882173959000056],[125.65428352800006,9.864813111000046],[125.65746504700007,9.849545574000047],[125.68146301600007,9.853732077000075],[125.67950582500009,9.843414547000066],[125.67162078400008,9.833331862000023],[125.65328243700003,9.826242130000026],[125.62181087400006,9.827063955000028],[125.61476685900004,9.817316652000045],[125.60336684700007,9.816944273000047],[125.59484817300006,9.804303848000075],[125.58617734000006,9.811254392000023],[125.58684412000002,9.82076207700004],[125.59768171400003,9.825788100000068],[125.5898664660001,9.835160794000046],[125.5784954720001,9.838968368000053],[125.58740842500004,9.85139181900007],[125.59502719700004,9.854253590000042],[125.60177088600005,9.871617067000045],[125.60241104800002,9.881145218000029],[125.621550683,9.89798769600003],[125.62172048700006,9.908766107000076],[125.64159587100005,9.916011815000047]]],[[[125.89887892000002,9.918760958000064],[125.90863191800008,9.912215181000022],[125.90378103300009,9.900419500000055],[125.89458727700003,9.895109],[125.89489915900003,9.915205505000074],[125.89887892000002,9.918760958000064]]],[[[125.51523300200006,9.921391864000043],[125.51556196600006,9.905610662000072],[125.53391917400006,9.889657895000028],[125.53335336200007,9.881642019000026],[125.54225954500009,9.877070245000027],[125.55544454300002,9.863979442000073],[125.53673867500004,9.86255344500006],[125.53371457700007,9.871739262000062],[125.52493781300007,9.870475695000039],[125.51014577400008,9.887669286000062],[125.514402904,9.891812689000062],[125.50933704700003,9.910396357000025],[125.51523300200006,9.921391864000043]]],[[[125.9687249100001,9.96383061900002],[125.97991865400002,9.948034861000053],[125.9785935110001,9.931492520000063],[125.9509182600001,9.894649791000063],[125.92654904000005,9.881757313000037],[125.9185643720001,9.873683437000068],[125.90682980100007,9.88016835700006],[125.92407182600004,9.895017732000042],[125.92853170400008,9.908279450000066],[125.93474013100001,9.90807666400002],[125.94587048800008,9.92462153100007],[125.96629177200009,9.93647666000004],[125.97262466600012,9.946116755000048],[125.96659280200004,9.957064169000034],[125.9687249100001,9.96383061900002]]],[[[126.07071634700003,10.056174662000046],[126.07028565400003,10.023845159000075],[126.08297240600007,10.010190197000043],[126.08768689900012,9.996010352000042],[126.08851281700004,9.981602233000046],[126.09943236600009,9.964056267000046],[126.0978050550001,9.953015952000044],[126.11224987100002,9.927138110000044],[126.1140855320001,9.90477624700003],[126.11114430900011,9.895388338000032],[126.12061596900003,9.878558719000068],[126.11199331300008,9.864876062000064],[126.0997511490001,9.86226771400004],[126.09461888200008,9.852966749000075],[126.11407494700006,9.84989470100004],[126.12415517800002,9.840588163000064],[126.13428174000012,9.844772886000044],[126.1442737210001,9.825701457000036],[126.16101368700004,9.802582796000024],[126.16362972600007,9.786971867000034],[126.15589889300009,9.78070196300007],[126.13789638700007,9.774780268000029],[126.1285899080001,9.767999708000048],[126.12650393600006,9.757418072000064],[126.11173661200007,9.756924852000054],[126.11311328500005,9.747588424000071],[126.07487994200005,9.74987507800006],[126.06735508800011,9.753683075000026],[126.0504555550001,9.754746990000058],[126.04235859900007,9.763545666000027],[126.02594043800002,9.766478782000036],[126.02324255100007,9.760472543000049],[126.03477203900002,9.754262419000042],[126.0316041850001,9.744955063000077],[126.0171723200001,9.753978619000065],[126.0086591480001,9.765345098000068],[125.99772632400004,9.788507165000055],[125.98348288700004,9.807935838000049],[125.9733523000001,9.810879076000049],[125.97462319100009,9.825546751000047],[125.96010331900004,9.825531969000053],[125.95206439100002,9.847666450000077],[125.95864677700001,9.852561817000037],[125.96864201400001,9.850940226000034],[125.97399074200007,9.863878218000025],[125.96540194600004,9.869436234000034],[125.95957568000006,9.880955647000064],[125.96790672400004,9.900083117000065],[125.97466295600009,9.904380753000055],[125.97330357700002,9.923113884000031],[125.98295099800009,9.937658614000043],[125.9933045040001,9.941376240000068],[126.01418118600009,9.970732852000026],[126.02134653500002,9.975973198000077],[126.03164244000004,10.000240207000047],[126.03453474300011,10.019675259000053],[126.02944236100006,10.027839631000063],[126.0433121960001,10.047138207000046],[126.05764863400009,10.060477052000067],[126.07071634700003,10.056174662000046]]]]}},{"type":"Feature","properties":{"name":"Surigao del Sur","psgc":"166800000","island_group":"mindanao"},"geometry":{"type":"MultiPolygon","coordinates":[[[[126.01258832200006,9.430081578000056],[126.02284766900004,9.423941009000032],[126.02440132100003,9.414122188000022],[126.00088331500001,9.413933841000073],[126.00556883400009,9.428151575000072],[126.01258832200006,9.430081578000056]]],[[[126.22779055100011,8.000190630000077],[126.23299212400002,8.011785454000062],[126.257053,8.027617],[126.249616,8.04034],[126.26338735500008,8.051850053000067],[126.2630471550001,8.059588624000071],[126.23662103900006,8.058979033000071],[126.2347214880001,8.075319591000039],[126.23722187400006,8.131953570000064],[126.21280728800002,8.169168103000061],[126.19806543700008,8.18030649900004],[126.18954859100006,8.179992869000046],[126.18353446900005,8.193051995000076],[126.16731886100001,8.203217556000027],[126.15496704700001,8.223461438000072],[126.18316727100012,8.244580477000056],[126.16505058500002,8.25959883400003],[126.19962461600005,8.288008542000057],[126.12482541400004,8.323033751000025],[126.129066383,8.36267047900003],[126.11381361000008,8.39063531000005],[126.10212870100008,8.39956789300004],[126.08158939600003,8.406980075000035],[126.06389470500005,8.429067687000042],[126.0739043750001,8.444657716000052],[126.05508987900009,8.447828533000063],[126.03802291400007,8.466027881000059],[126.01648076700008,8.499474956000029],[126.01574936500003,8.50860037600006],[126.02193997900008,8.532173914000055],[126.03343986000004,8.539190849000022],[126.02744243000006,8.56862774800004],[126.0001168980001,8.571312676000048],[126.0002461360001,8.599765467000054],[126.00739388800002,8.602538809000066],[126.03465087000006,8.633442208000076],[125.98869603300011,8.712595272000044],[125.97028863500009,8.739795165000032],[125.95683438500009,8.792350008000028],[125.9492966580001,8.81409807600005],[125.93209591300001,8.833129746000054],[125.91146134400003,8.850662670000077],[125.89875851600004,8.869284020000066],[125.89235908400008,8.913848438000059],[125.88880682000001,8.962539272000072],[125.8911233230001,8.997496070000068],[125.88502861000006,9.04740326700005],[125.86615462800012,9.093480370000066],[125.84052430800011,9.139607128000023],[125.77549790800003,9.209048868000025],[125.77479362200006,9.223129173000075],[125.75605011100004,9.230010033000042],[125.75296437800012,9.26828224600007],[125.74492488300007,9.285805789000051],[125.74353027300003,9.317549705000033],[125.74861908000003,9.326040268000042],[125.83865007100007,9.43347602800003],[125.86584096000001,9.461034260000076],[125.8650845730001,9.467210005000027],[125.87907401600012,9.468664635000039],[125.87898235500006,9.489803780000045],[125.88395799400007,9.496625582000036],[125.89833332600006,9.496766081000033],[125.90798443000006,9.490224307000062],[125.91715278600009,9.496015814000032],[125.92723850200002,9.47361365100005],[125.93085224300012,9.456551080000054],[125.95091592900008,9.469983089000038],[125.94778974700012,9.475343810000027],[125.95891795500006,9.48311798800006],[125.95921759300006,9.467671191000022],[125.94918552900003,9.453230832000031],[125.93022477400007,9.437462711000023],[125.91642436100005,9.438956034000057],[125.9132331830001,9.43269348800004],[125.89632078300008,9.428915319000055],[125.89438632500003,9.41359082300005],[125.90694418800001,9.406525965000071],[125.93012308100003,9.388369728000043],[125.93350076900003,9.374774484000056],[125.94912122900007,9.371227461000046],[125.96820335300004,9.379233445000068],[125.9719842500001,9.393137979000073],[125.98147699300011,9.403072788000031],[125.98720948900007,9.394090213000027],[125.9856413120001,9.381143046000034],[125.9744030810001,9.374146704000054],[125.9726699580001,9.35482517500003],[125.98584176100007,9.337288837000074],[125.98287984900003,9.326614762000077],[125.99594463500011,9.301543572000071],[126.02850486400007,9.256715271000076],[126.05660707400011,9.233157798000036],[126.08139118000008,9.245690080000031],[126.09886021600005,9.24664081700007],[126.118570739,9.256577440000058],[126.13723031900008,9.270253824000065],[126.14519215000007,9.282799235000027],[126.15602487900003,9.289145068000039],[126.16993668500004,9.309302893000051],[126.17397858000004,9.306717038000045],[126.19139694700004,9.312637751000068],[126.20301628400011,9.308551925000074],[126.19997129800004,9.297382801000026],[126.19073736700011,9.28790004700005],[126.1970334560001,9.271847089000062],[126.18105646200002,9.243395920000069],[126.18327143200008,9.219692222000049],[126.17484314700005,9.202198470000042],[126.18033456900002,9.194161723000036],[126.17320921500004,9.177882665000027],[126.1786362580001,9.165525415000047],[126.17404835200011,9.145173750000026],[126.1669834600001,9.134865981000075],[126.16318732500008,9.114986171000055],[126.15798473900009,9.10508573200002],[126.16919582000003,9.086647322000033],[126.1834306070001,9.078253733000054],[126.19554935400004,9.081616952000047],[126.2171829880001,9.042277955000031],[126.23625026900004,9.022524517000022],[126.234502,9.011182949000045],[126.24569153400012,9.01179326700003],[126.2697677000001,8.984452894000071],[126.27085680000005,8.969980164000049],[126.28159128900006,8.967410465000057],[126.28551688300001,8.976612139000054],[126.30666334400007,8.956143706000034],[126.31023951000009,8.935712358000046],[126.29350763600007,8.933248844000047],[126.29411439900002,8.922938724000062],[126.31130432100008,8.915908376000061],[126.32189801400011,8.92125149800006],[126.32510176200003,8.896571995000045],[126.31754903700005,8.895109576000038],[126.30721725900003,8.880629320000025],[126.32348093500002,8.870113813000046],[126.33414753600005,8.840108694000037],[126.32136180400005,8.831915060000028],[126.32238964300007,8.819247561000054],[126.30698122400008,8.813048818000027],[126.30061630600005,8.798780712000053],[126.30322399400006,8.783755615000075],[126.29459725000004,8.781577937000066],[126.2908140080001,8.77359264200004],[126.25456885400001,8.773354425000036],[126.23631643800002,8.757430432000035],[126.24072610200005,8.748179116000074],[126.2181548640001,8.739511457000049],[126.21247971900004,8.73189493500007],[126.21211944700008,8.710594273000027],[126.22418101200003,8.70821653400003],[126.24145305500008,8.693883922000055],[126.2131240870001,8.691465252000057],[126.18873111200003,8.698292148000064],[126.17658650100009,8.684491542000046],[126.15906762800012,8.67601436800004],[126.13772147100008,8.671715129000063],[126.13944678200005,8.664948294000055],[126.12689384900011,8.654281087000072],[126.10403510100002,8.650152903000048],[126.09567614900004,8.642161533000035],[126.09603798000012,8.62240930400003],[126.08368103700002,8.61504311400006],[126.08321087000002,8.609678001000077],[126.0956639850001,8.602843913000072],[126.12515960500002,8.582516653000027],[126.11386880500004,8.568040163000035],[126.11982170400006,8.55835150300004],[126.12301100900004,8.542569069000024],[126.13910788200008,8.536187007000024],[126.14315342100008,8.529568168000026],[126.1541551150001,8.527536783000073],[126.16498226400006,8.54014412500004],[126.19301720800001,8.526666205000026],[126.21872272200005,8.522606113000052],[126.21097957400002,8.542453688000023],[126.20102250900004,8.541904656000042],[126.18804093900008,8.546774447000075],[126.18990007100001,8.553626877000056],[126.21133353400012,8.557393426000033],[126.24133816300002,8.548301017000028],[126.25924190100011,8.551523288000055],[126.27678328600007,8.541566063000062],[126.28904278200002,8.529440494000028],[126.31303112000012,8.538635193000061],[126.31608697200011,8.532424065000043],[126.33805506100009,8.53813390700003],[126.3450192360001,8.545559793000052],[126.35517732500011,8.547915214000056],[126.36367320200009,8.537678776000064],[126.35242935800011,8.518670024000073],[126.3693822670001,8.513922272000059],[126.37337370900002,8.516860261000033],[126.38825097600011,8.512406566000038],[126.39041783500011,8.49285597100004],[126.38469237400011,8.486744882000039],[126.39049971600002,8.478984647000061],[126.3917208690001,8.467339074000051],[126.37541690900002,8.466031371000042],[126.3698555090001,8.47327522200004],[126.3617005530001,8.466514566000058],[126.35995626600004,8.455564873000071],[126.34972690200004,8.434153403000039],[126.35413985800005,8.42445486500003],[126.36388576700006,8.425075641000035],[126.37415469200005,8.431572593000055],[126.3738074690001,8.416544943000076],[126.3801017620001,8.40941504500006],[126.37033276500006,8.402566958000023],[126.37010529800011,8.391722444000038],[126.35756146900007,8.386282846000029],[126.35584317300004,8.369563448000065],[126.3456874950001,8.37164444900003],[126.33277329000009,8.364504461000024],[126.31874131200004,8.35226577100002],[126.3287746740001,8.341553005000037],[126.33049656300011,8.31373673500002],[126.35674211600008,8.310104978000027],[126.36333453500004,8.312920450000036],[126.37556499200002,8.30734824700005],[126.38296016700008,8.29242130800003],[126.36857854300001,8.275266316000057],[126.367231521,8.269960813000068],[126.34867771600011,8.25261480200004],[126.33421457400004,8.248374969000054],[126.32045585000003,8.237832838000031],[126.31715181700008,8.223204985000052],[126.32576323,8.202008644000045],[126.34083111000007,8.183835214000055],[126.3502773670001,8.186486477000074],[126.35753794700008,8.194933872000036],[126.37707713400005,8.195595748000073],[126.39332857700003,8.204820424000047],[126.40115174900006,8.215971551000052],[126.43250766900007,8.23573774600004],[126.440723939,8.246901494000042],[126.45602325400012,8.239442289000067],[126.44182174700006,8.21198004200005],[126.43991926800004,8.20236821800006],[126.44611606900003,8.182199364000041],[126.44432608700004,8.16544320600002],[126.43305862900002,8.15480843000006],[126.43980738500011,8.125608847000024],[126.42875961800007,8.116184297000075],[126.42936957500001,8.105718275000072],[126.44148062500005,8.095238575000053],[126.42149817600011,8.06220821200003],[126.42105748400002,8.046630924000056],[126.41380895700001,8.032684526000025],[126.415152712,8.021039531000042],[126.4072080200001,8.002751257000057],[126.42033197100011,7.986613717000068],[126.429961391,7.993536672000062],[126.43453794900006,7.985170363000066],[126.42314851300011,7.979269085000055],[126.4055789890001,7.953658860000075],[126.40146561900008,7.957696626000029],[126.38607537000007,7.954048035000028],[126.37016195700005,7.934498832000031],[126.36550497400003,7.920009265000033],[126.3557873630001,7.922215789000063],[126.35124641100003,7.933008011000027],[126.35238151100009,7.963696753000022],[126.35158064300003,8.002065937000054],[126.26914533800004,8.000092249000033],[126.22779055100011,8.000190630000077]]]]}},{"type":"Feature","properties":{"name":"Tarlac","psgc":"036900000","island_group":"luzon"},"geometry":{"type":"Polygon","coordinates":[[[120.73421095200001,15.27715833800005],[120.70041309500004,15.263124283000025],[120.66793663200008,15.27776013700003],[120.63261738900007,15.259523647000037],[120.59331824100002,15.265997952000077],[120.54766076800001,15.25444006400005],[120.52199098000006,15.226423853000028],[120.49421364400007,15.22525719500004],[120.44022761600002,15.200999072000059],[120.41835810200007,15.181353086000058],[120.36759662500003,15.167097115000047],[120.33616555100002,15.235095099000034],[120.28224524300003,15.289590427000064],[120.16519461000007,15.361773752000033],[120.1724779860001,15.438335885000072],[120.18910368800005,15.516064781000068],[120.223042,15.576052722000043],[120.2640465500001,15.59769398800006],[120.25285678400007,15.617769571000053],[120.26539332200002,15.639273167000056],[120.31116236500009,15.644613677000052],[120.3278619250001,15.680753150000044],[120.35839257600003,15.711756746000049],[120.36227633300007,15.735466716000076],[120.39426220400003,15.75567779100004],[120.42768256700003,15.753784435000057],[120.46759425200003,15.722242866000045],[120.52367794700001,15.756471077000072],[120.55103785800009,15.763746918000038],[120.58036818900007,15.829906405000031],[120.5900943040001,15.862431135000065],[120.60363091200009,15.860894016000032],[120.6150636640001,15.815561238000043],[120.628450971,15.731305624000072],[120.65766849400006,15.662499082000068],[120.69694031000006,15.618043090000072],[120.74181079800007,15.618811382000047],[120.74803815300004,15.593195428000058],[120.73252606800008,15.583154759000024],[120.72099495500004,15.550356954000051],[120.74540941400005,15.505163392000043],[120.74376207000012,15.45088491000007],[120.7616061870001,15.435547245000066],[120.76236231700011,15.417785005000042],[120.74187423800004,15.381475093000063],[120.7384524040001,15.333535906000066],[120.75572014200009,15.319438281000032],[120.73421095200001,15.27715833800005]]]}},{"type":"Feature","properties":{"name":"Tawi-Tawi","psgc":"157000000","island_group":"barmm"},"geometry":{"type":"MultiPolygon","coordinates":[[[[119.42216259600002,4.787864003000038],[119.41992556000002,4.769320264000044],[119.42109336600004,4.763935670000023],[119.41893098900005,4.737581567000063],[119.41111971100008,4.69202176500005],[119.40683135900008,4.685447466000028],[119.40171241200005,4.667874918000052],[119.3931584390001,4.669656690000068],[119.39356677700005,4.682432774000063],[119.39690720700003,4.692419159000053],[119.3943317940001,4.703196295000055],[119.4016885100001,4.706384298000046],[119.40617672100007,4.725071138000033],[119.40392834700003,4.736170084000037],[119.39536698200004,4.738487688000021],[119.38932082100007,4.744614394000052],[119.4006445980001,4.752781820000052],[119.39909817800003,4.758460378000052],[119.41141694600003,4.764656560000049],[119.42216259600002,4.787864003000038]]],[[[119.82664122100005,4.822658842000067],[119.83342301100004,4.821664309000028],[119.84793355700003,4.810504070000036],[119.8540556590001,4.810944317000065],[119.86699465600009,4.803739061000044],[119.86596845300005,4.794303659000036],[119.84103937100008,4.790271220000022],[119.82299261500009,4.794100484000069],[119.81439590200011,4.79824274200007],[119.80913297400002,4.805623085000036],[119.80849447700007,4.817433610000023],[119.81770561400003,4.822238434000042],[119.82664122100005,4.822658842000067]]],[[[119.39729694000005,4.906483172000037],[119.40652710400002,4.892177685000036],[119.4102255460001,4.876089231000037],[119.40522568400002,4.875995825000075],[119.39039157400009,4.893222403000038],[119.39066603900005,4.902052147000063],[119.39729694000005,4.906483172000037]]],[[[119.454818627,4.913843534000023],[119.46197685700008,4.908839317000059],[119.46833008600004,4.898371697000073],[119.48451654200005,4.862439391000066],[119.4964119550001,4.828688458000045],[119.49795940500007,4.812711532000037],[119.50397933700003,4.787078183000062],[119.50697250000007,4.761184148000041],[119.505492591,4.744374353000069],[119.49796995000008,4.719271970000023],[119.47547827500011,4.657844867000051],[119.45798573400009,4.642097964000072],[119.45584153000004,4.652502341000059],[119.45921872800011,4.661741903000063],[119.45447993200003,4.665935251000064],[119.45616772700009,4.686136862000069],[119.46228300200005,4.724547941000026],[119.46456046700007,4.732942055000024],[119.4660733070001,4.762054955000053],[119.4660816920001,4.790027383000051],[119.46344274300009,4.81293637400006],[119.45941159600011,4.832545706000076],[119.45455329600009,4.845354541000063],[119.4465803700001,4.880109424000068],[119.44502694900007,4.903778768000052],[119.44934549100003,4.912594403000071],[119.454818627,4.913843534000023]]],[[[119.80171236000001,4.926614810000046],[119.82099464900011,4.924024634000034],[119.82311094800002,4.918941493000034],[119.8157052890001,4.909559371000057],[119.82303395200006,4.902017519000026],[119.82880542100008,4.904501927000069],[119.82598811100002,4.91639367800002],[119.8324912380001,4.916207290000045],[119.84287372500012,4.906929483000056],[119.85018122400004,4.894648149000034],[119.8535099720001,4.865624877000073],[119.84141856600002,4.863400920000061],[119.82469920200003,4.855584738000061],[119.80437343200003,4.854696836000073],[119.79243378400008,4.890795103000073],[119.78943023300008,4.918728336000072],[119.80171236000001,4.926614810000046]]],[[[120.01348056800009,5.01654872000006],[120.02589836300001,5.006835968000075],[120.02005118000011,4.987560145000032],[120.01343555900007,4.984114091000038],[120.01064072600002,4.96218570800005],[120.00149109300003,4.952358883000045],[119.99509370300007,4.953156037000042],[119.98930730900008,4.960299981000048],[119.99274172900004,4.984174947000042],[120.00031321900008,4.990324224000062],[119.99328031300001,5.005794049000031],[120.01348056800009,5.01654872000006]]],[[[119.75876430800008,5.03531220900004],[119.76041184200005,5.031001267000022],[119.77608017200009,5.030522262000034],[119.77986941800009,5.025652981000064],[119.77250359000004,5.016203308000058],[119.75651981100009,5.008337727000026],[119.74153300500006,5.007612626000025],[119.73623195500011,5.016357965000054],[119.74110614200004,5.034094252000045],[119.74777857400011,5.031498913000064],[119.75876430800008,5.03531220900004]]],[[[120.10617482900011,5.03702111900003],[120.13624387400012,5.018118807000064],[120.13811516300007,5.009492432000059],[120.13405311600002,5.003746765000074],[120.12505702300007,5.003835938000066],[120.11475257300003,5.022225361000039],[120.1009628170001,5.029457086000036],[120.10617482900011,5.03702111900003]]],[[[119.78771319900011,5.039670037000064],[119.79730280000001,5.038477932000035],[119.80489057000011,5.031910111000059],[119.7964573700001,5.027035983000076],[119.78771319900011,5.039670037000064]]],[[[120.21023181700002,5.045145045000027],[120.2221096830001,5.041015923000032],[120.22847103000004,5.033305343000052],[120.21464734900007,5.015194190000045],[120.19604668300008,5.018447395000067],[120.19118072700007,5.028984167000033],[120.21023181700002,5.045145045000027]]],[[[119.94088540300004,5.086265295000032],[119.94461157900002,5.082368652000071],[119.93746684700011,5.074600709000038],[119.93214219700008,5.077357582000047],[119.94088540300004,5.086265295000032]]],[[[120.2596707990001,5.089736022000068],[120.27211220700008,5.085185370000033],[120.269289995,5.073452968000026],[120.2614567060001,5.065693724000027],[120.25083741800006,5.065142005000041],[120.24932603400009,5.074466631000064],[120.25173592800002,5.082906349000041],[120.2596707990001,5.089736022000068]]],[[[119.99178753000001,5.101738417000035],[119.99645054000007,5.096963468000069],[119.99407885100004,5.088149408000049],[119.9839061460001,5.086672040000053],[119.98758827200004,5.099603950000073],[119.99178753000001,5.101738417000035]]],[[[119.80900945200005,5.104685391000032],[119.81640283800004,5.101744070000052],[119.81302327600008,5.093894300000045],[119.80574823500001,5.096152689000064],[119.80900945200005,5.104685391000032]]],[[[119.80959315100006,5.12307564300005],[119.80661176900003,5.116848929000071],[119.80855723000002,5.105453415000056],[119.80419242000005,5.096912748000022],[119.8137076160001,5.091295840000043],[119.80776779500002,5.078308285000048],[119.82035383700008,5.067271689000052],[119.81777611200005,5.06097402100005],[119.80202960800011,5.051697412000067],[119.790955069,5.058658358000059],[119.79211351000004,5.047567556000047],[119.78542253700004,5.041805842000031],[119.77557295400004,5.048110086000065],[119.76271707400008,5.038765843000022],[119.74963408300005,5.034187552000049],[119.73964285500006,5.039298295000037],[119.744922072,5.058546044000025],[119.76526464000005,5.094277358000056],[119.77448514900004,5.104445547000068],[119.79291876600007,5.111786621000022],[119.7980279190001,5.11892603900003],[119.80959315100006,5.12307564300005]]],[[[120.31285168800002,5.130493914000056],[120.31887561700012,5.12270533800006],[120.3183439070001,5.103845010000043],[120.30347143200004,5.090820231000066],[120.28176458500002,5.082738760000041],[120.26906109200002,5.09028285100004],[120.27821429200003,5.10531424200002],[120.29403734800007,5.111906777000058],[120.29945103300008,5.120264315000043],[120.31285168800002,5.130493914000056]]],[[[120.3424104830001,5.161136217000035],[120.34871390800004,5.142935176000037],[120.3482553020001,5.133497216000023],[120.34409583500008,5.124327579000067],[120.33644694000009,5.117175381000038],[120.32650390200001,5.122038735000046],[120.32029094200004,5.130878854000059],[120.32306711300009,5.148689111000067],[120.33154760200011,5.15764352900004],[120.3424104830001,5.161136217000035]]],[[[120.06363041800012,5.161308666000025],[120.05582485700006,5.14902121800003],[120.04224957200006,5.150284910000039],[120.044774071,5.160971688000075],[120.05172415800007,5.158187921000035],[120.06363041800012,5.161308666000025]]],[[[120.48206627200011,5.193963318000044],[120.50448287800009,5.183851538000056],[120.50875574400004,5.173930736000045],[120.50131710100004,5.16675282500006],[120.49928569100007,5.158719101000031],[120.48771881100004,5.166755028000068],[120.48808955000004,5.174418796000054],[120.48160491200008,5.184849759000031],[120.48206627200011,5.193963318000044]]],[[[120.60353639400012,5.219888647000062],[120.59935421500006,5.20288262400004],[120.59027440200009,5.205494085000055],[120.57272909300002,5.206610561000048],[120.57653218500002,5.213004247000072],[120.58755351800005,5.21775320100005],[120.60353639400012,5.219888647000062]]],[[[120.66082203100007,5.22298956000003],[120.67078568600004,5.219846626000049],[120.680293946,5.213417589000073],[120.67270855900006,5.209084864000033],[120.66082203100007,5.22298956000003]]],[[[120.63926522300005,5.235012452000035],[120.64896811400001,5.227398215000051],[120.64790948600012,5.222624306000057],[120.63561468600005,5.222028280000075],[120.62911201300005,5.229985420000048],[120.63926522300005,5.235012452000035]]],[[[120.31480139100006,5.250839867000025],[120.32080269700009,5.248504595000043],[120.31400845400003,5.228730745000064],[120.31071247400007,5.224568798000064],[120.29837195400012,5.237958771000024],[120.30335415800005,5.246044151000035],[120.31480139100006,5.250839867000025]]],[[[120.27030337700012,5.256442140000047],[120.30685008600005,5.223294622000026],[120.31061611700011,5.212431824000021],[120.31849272000011,5.204917514000044],[120.30210806100001,5.190712757000028],[120.29686582700003,5.182784595000044],[120.28006751600003,5.181539782000073],[120.27274534700007,5.171581031000073],[120.26837460100012,5.17317679100006],[120.26730676700004,5.18656715700007],[120.25020507700003,5.180161733000034],[120.24661089400001,5.188278178000076],[120.24682472600011,5.19756032600003],[120.2572093340001,5.217042161000052],[120.25675234900007,5.230408561000047],[120.26047125800005,5.24893469400007],[120.27030337700012,5.256442140000047]]],[[[120.35813995100011,5.258682250000049],[120.36716349100004,5.250064218000034],[120.35572647700008,5.230181858000037],[120.35696088700001,5.221846931000073],[120.34708105300001,5.215710935000061],[120.35202265300006,5.202748413000052],[120.34346631100004,5.181771867000066],[120.33291782300012,5.191378840000027],[120.33650721400011,5.208573526000066],[120.328863651,5.21120795500002],[120.33165139900007,5.224469938000027],[120.34916243100008,5.243593363000059],[120.34608239300007,5.249521929000025],[120.35813995100011,5.258682250000049]]],[[[120.37268087300004,5.27237978900007],[120.38300890900007,5.267126233000056],[120.375853505,5.258952814000054],[120.36846431200001,5.268040196000072],[120.37268087300004,5.27237978900007]]],[[[120.26611213900003,5.314083055000026],[120.27715514400006,5.304533921000029],[120.26847803500004,5.302965794000045],[120.26611213900003,5.314083055000026]]],[[[120.22615243300004,5.326141335000045],[120.23052856800007,5.322836867000035],[120.24021387700009,5.301763440000059],[120.23066497900004,5.298151702000041],[120.21992288900003,5.302445111000054],[120.2183578800001,5.312847432000069],[120.22615243300004,5.326141335000045]]],[[[120.2097818200001,5.348895184000071],[120.21792077600003,5.345127491000028],[120.22126938000008,5.327108382000063],[120.21445571800007,5.315117566000026],[120.21466491800004,5.302188240000021],[120.23221341700003,5.289589130000024],[120.25016783600006,5.282975081000075],[120.25342252700011,5.277222411000025],[120.24737669100011,5.263053874000036],[120.254976499,5.256597223000028],[120.25077529900011,5.229912588000047],[120.24427585500007,5.222861500000022],[120.24746152600005,5.210222359000056],[120.23429162600007,5.202704870000048],[120.23305769600006,5.193447698000057],[120.23959857800003,5.182833036000034],[120.23286535900002,5.173157088000039],[120.22578296900008,5.170353917000057],[120.226163885,5.162439735000021],[120.21814267200011,5.147559659000024],[120.21854321400008,5.135880464000024],[120.22749998300003,5.128244722000034],[120.22369955800002,5.12430992000003],[120.20704175700007,5.129008333000058],[120.20058246100007,5.136097051000036],[120.18645102100004,5.130871433000038],[120.17337631600003,5.143119502000047],[120.1658534180001,5.147318793000068],[120.1748073230001,5.159326987000043],[120.18309862600006,5.176229457000034],[120.17873768100003,5.183375839000064],[120.16938864400004,5.187344548000056],[120.16275444000007,5.167552044000047],[120.15568043600001,5.171122265000065],[120.1536921180001,5.181133264000039],[120.14205973600008,5.18400348800003],[120.13654484200003,5.195587721000038],[120.12970749800002,5.196132133000049],[120.12281643600011,5.204367568000066],[120.12134872700005,5.185381552000024],[120.11505994000004,5.185721661000059],[120.10834327200007,5.167434839000066],[120.09969712300006,5.166188108000028],[120.10124801900008,5.158543403000067],[120.09458689500002,5.150477088000059],[120.08759964400008,5.152033274000075],[120.08389405900004,5.159786996000037],[120.07690373700007,5.156716948000053],[120.07585477400005,5.170381451000026],[120.06697641100004,5.162228670000047],[120.06047541100008,5.161463234000053],[120.05596634400001,5.176619298000048],[120.04880872400008,5.181358394000029],[120.03476198100009,5.179053212000042],[120.03110542500008,5.171742894000033],[120.0224710970001,5.167617837000023],[120.01957737100008,5.160350837000067],[119.99645677,5.155880312000022],[120.00412739500007,5.144010725000044],[119.99843449200011,5.130014600000038],[119.99162256800003,5.122607512000059],[119.97776565600009,5.112474304000045],[119.98318769200012,5.10502771900002],[119.97336788700011,5.087628549000044],[119.9611068690001,5.077245982000022],[119.95473912700004,5.079114229000027],[119.9436068120001,5.088298530000031],[119.92989546500007,5.087655836000067],[119.92045158400003,5.084581087000061],[119.919974421,5.073866573000032],[119.90676713000005,5.075205663000077],[119.90327849700009,5.069454409000059],[119.88666469000009,5.066295437000065],[119.87680786800001,5.061728367000057],[119.86094188300001,5.06195698700003],[119.86180691400011,5.047170245000075],[119.83886625700006,5.047331857000074],[119.82029042900001,5.05622087200004],[119.82305039800008,5.068260237000061],[119.81626301600011,5.081245457000023],[119.81905234700002,5.097430418000044],[119.82325279500003,5.098673251000037],[119.82542680000006,5.10952185900004],[119.82070458200008,5.12022773800004],[119.81096164300004,5.124197681000055],[119.82224641700009,5.142761990000054],[119.83916002800004,5.153326004000064],[119.85755085000005,5.149996912000063],[119.87709523300009,5.156941630000063],[119.8900026020001,5.158441599000071],[119.90487226800008,5.175171096000042],[119.91816360100006,5.178426524000031],[119.92955736200008,5.187647655000035],[119.94024154100009,5.187787001000061],[119.95139969600007,5.203321947000063],[119.95837124000002,5.222730766000041],[119.97888421100004,5.236282030000041],[119.9922634620001,5.231821323000077],[120.01111936300003,5.233499854000058],[120.01615533300003,5.23114223500005],[120.0481964380001,5.251595879000035],[120.06997232100002,5.269564414000058],[120.07519312900001,5.276771919000055],[120.11249936600007,5.301111312000046],[120.14329304400007,5.319325485000036],[120.17592999400006,5.344557723000037],[120.18984601600005,5.341561154000033],[120.1987110010001,5.34299651300006],[120.2097818200001,5.348895184000071]]],[[[120.22599064300005,5.358664506000025],[120.23716035400003,5.354733482000029],[120.243324346,5.346306275000074],[120.24665667600004,5.332830314000034],[120.2441865830001,5.323975491000056],[120.23554222700011,5.332429374000071],[120.22570553900005,5.337540126000022],[120.2241190090001,5.348905935000062],[120.22599064300005,5.358664506000025]]],[[[120.32128549800007,5.386889401000076],[120.3342187180001,5.373755472000028],[120.32395520800003,5.367511141000023],[120.30514597900003,5.362466016000042],[120.29407646700008,5.369758679000029],[120.29874795,5.38239151700003],[120.31061870100007,5.381158818000074],[120.32128549800007,5.386889401000076]]],[[[120.39172597800007,5.404842822000035],[120.40190574300004,5.402972678000026],[120.40350341800001,5.398498535000044],[120.39331054700006,5.392272950000063],[120.3839111320001,5.390319824000073],[120.36668832100008,5.391206736000072],[120.3770278510001,5.40263008900007],[120.39172597800007,5.404842822000035]]],[[[120.58618905700007,5.434978955000076],[120.59155964700005,5.432714092000026],[120.59965962900003,5.419093644000043],[120.60814149200007,5.411716717000047],[120.60786768000003,5.405163734000041],[120.59224985800006,5.39878152600005],[120.57856158600009,5.405126259000042],[120.57246254000006,5.415361946000075],[120.57980623000003,5.417475031000038],[120.58550658000001,5.412193625000043],[120.59388503600007,5.414072012000076],[120.59710233500005,5.419339309000065],[120.58532515900004,5.42481525200003],[120.58618905700007,5.434978955000076]]],[[[120.1905455640001,5.461566980000043],[120.19408310600011,5.454724601000066],[120.19318423800007,5.443199331000073],[120.18478072900007,5.444348219000062],[120.18103336900003,5.453283448000036],[120.1905455640001,5.461566980000043]]],[[[120.23295085100006,5.466359984000064],[120.2458206230001,5.458614935000071],[120.23980433700001,5.454662767000059],[120.230032,5.456375353000055],[120.23295085100006,5.466359984000064]]],[[[120.5871826880001,5.467912555000055],[120.58987877400011,5.465723418000039],[120.59122375700008,5.445939312000064],[120.58001541500005,5.445976416000065],[120.57790305100002,5.460085599000024],[120.5871826880001,5.467912555000055]]],[[[118.31771998300007,6.086710464000021],[118.3213893090001,6.082458879000058],[118.3179061510001,6.073319465000054],[118.30879948200004,6.076628453000069],[118.31771998300007,6.086710464000021]]],[[[118.5070373850001,7.049084868000023],[118.513438446,7.047661950000077],[118.52431616700005,7.039547209000034],[118.52675834900003,7.031365529000027],[118.52473180800007,7.018034772000021],[118.51979765600004,7.013656856000068],[118.51516330100003,6.988365846000022],[118.51735070300003,6.975505817000055],[118.5072366600001,6.96911030900003],[118.4852623060001,6.967340746000048],[118.4851755520001,6.976423575000069],[118.48067365800011,6.983173971000042],[118.47192200200004,6.97572413100005],[118.46737470200003,6.981113097000048],[118.45100815700005,6.98133400100005],[118.43900457300003,6.989041421000024],[118.42820392100009,6.990870747000031],[118.43046573900006,7.007217514000047],[118.41491767100001,7.017387832000054],[118.42799974500008,7.026418377000027],[118.44757448400003,7.031828550000057],[118.45368314000007,7.036151177000022],[118.46375373500007,7.034480344000031],[118.47360398800004,7.02881323500003],[118.48688285600008,7.036775990000024],[118.49541570500003,7.046219694000058],[118.5070373850001,7.049084868000023]]]]}},{"type":"Feature","properties":{"name":"Zambales","psgc":"037100000","island_group":"luzon"},"geometry":{"type":"Polygon","coordinates":[[[120.25285678400007,15.617769571000053],[120.2640465500001,15.59769398800006],[120.223042,15.576052722000043],[120.18910368800005,15.516064781000068],[120.1724779860001,15.438335885000072],[120.16519461000007,15.361773752000033],[120.28224524300003,15.289590427000064],[120.33616555100002,15.235095099000034],[120.36759662500003,15.167097115000047],[120.35605737500009,15.135023511000043],[120.36503970000001,15.108136663000039],[120.406873,15.074102701000072],[120.422285224,15.041691793000041],[120.42091735000008,14.99012314600003],[120.44769220100011,14.960627217000024],[120.46126986800004,14.921266418000073],[120.42280570100002,14.914471035000076],[120.40665743800002,14.88570509300007],[120.34119403900002,14.857304444000022],[120.34021009000003,14.817820355000038],[120.36109152900008,14.792929272000038],[120.3593488030001,14.776626151000073],[120.2782164140001,14.738910109000074],[120.25668235400008,14.74634167000005],[120.25780643200005,14.76451903800006],[120.28409053900009,14.800739975000056],[120.26762320900002,14.823748920000071],[120.26716135200002,14.846981645000028],[120.24475623700005,14.849407532000043],[120.2252995660001,14.877900965000038],[120.20762727500005,14.874339490000068],[120.21523077200004,14.809095295000077],[120.20331904200009,14.797679996000056],[120.18954915300003,14.750836982000067],[120.14846895800008,14.756340142000056],[120.13083897500007,14.775664694000056],[120.08350310900005,14.786746616000073],[120.10257851200004,14.807437442000037],[120.07877066200001,14.834019424000076],[120.08404439800006,14.852877656000032],[120.05787483100005,14.879493453000066],[120.0623857600001,14.918239844000027],[120.0561792200001,14.937310395000054],[120.06425760700006,14.986499785000035],[120.06390168500002,15.017936689000067],[120.05366806400002,15.03573069500004],[120.05959931900009,15.06182384300007],[120.02972292200002,15.189289101000043],[120.01053930100011,15.238335951000067],[120.0162021110001,15.264447562000043],[119.9639598660001,15.327698124000051],[119.96745294700008,15.343288895000057],[119.93558463000011,15.381309680000072],[119.90220778300011,15.407130381000059],[119.89009185200007,15.431010754000056],[119.91441569900007,15.443786707000072],[119.89982846100008,15.477667778000068],[119.94423818500002,15.478308468000023],[119.96154224600002,15.504217231000041],[119.93997353000009,15.558144939000044],[119.91792623600008,15.583544121000045],[119.90474981900002,15.620130864000032],[119.91571935500008,15.625846439000043],[119.93188576500006,15.666316756000072],[119.93221053600007,15.694479948000037],[119.89522472600004,15.711295255000039],[119.86918836400002,15.73583370700004],[119.90936622000004,15.754257368000026],[119.9002360930001,15.771063926000068],[119.90178234400003,15.807124243000032],[119.97349795700006,15.804924678000077],[119.99890120200007,15.819663963000039],[120.01961753500007,15.872207125000045],[120.03641615200002,15.874149902000056],[120.06062831300005,15.843698523000057],[120.11266002500008,15.828911424000069],[120.14429317400004,15.826197594000064],[120.15845308700011,15.771714149000047],[120.17777614200008,15.735479338000061],[120.21245195000006,15.687199554000074],[120.25285678400007,15.617769571000053]]]}},{"type":"Feature","properties":{"name":"Zamboanga Sibugay","psgc":"098300000","island_group":"mindanao"},"geometry":{"type":"MultiPolygon","coordinates":[[[[122.8545370600001,7.284474274000047],[122.8600340700001,7.274116893000041],[122.85097889400004,7.267852050000045],[122.8410710930001,7.275312805000056],[122.8545370600001,7.284474274000047]]],[[[122.89848872400012,7.442824855000026],[122.90693337000005,7.43081365200004],[122.93001967700002,7.427917892000039],[122.94636378900009,7.40809753700006],[122.93918951900002,7.405085717000077],[122.94399797300002,7.394332225000028],[122.95830519900005,7.388859548000028],[122.9703451370001,7.371224651000034],[122.95900824300008,7.368749052000055],[122.94262285000002,7.373699586000043],[122.9229391880001,7.370136187000071],[122.92219810100005,7.361291354000059],[122.93797257200004,7.351126559000022],[122.9527916400001,7.349159166000049],[122.9522819450001,7.341665384000066],[122.93511999400005,7.337536144000069],[122.93207501300003,7.343853614000068],[122.92037070000003,7.348366095000074],[122.9077681230001,7.340854445000048],[122.90117536500009,7.320809050000037],[122.89155394600004,7.315536193000071],[122.88147262000007,7.317341322000061],[122.86601980000012,7.311743774000036],[122.84682987800011,7.308370257000036],[122.83444442900009,7.28744273600006],[122.83910748000005,7.27844317000006],[122.8160544220001,7.28449140400005],[122.80528467900001,7.298111819000042],[122.80681027100002,7.314408624000066],[122.80219078100004,7.316513648000068],[122.80243336400008,7.331616347000022],[122.7883523160001,7.345234335000043],[122.7903065480001,7.368407264000041],[122.799238295,7.381180817000029],[122.79431957500003,7.391612682000073],[122.80672172900006,7.427714050000077],[122.82378609700004,7.438981393000063],[122.83730905800007,7.434452048000026],[122.85969734300011,7.412575563000075],[122.85963838600003,7.389141573000074],[122.87331184400011,7.37168583600004],[122.88573245900011,7.380599199000073],[122.88480895700002,7.397917978000066],[122.88924546200008,7.403844587000037],[122.88761321900006,7.427495305000036],[122.89848872400012,7.442824855000026]]],[[[123.086583,7.695965121000029],[123.08136214000001,7.683072976000062],[123.062402829,7.680626406000044],[123.06080864400008,7.662503746000027],[123.04381086600006,7.660636235000027],[123.0488687730001,7.639406876000066],[123.05685222900001,7.625697603000049],[123.05000676000009,7.620773636000024],[123.03076075600006,7.626963240000066],[123.028035541,7.614237235000076],[123.03540205200011,7.585277956000027],[123.02949270800002,7.575355412000022],[123.03353442700006,7.569535085000041],[123.02483230300004,7.558611089000067],[123.02624743100012,7.546457534000069],[123.0080411450001,7.526235002000021],[123.00199156300005,7.502273747000061],[123.00384117800002,7.480155804000049],[122.99233932600009,7.470806660000051],[122.98645902300007,7.459290599000042],[122.97417644200004,7.47796709000005],[122.9642248560001,7.485930887000052],[122.96031716900006,7.474074984000026],[122.94957269100007,7.480765297000062],[122.94272107800009,7.499419394000029],[122.93274110200002,7.504528524000023],[122.92864360900012,7.525645294000071],[122.92155038900012,7.535902183000076],[122.90478554300012,7.544203425000035],[122.88917524500005,7.53982882400004],[122.885371673,7.509102053000049],[122.86445691900008,7.503806515000065],[122.85670403000006,7.495881698000062],[122.87455558500005,7.483513931000061],[122.8775845880001,7.47070922000006],[122.87032191300011,7.46712186600007],[122.86424649700007,7.455719309000074],[122.8569326380001,7.456548328000054],[122.84881852700005,7.445699123000054],[122.82395310400011,7.443515037000054],[122.81494585900009,7.433799509000039],[122.81080420300009,7.445795195000073],[122.81772838000006,7.456491424000035],[122.81885968900008,7.478045760000043],[122.80660869300004,7.491013534000047],[122.79949023800009,7.489750642000047],[122.77957264200006,7.474023339000041],[122.78337285300006,7.496542008000063],[122.78130514000009,7.504971219000026],[122.79444923300002,7.52273976500004],[122.78809916000012,7.537415512000052],[122.79951601700009,7.544919253000046],[122.80823348100012,7.538328786000022],[122.80682124700002,7.525596879000034],[122.81668024400005,7.518544377000069],[122.82820899300009,7.521850500000028],[122.8270423460001,7.545122432000028],[122.82310648200007,7.560124263000034],[122.8127511890001,7.57322324200004],[122.81065317600007,7.581608656000071],[122.7889140200001,7.591418412000053],[122.79222113800006,7.596644298000058],[122.786926289,7.61518092700004],[122.79492769300009,7.636241536000057],[122.78254608300006,7.674695730000053],[122.79224222800008,7.697026147000031],[122.80173158700006,7.702875377000055],[122.79970480800012,7.726122357000065],[122.81159711700002,7.72813362100004],[122.80570434600008,7.739630385000055],[122.80937835100008,7.748713950000024],[122.78581349000001,7.762128483000026],[122.77975581500004,7.752955823000036],[122.75725913200006,7.754903348000028],[122.74973570200007,7.75063897900003],[122.74320482500002,7.760912138000037],[122.73057596700005,7.765644489000067],[122.724666855,7.780152230000056],[122.71639893600002,7.784366171000045],[122.67276364600002,7.778279583000028],[122.65969001700012,7.78464647900006],[122.64381407200005,7.777377495000053],[122.62313804500002,7.774277913000049],[122.61219757300012,7.759652285000072],[122.60219062600004,7.751798571000052],[122.59145659100011,7.751892480000038],[122.580062139,7.746354736000058],[122.56925975800004,7.746417005000069],[122.56334116100004,7.739857723000057],[122.54680582100002,7.734029548000024],[122.53556951100006,7.717478911000057],[122.5250523840001,7.692904979000048],[122.51137234200007,7.693210434000036],[122.50154373700002,7.667504816000076],[122.49278931800006,7.656417516000033],[122.4825012980001,7.652618869000037],[122.4736173010001,7.631656308000061],[122.47344460000011,7.621122846000048],[122.45863490700003,7.610747824000043],[122.4456173860001,7.606983229000036],[122.44533423000007,7.594961751000028],[122.4313292710001,7.583702210000069],[122.43672323400006,7.569179658000053],[122.46074853000005,7.568597097000065],[122.469212061,7.578167034000046],[122.48210958000004,7.569774453000036],[122.50647898400007,7.578297099000054],[122.49225704800006,7.55536993000004],[122.48450307200005,7.536724613000047],[122.46032249400002,7.515093308000075],[122.44798802600008,7.511357808000071],[122.45950349800012,7.534280767000041],[122.45262400400009,7.536793816000056],[122.44967477500006,7.548012597000024],[122.4391512520001,7.545446449000053],[122.448568926,7.534347996000065],[122.42386623300001,7.512527295000041],[122.41780117300004,7.503493947000038],[122.39952697700005,7.49875109200002],[122.39570815000002,7.48961240400007],[122.386352181,7.491352138000025],[122.37546140500001,7.484420974000045],[122.37102485500009,7.474179147000029],[122.36172117000001,7.474888942000064],[122.35241963500005,7.457650735000072],[122.34115385300004,7.465257314000041],[122.31004290900012,7.474818934000041],[122.29741300600006,7.488947299000074],[122.28827951800008,7.513065417000064],[122.27436521900006,7.507785119000062],[122.27115422700001,7.499864672000058],[122.25943144200005,7.504945442000064],[122.28996409100012,7.568382984000039],[122.30660563900005,7.600986349000038],[122.33104525800002,7.683258695000063],[122.34446508500002,7.695724514000062],[122.34612718900007,7.724802668000052],[122.36312939200002,7.753678413000046],[122.41029707100006,7.768642983000063],[122.37457622500006,7.804584514000055],[122.400082827,7.855516670000043],[122.40545792300009,7.869266685000071],[122.44430973400006,7.872515661000023],[122.4425802510001,7.856635998000058],[122.46984682900006,7.856663172000026],[122.47569574400006,7.858695506000061],[122.48123898800009,7.883948610000061],[122.50853790600002,7.890928188000032],[122.52864874900001,7.887280793000059],[122.55718051000008,7.893704899000056],[122.57930727700011,7.928364448000025],[122.598992468,7.919067723000069],[122.60602086500012,7.921113086000048],[122.62137824000001,7.933525176000046],[122.62915111500001,7.934350902000062],[122.6496469010001,7.913756275000026],[122.64884751200009,7.901073291000046],[122.65848457900006,7.901622032000034],[122.68115488900003,7.886663368000029],[122.70089395500008,7.895603638000068],[122.7218198280001,7.894265104000056],[122.72960358400007,7.91391728900004],[122.7310484730001,7.926819426000066],[122.74246835500003,7.938950943000066],[122.74526241900003,7.951711293000074],[122.823253238,7.952614371000038],[122.8616971570001,7.942091],[122.91959093000003,7.937764762000029],[122.9202115920001,7.921681062000062],[122.91294454500007,7.880686143000048],[122.93544048000001,7.872055601000056],[122.95636298900001,7.868233789000044],[122.97414404000006,7.84888950800007],[122.9854764160001,7.845067276000066],[122.98539808600003,7.824520555000049],[123.00281667900003,7.818741371000044],[123.00505806900003,7.812003448000041],[123.01709007600004,7.811577171000067],[123.02041124100003,7.819709899000031],[123.04856894700004,7.819581332000041],[123.05899591700006,7.808214593000059],[123.07890083200004,7.820735923000029],[123.09318624000002,7.814199836000057],[123.0992377440001,7.794769691000056],[123.10692375700012,7.784130683000058],[123.08766077300004,7.764596037000047],[123.08568820200003,7.740078737000033],[123.0891792430001,7.725688812000044],[123.08431667000002,7.711909924000054],[123.086583,7.695965121000029]]]]}},{"type":"Feature","properties":{"name":"Zamboanga del Norte","psgc":"097200000","island_group":"mindanao"},"geometry":{"type":"Polygon","coordinates":[[[123.55870746500011,8.270481135000068],[123.539382971,8.264473919000068],[123.51228994600001,8.259952988000066],[123.50105105000011,8.262319043000048],[123.47798319300011,8.258342397000035],[123.45492453000008,8.24877591400002],[123.44501811000009,8.233949711000037],[123.43524109600003,8.236733050000055],[123.42185322400007,8.23271978400004],[123.41316768900003,8.235897236000028],[123.40222656300011,8.230011],[123.38109045300007,8.224666884000044],[123.34830849000002,8.222335165000061],[123.33024428200008,8.230701519000036],[123.32154367700002,8.23919130400003],[123.30632557700005,8.235138896000024],[123.25762549700005,8.238274949000072],[123.24270495200005,8.261733359000061],[123.22968181100009,8.258178200000032],[123.23232027000006,8.245421945000032],[123.22031974600009,8.241586507000022],[123.21541557900002,8.187020706000055],[123.2072627440001,8.176462908000076],[123.1924545380001,8.175150099000064],[123.19201243100008,8.144058338000036],[123.16129314300008,8.111359965000076],[123.1733627430001,8.097194948000038],[123.18021323500011,8.08256080700005],[123.17091574800008,8.076287079000053],[123.15319331100011,8.054876051000065],[123.16323622000004,8.049709409000059],[123.1841873620001,8.04968802600007],[123.17302855500009,8.013203840000074],[123.16045180600008,8.003078705000064],[123.15320972800009,8.004977114000042],[123.08061614500002,7.99224134800005],[123.03161789900003,7.962553590000027],[123.00295275100007,7.946688159000075],[122.98910098500005,7.936725960000047],[122.97527728500006,7.91896037600003],[122.9202115920001,7.921681062000062],[122.91959093000003,7.937764762000029],[122.8616971570001,7.942091],[122.823253238,7.952614371000038],[122.74526241900003,7.951711293000074],[122.74246835500003,7.938950943000066],[122.7310484730001,7.926819426000066],[122.72960358400007,7.91391728900004],[122.7218198280001,7.894265104000056],[122.70089395500008,7.895603638000068],[122.68115488900003,7.886663368000029],[122.65848457900006,7.901622032000034],[122.64884751200009,7.901073291000046],[122.6496469010001,7.913756275000026],[122.62915111500001,7.934350902000062],[122.62137824000001,7.933525176000046],[122.60602086500012,7.921113086000048],[122.598992468,7.919067723000069],[122.57930727700011,7.928364448000025],[122.55718051000008,7.893704899000056],[122.52864874900001,7.887280793000059],[122.50853790600002,7.890928188000032],[122.48123898800009,7.883948610000061],[122.47569574400006,7.858695506000061],[122.46984682900006,7.856663172000026],[122.4425802510001,7.856635998000058],[122.44430973400006,7.872515661000023],[122.40545792300009,7.869266685000071],[122.400082827,7.855516670000043],[122.37457622500006,7.804584514000055],[122.41029707100006,7.768642983000063],[122.36312939200002,7.753678413000046],[122.34612718900007,7.724802668000052],[122.34446508500002,7.695724514000062],[122.33104525800002,7.683258695000063],[122.30660563900005,7.600986349000038],[122.28996409100012,7.568382984000039],[122.25943144200005,7.504945442000064],[122.27115422700001,7.499864672000058],[122.25609656300003,7.484447055000032],[122.23725267200007,7.477232975000049],[122.22642173100007,7.453312805000053],[122.2171557480001,7.443884250000053],[122.18876384700002,7.430569428000069],[122.17916934100003,7.415296543000068],[122.17486160500005,7.391799798000022],[122.16058501700002,7.366221793000022],[122.15990795200003,7.345544288000042],[122.18084260100011,7.281842348000055],[122.17397410700005,7.267030959000067],[122.16104210700007,7.261429623000026],[122.14643304800006,7.266338267000037],[122.14195293600005,7.255936617000032],[122.14592660100004,7.241872963000048],[122.13640758300005,7.219264487000032],[122.09495750400004,7.181303358000036],[122.09482637500003,7.164541586000041],[122.0763888890001,7.149999999000045],[122.02562847100012,7.151202745000035],[121.9473505310001,7.150126059000058],[121.92089211700011,7.140383569000051],[121.90969927800006,7.153749580000067],[121.91415947200005,7.169883550000065],[121.92316112800006,7.188332252000066],[121.94265935300007,7.213762794000047],[121.9610313070001,7.227450286000021],[121.96255938500008,7.235350587000028],[121.97209422800006,7.246874],[121.99085431500009,7.258208171000035],[122.0066516490001,7.261072300000023],[122.0129581440001,7.267740110000034],[122.01225508400012,7.278406711000059],[122.06001641500006,7.287713665000069],[122.06438307400003,7.297149649000062],[122.06402666800011,7.314883957000063],[122.05178300800003,7.314648889000068],[122.03676926800006,7.327557870000021],[122.03121319000002,7.358093754000038],[122.0481476440001,7.371325984000066],[122.0439649870001,7.380804251000029],[122.05588487900002,7.397334934000071],[122.05922857400003,7.410683138000024],[122.06023136800002,7.435470071000054],[122.05500570600009,7.446232561000045],[122.06260667700008,7.452572745000055],[122.06940261800003,7.466671557000041],[122.07528080100008,7.488954669000066],[122.09042286800002,7.496462275000056],[122.07171195800004,7.513616349000074],[122.07350287700001,7.521957721000035],[122.08461263600009,7.526920140000072],[122.09294376800005,7.521427718000041],[122.1052813660001,7.528536169000063],[122.10228763600003,7.535313085000041],[122.11283999800003,7.542400153000074],[122.11332585500008,7.551286239000035],[122.12790213400001,7.555086875000029],[122.13988460600001,7.563155449000021],[122.14301116700005,7.574091286000055],[122.135971691,7.589126712000052],[122.12954458200011,7.591224634000071],[122.1212744930001,7.582568515000048],[122.10550927600002,7.596114469000042],[122.10976152700005,7.605865487000074],[122.1217072720001,7.610643343000049],[122.12451638900006,7.628927217000069],[122.13544764200003,7.643957341000032],[122.13367472100003,7.674594876000072],[122.12488273100007,7.690451393000046],[122.11659444100007,7.722536439000066],[122.106617733,7.730201077000061],[122.09846280500005,7.725095987000032],[122.0890612180001,7.743519110000022],[122.09939319800003,7.749557863000064],[122.10037429400006,7.760012969000059],[122.12419862100012,7.755573532000028],[122.10872127000005,7.772956223000051],[122.12003324600005,7.776898115000051],[122.12497103900012,7.788564303000044],[122.12290764800002,7.796914986000047],[122.14294030300005,7.80808048800003],[122.14453148000007,7.827542267000069],[122.15811562800002,7.848032785000044],[122.16027332400006,7.858164595000062],[122.17084760300008,7.868975287000069],[122.18962539800009,7.874692181000057],[122.20482238800003,7.884235237000041],[122.22593046700001,7.907280179000054],[122.2327126880001,7.926188113000023],[122.23173555100004,7.938298575000033],[122.22416962600005,7.945175615000039],[122.22571898400008,7.959679701000027],[122.24371591800002,7.970442860000048],[122.25461274100007,7.985783855000022],[122.26853357100003,7.997790891000022],[122.28867870400006,8.004695522000077],[122.29374783300011,8.012566667000044],[122.32001875300011,8.019091809000031],[122.33097826200003,8.027368113000023],[122.35889202300007,8.04273471600004],[122.40120463800008,8.047935682000059],[122.46485531000008,8.07289565000002],[122.47946847300011,8.072306139000034],[122.49791800600008,8.06604356400004],[122.51080123400004,8.065360762000068],[122.52187375900007,8.075742022000043],[122.54440056400006,8.074551343000053],[122.55527963600002,8.07903701500004],[122.56658330200003,8.077879935000055],[122.58969285800003,8.086519618000068],[122.59414225300009,8.09905324500005],[122.6151810020001,8.103763043000072],[122.62953613600007,8.113503538000032],[122.637822389,8.134074507000037],[122.65266544400004,8.14538966200007],[122.66294684800005,8.162218669000026],[122.67474939600004,8.156222092000064],[122.6732915120001,8.141269297000065],[122.68557952000003,8.121206762000043],[122.70440404200008,8.114602400000024],[122.73151573200005,8.111784717000035],[122.7591028280001,8.113451510000061],[122.80708053400008,8.119366343000024],[122.82823437200011,8.124877861000073],[122.85074354500011,8.13576820700007],[122.8619657160001,8.146763588000056],[122.86648613300008,8.141446274000032],[122.88786101800008,8.14519890500003],[122.90810793500009,8.144221643000037],[122.9440998980001,8.169314217000021],[122.9543289080001,8.182177181000043],[122.97791281900004,8.198373200000049],[122.98964910300003,8.20158273100003],[122.99578181600009,8.214374975000055],[122.99439942700008,8.250577006000071],[122.98335435100012,8.253248666000047],[122.96594936000008,8.265261580000072],[122.94810484100003,8.281644558000039],[122.94651458300007,8.29115532000003],[122.93714341500004,8.306926471000054],[122.94375613600005,8.315194104000057],[122.96055673900003,8.314776087000041],[122.9748031690001,8.319066128000031],[122.98327860600011,8.328350083000032],[122.9899145390001,8.349981633000027],[122.98749971100005,8.363520686000072],[122.98001341100007,8.379900238000062],[122.97800210000003,8.400352689000044],[122.98499795900011,8.418842444000063],[123.00494681600003,8.424996247000024],[123.0196886980001,8.44772208300003],[123.02265714700002,8.472351950000075],[123.03091805200006,8.489637798000047],[123.04061490300012,8.490856033000057],[123.0598605990001,8.513994870000033],[123.1098406540001,8.52144259000005],[123.1449788110001,8.524608734000026],[123.18394051100006,8.533029159000023],[123.19886399200004,8.532202203000054],[123.23260916200002,8.521384288000036],[123.24799674100007,8.520468985000036],[123.25731983600008,8.514424078000047],[123.27639387900001,8.512255602000039],[123.2912791650001,8.515409877000025],[123.30241664900007,8.521919928000045],[123.3240350850001,8.54997744800005],[123.33433728000011,8.574662352000075],[123.33717708900008,8.593169455000066],[123.348764662,8.625927876000048],[123.35660925400009,8.637985853000032],[123.37160966600004,8.641172427000072],[123.39291763500012,8.62683107600003],[123.40312307300007,8.63232067000007],[123.4156308150001,8.646559431000071],[123.42016298900012,8.663371614000027],[123.41090355100005,8.672667653000076],[123.3975012190001,8.676187827000035],[123.40549569200004,8.695713405000049],[123.39813818100004,8.700800400000048],[123.38083719200006,8.704760972000031],[123.3804498940001,8.726269006000052],[123.38943492300007,8.727534594000076],[123.43597002600006,8.715712408000059],[123.45319420600003,8.69276715500007],[123.46667143000002,8.688674526000057],[123.47469751300002,8.681471755000075],[123.4828324660001,8.686294017000023],[123.4929015460001,8.699365472000068],[123.50147061000007,8.69921941900003],[123.50656632900007,8.680209037000054],[123.49297860800004,8.669378688000052],[123.48810205600012,8.660841376000064],[123.48965376700005,8.640590786000075],[123.51329023800008,8.621413087000064],[123.5272141270001,8.629531762000056],[123.54418510200003,8.625748065000039],[123.55382672300004,8.616682562000051],[123.55419153800005,8.567372698000042],[123.55669766900007,8.501533074000065],[123.5595297530001,8.479864054000075],[123.56012617200008,8.38488652600006],[123.56107968000003,8.345355826000059],[123.5665683090001,8.315118446000042],[123.55831622200003,8.294802987000025],[123.55870746500011,8.270481135000068]]]}},{"type":"Feature","properties":{"name":"Zamboanga del Sur","psgc":"097300000","island_group":"mindanao"},"geometry":{"type":"MultiPolygon","coordinates":[[[[122.05710077300012,6.872738853000044],[122.06500043900007,6.871668211000042],[122.07216771600008,6.861215677000075],[122.05972368400012,6.858323447000032],[122.05234543000006,6.866933869000036],[122.05710077300012,6.872738853000044]]],[[[122.27962427900002,6.893523071000061],[122.28899808200003,6.889694784000028],[122.29316892100007,6.874461196000027],[122.2894983110001,6.870983538000075],[122.27341224300005,6.882583110000041],[122.27962427900002,6.893523071000061]]],[[[122.27244269700009,6.999375243000031],[122.28039244100012,6.988539493000076],[122.28384724600005,6.974771445000044],[122.27424543500001,6.95954123100006],[122.26547297400009,6.95348731200005],[122.243128092,6.95375421500006],[122.2205880250001,6.938190527000074],[122.20786887400004,6.937402532000021],[122.20606464900004,6.926765286000034],[122.1951680620001,6.931036562000031],[122.20239033500002,6.941481818000057],[122.19836530600003,6.952135565000049],[122.20955865000008,6.956011033000038],[122.20875873000011,6.97195006100003],[122.21534306300009,6.981043310000075],[122.22895355300011,6.991334454000025],[122.24509637300002,6.99207063700004],[122.27244269700009,6.999375243000031]]],[[[121.90969927800006,7.153749580000067],[121.92089211700011,7.140383569000051],[121.9473505310001,7.150126059000058],[122.02562847100012,7.151202745000035],[122.0763888890001,7.149999999000045],[122.09482637500003,7.164541586000041],[122.09495750400004,7.181303358000036],[122.13640758300005,7.219264487000032],[122.14592660100004,7.241872963000048],[122.14195293600005,7.255936617000032],[122.14643304800006,7.266338267000037],[122.16104210700007,7.261429623000026],[122.17397410700005,7.267030959000067],[122.18084260100011,7.281842348000055],[122.15990795200003,7.345544288000042],[122.16058501700002,7.366221793000022],[122.17486160500005,7.391799798000022],[122.17916934100003,7.415296543000068],[122.18876384700002,7.430569428000069],[122.2171557480001,7.443884250000053],[122.22642173100007,7.453312805000053],[122.23725267200007,7.477232975000049],[122.25609656300003,7.484447055000032],[122.27115422700001,7.499864672000058],[122.27436521900006,7.507785119000062],[122.28827951800008,7.513065417000064],[122.29741300600006,7.488947299000074],[122.31004290900012,7.474818934000041],[122.34115385300004,7.465257314000041],[122.35241963500005,7.457650735000072],[122.3461001070001,7.44217842200004],[122.34485453100001,7.424845796000056],[122.35371920500006,7.413055827000051],[122.35591045900003,7.401261304000059],[122.3742975560001,7.391795569000067],[122.38722300100005,7.393932977000077],[122.39126354700011,7.386472234000053],[122.37931468700003,7.371793282000056],[122.37265870200008,7.34774370100007],[122.36374550200003,7.34238390400003],[122.35670157400011,7.330203725000047],[122.34412297600011,7.317822275000026],[122.3301053240001,7.309727237000061],[122.32750109200003,7.316756793000025],[122.313668387,7.32277483200005],[122.30399577600008,7.336059379000062],[122.29356494500007,7.325075225000035],[122.29007739100007,7.310188960000062],[122.29030020700009,7.279048330000023],[122.2802674730001,7.265460228000052],[122.2778283990001,7.231640886000037],[122.26798332200008,7.222302361000061],[122.26217729100006,7.203730417000031],[122.24789212700011,7.187673632000042],[122.26014947300007,7.159403820000023],[122.25775033800005,7.148285411000074],[122.24460749500008,7.136625843000047],[122.25348429700011,7.132005229000072],[122.25873318000004,7.121029703000033],[122.25172516200007,7.105551122000065],[122.240976767,7.097824357000036],[122.23427690800008,7.083366772000034],[122.2268772750001,7.086194043000035],[122.20586940400005,7.070010911000054],[122.2125750890001,7.057919481000056],[122.202971853,7.037438559000066],[122.20484039000007,7.026651025000035],[122.19206739900005,7.003270898000039],[122.18434032700009,6.973386310000024],[122.1839792500001,6.95100508400003],[122.16229486800012,6.932339161000073],[122.15922114900002,6.916042091000065],[122.15021286900003,6.906473965000032],[122.11284617900003,6.889040597000076],[122.0746286860001,6.901618461000055],[122.06024299700005,6.911393267000051],[122.053891582,6.910324604000039],[122.02586196100003,6.91993543600006],[121.99068119600008,6.939590555000052],[121.9776789760001,6.952209525000058],[121.97111872700009,6.95428369800004],[121.9601695240001,6.948524587000065],[121.94823761000009,6.955820808000055],[121.93425103600009,6.971056228000066],[121.92320427600009,6.988410138000063],[121.91896925500009,7.017551584000046],[121.91263483600005,7.031113730000072],[121.90432463800005,7.063490094000031],[121.89753540000004,7.078916460000073],[121.9014226050001,7.103977924000048],[121.89804595200007,7.110897376000025],[121.90356947700002,7.123772584000051],[121.901600056,7.144346197000061],[121.90969927800006,7.153749580000067]]],[[[123.55870746500011,8.270481135000068],[123.55764576900003,8.227687116000027],[123.55807546900007,8.180193381000038],[123.562114887,8.080917875000068],[123.55954068800008,8.053254052000057],[123.56117891300005,8.02504065200003],[123.58008636800002,8.027296160000049],[123.60114335100002,8.026000753000062],[123.6165929550001,8.033723301000066],[123.627165407,8.028478054000061],[123.63583,8.01389000100005],[123.64278,8.008610001000022],[123.64940777600009,8.019597698000041],[123.66079608100006,8.00298525200003],[123.66008030500006,7.99605772700005],[123.64436468300005,7.99171923800003],[123.64015587900008,7.966418935000036],[123.64985195300005,7.959801629000026],[123.64034247000006,7.946224563000044],[123.6350335190001,7.93272192400002],[123.66354640300005,7.922497570000075],[123.65769276200001,7.898696604000065],[123.66543018100003,7.891538716000071],[123.65928514200004,7.877206733000037],[123.64884718100006,7.877529908000042],[123.6336593740001,7.868724675000067],[123.63238119200003,7.856142835000071],[123.62337728000011,7.846939848000034],[123.62413370100012,7.830433768000034],[123.61748561000002,7.827769423000063],[123.6086847250001,7.835866423000027],[123.598045995,7.833239233000029],[123.5731412020001,7.851425033000055],[123.54387959400003,7.847832499000049],[123.52863060600009,7.836623006000025],[123.50017014500008,7.830249886000047],[123.48490163500003,7.819605137000053],[123.47217092500011,7.819604132000052],[123.46045780500003,7.811934227000052],[123.44598503100008,7.819610760000046],[123.42694127200002,7.816595721000056],[123.42593931700003,7.801207742000031],[123.430526127,7.793440749000069],[123.43000501800009,7.781251350000048],[123.41990379200001,7.771717458000069],[123.42695465300005,7.763972937000062],[123.44369608400007,7.760769821000054],[123.4410476380001,7.750728164000066],[123.45844052400003,7.743523337000056],[123.47176936200003,7.742995278000024],[123.4826251290001,7.72738769800003],[123.47670427900005,7.719606356000043],[123.48201676200006,7.712655740000059],[123.47650146100011,7.704089196000041],[123.48193741900002,7.694238200000029],[123.48223362600004,7.681703740000046],[123.4753515760001,7.676918365000063],[123.47605176500008,7.667475873000058],[123.4649848250001,7.649614554000038],[123.46311533800008,7.633179416000075],[123.44262275000006,7.623464636000051],[123.43583871500005,7.624215144000061],[123.42291609900008,7.614669718000073],[123.41704653400006,7.617912930000045],[123.3826684170001,7.602166640000064],[123.38368021100007,7.590162630000066],[123.3918070850001,7.586002133000022],[123.38931062800009,7.576486909000039],[123.39420482800006,7.566843280000057],[123.38788258300008,7.555780536000043],[123.37095872700002,7.57477650800007],[123.35586989800004,7.579746708000073],[123.3484636290001,7.572117719000062],[123.33855214400012,7.570444363000036],[123.33760487400002,7.548460521000038],[123.36389535900003,7.537146871000061],[123.36986384800002,7.538840894000032],[123.38274086000001,7.528205049000064],[123.3802627980001,7.49231773200006],[123.39548055300008,7.46914569300003],[123.40498665700011,7.460403714000051],[123.41246096000009,7.467295762000049],[123.42564379700002,7.455699275000029],[123.43581535100009,7.452984853000032],[123.44987786400009,7.434792861000062],[123.43951559000004,7.421536361000051],[123.4478835110001,7.386907283000028],[123.45331330700003,7.375660854000046],[123.44789991200003,7.36924252600005],[123.42473458100005,7.374077338000063],[123.42092530700006,7.362092819000054],[123.40570730200011,7.357656295000027],[123.38922858300009,7.373729143000048],[123.38132754700007,7.377220758000021],[123.38095136000004,7.392711901000041],[123.37526330500009,7.399249164000025],[123.33434804500007,7.412923689000024],[123.32429681800011,7.423744906000024],[123.32217642300009,7.441924767000046],[123.3158176720001,7.448449663000076],[123.28522735400009,7.467040986000029],[123.28218861200003,7.474109135000049],[123.29144729900008,7.489810586000033],[123.2900353120001,7.509553028000028],[123.30705558400007,7.523413710000057],[123.30035634300009,7.531862979000039],[123.28003624300004,7.530579971000066],[123.26220885100008,7.53308105900004],[123.24253575000012,7.529589943000076],[123.22737720000009,7.53771921200007],[123.21673571500003,7.526115789000073],[123.18215255000007,7.50508637400003],[123.19828647000008,7.48456727100006],[123.18939206100004,7.481266491000042],[123.18411915800004,7.469282515000032],[123.17422794200002,7.466132781000056],[123.16620190100002,7.470526157000052],[123.16193884000006,7.481675628000062],[123.16152631600005,7.497047913000074],[123.13918985700002,7.499435110000036],[123.11587199100006,7.513951185000053],[123.1131762440001,7.52912543900004],[123.10216424300006,7.537977389000048],[123.10704564600007,7.547502703000021],[123.10230872400007,7.557042538000076],[123.13136898800008,7.569564189000062],[123.1202428680001,7.589529729000049],[123.10299116100009,7.598664558000053],[123.1017183670001,7.604546744000061],[123.12252512000009,7.604092513000069],[123.1328163290001,7.594746093000026],[123.1312341360001,7.580284819000042],[123.14709824200008,7.576678666000021],[123.1614861380001,7.582300072000066],[123.17363549600009,7.574349995000034],[123.18506366600002,7.584158624000054],[123.19579495000005,7.588570978000064],[123.18991164900001,7.61149376700007],[123.181988552,7.614342713000042],[123.17458754200004,7.634900037000023],[123.1564222610001,7.640281901000037],[123.15347022900005,7.646437113000047],[123.13872198400009,7.650061193000056],[123.12822303400003,7.660438915000043],[123.12679970800002,7.673330365000027],[123.14565561800009,7.687915030000056],[123.14291461800008,7.700968686000067],[123.13110084800007,7.714348056000063],[123.11763923400008,7.722232849000022],[123.11010627400003,7.717790370000046],[123.10251995400006,7.703070255000057],[123.09721826300006,7.70558746200004],[123.086583,7.695965121000029],[123.08431667000002,7.711909924000054],[123.0891792430001,7.725688812000044],[123.08568820200003,7.740078737000033],[123.08766077300004,7.764596037000047],[123.10692375700012,7.784130683000058],[123.0992377440001,7.794769691000056],[123.09318624000002,7.814199836000057],[123.07890083200004,7.820735923000029],[123.05899591700006,7.808214593000059],[123.04856894700004,7.819581332000041],[123.02041124100003,7.819709899000031],[123.01709007600004,7.811577171000067],[123.00505806900003,7.812003448000041],[123.00281667900003,7.818741371000044],[122.98539808600003,7.824520555000049],[122.9854764160001,7.845067276000066],[122.97414404000006,7.84888950800007],[122.95636298900001,7.868233789000044],[122.93544048000001,7.872055601000056],[122.91294454500007,7.880686143000048],[122.9202115920001,7.921681062000062],[122.97527728500006,7.91896037600003],[122.98910098500005,7.936725960000047],[123.00295275100007,7.946688159000075],[123.03161789900003,7.962553590000027],[123.08061614500002,7.99224134800005],[123.15320972800009,8.004977114000042],[123.16045180600008,8.003078705000064],[123.17302855500009,8.013203840000074],[123.1841873620001,8.04968802600007],[123.16323622000004,8.049709409000059],[123.15319331100011,8.054876051000065],[123.17091574800008,8.076287079000053],[123.18021323500011,8.08256080700005],[123.1733627430001,8.097194948000038],[123.16129314300008,8.111359965000076],[123.19201243100008,8.144058338000036],[123.1924545380001,8.175150099000064],[123.2072627440001,8.176462908000076],[123.21541557900002,8.187020706000055],[123.22031974600009,8.241586507000022],[123.23232027000006,8.245421945000032],[123.22968181100009,8.258178200000032],[123.24270495200005,8.261733359000061],[123.25762549700005,8.238274949000072],[123.30632557700005,8.235138896000024],[123.32154367700002,8.23919130400003],[123.33024428200008,8.230701519000036],[123.34830849000002,8.222335165000061],[123.38109045300007,8.224666884000044],[123.40222656300011,8.230011],[123.41316768900003,8.235897236000028],[123.42185322400007,8.23271978400004],[123.43524109600003,8.236733050000055],[123.44501811000009,8.233949711000037],[123.45492453000008,8.24877591400002],[123.47798319300011,8.258342397000035],[123.50105105000011,8.262319043000048],[123.51228994600001,8.259952988000066],[123.539382971,8.264473919000068],[123.55870746500011,8.270481135000068]]]]}}],"_meta":{"source":"faeldon/philippines-json-maps 2019 ADM2 lowres","units":82,"dissolved":"NCR 4 districts -> 1; HUCs already in parent geometry","missing_units":[],"unmatched_source_features":[],"historical_geometry_version":"2019-adm2-pre-2022-maguindanao","analysis_geography_version":"dataviz-ph-81-provinces-plus-virtual-ncr-v1"}}